customer_id,gender,age_group,join_date,city
CUST00001,Laki-laki,18-25,2025-10-26,Bandar Lampung
CUST00002,Perempuan,26-35,2026-01-13,Kota Administrasi Jakarta Barat
CUST00003,Laki-laki,26-35,2024-12-07,Ternate
CUST00004,Laki-laki,18-25,2024-09-04,Semarang
CUST00005,Perempuan,18-25,2025-05-10,Bandar Lampung
CUST00006,Laki-laki,18-25,2024-08-28,Kediri
CUST00007,Laki-laki,26-35,2025-07-14,Sabang
CUST00008,Laki-laki,26-35,2024-11-18,Jayapura
CUST00009,Perempuan,26-35,2025-05-31,Ambon
CUST00010,Perempuan,36-45,2026-01-27,Tanjungpinang
CUST00011,Laki-laki,26-35,2025-05-11,Kota Administrasi Jakarta Utara
CUST00012,Perempuan,36-45,2024-10-15,Tual
CUST00013,Perempuan,26-35,2025-03-05,Bekasi
CUST00014,Laki-laki,36-45,2025-04-08,Manado
CUST00015,Laki-laki,18-25,2026-04-06,Sibolga
CUST00016,Perempuan,18-25,2025-01-08,Tegal
CUST00017,Perempuan,36-45,2025-06-08,Metro
CUST00018,Perempuan,18-25,2024-08-17,Sorong
CUST00019,Perempuan,18-25,2025-10-10,Samarinda
CUST00020,Perempuan,18-25,2024-11-13,Banjar
CUST00021,Perempuan,36-45,2025-11-12,Yogyakarta
CUST00022,Laki-laki,18-25,2025-01-27,Kediri
CUST00023,Laki-laki,26-35,2026-04-21,Metro
CUST00024,Perempuan,18-25,2025-01-18,Subulussalam
CUST00025,Laki-laki,18-25,2026-03-26,Cilegon
CUST00026,Perempuan,36-45,2025-03-31,Gorontalo
CUST00027,Perempuan,36-45,2025-11-19,Tanjungpinang
CUST00028,Laki-laki,36-45,2026-06-14,Sibolga
CUST00029,Perempuan,26-35,2025-10-23,Prabumulih
CUST00030,Perempuan,18-25,2026-01-04,Cilegon
CUST00031,Laki-laki,26-35,2025-06-11,Kota Administrasi Jakarta Timur
CUST00032,Laki-laki,46+,2026-06-05,Tangerang Selatan
CUST00033,Perempuan,36-45,2025-02-23,Kediri
CUST00034,Laki-laki,36-45,2026-03-17,Lubuklinggau
CUST00035,Laki-laki,26-35,2025-04-24,Batam
CUST00036,Laki-laki,36-45,2024-11-27,Jambi
CUST00037,Perempuan,36-45,2025-11-08,Mojokerto
CUST00038,Laki-laki,26-35,2026-05-05,Bontang
CUST00039,Perempuan,26-35,2025-01-08,Kota Administrasi Jakarta Barat
CUST00040,Perempuan,46+,2026-01-16,Tidore Kepulauan
CUST00041,Perempuan,26-35,2025-09-14,Sawahlunto
CUST00042,Perempuan,26-35,2025-04-23,Jayapura
CUST00043,Laki-laki,36-45,2024-10-02,Bekasi
CUST00044,Perempuan,46+,2026-01-25,Binjai
CUST00045,Perempuan,26-35,2024-10-13,Tangerang Selatan
CUST00046,Laki-laki,46+,2025-05-10,Meulaboh
CUST00047,Laki-laki,18-25,2025-04-09,Pontianak
CUST00048,Laki-laki,26-35,2024-12-29,Tangerang Selatan
CUST00049,Laki-laki,46+,2025-12-28,Tangerang Selatan
CUST00050,Laki-laki,46+,2026-05-05,Yogyakarta
CUST00051,Perempuan,46+,2025-10-27,Binjai
CUST00052,Perempuan,18-25,2025-01-30,Cilegon
CUST00053,Laki-laki,36-45,2025-06-04,Tebingtinggi
CUST00054,Perempuan,18-25,2026-04-28,Pekalongan
CUST00055,Perempuan,46+,2026-01-29,Pekalongan
CUST00056,Laki-laki,46+,2026-05-26,Sorong
CUST00057,Laki-laki,36-45,2025-02-03,Bukittinggi
CUST00058,Laki-laki,18-25,2025-04-03,Probolinggo
CUST00059,Perempuan,26-35,2026-02-11,Serang
CUST00060,Laki-laki,36-45,2025-02-23,Banda Aceh
CUST00061,Laki-laki,18-25,2024-09-11,Lhokseumawe
CUST00062,Perempuan,46+,2024-12-19,Kendari
CUST00063,Laki-laki,18-25,2026-04-29,Bau-Bau
CUST00064,Perempuan,36-45,2026-01-06,Batam
CUST00065,Laki-laki,18-25,2026-01-28,Blitar
CUST00066,Laki-laki,18-25,2025-11-11,Purwokerto
CUST00067,Laki-laki,46+,2024-10-23,Pontianak
CUST00068,Laki-laki,26-35,2026-04-25,Jambi
CUST00069,Laki-laki,46+,2026-06-08,Tasikmalaya
CUST00070,Laki-laki,36-45,2025-02-14,Surakarta
CUST00071,Perempuan,26-35,2025-11-03,Palembang
CUST00072,Laki-laki,36-45,2026-05-16,Bitung
CUST00073,Perempuan,36-45,2024-12-26,Batam
CUST00074,Perempuan,46+,2025-03-06,Semarang
CUST00075,Laki-laki,26-35,2025-08-21,Semarang
CUST00076,Laki-laki,18-25,2024-12-05,Batu
CUST00077,Perempuan,18-25,2025-12-18,Kediri
CUST00078,Laki-laki,26-35,2024-08-08,Magelang
CUST00079,Laki-laki,18-25,2024-08-11,Kota Administrasi Jakarta Utara
CUST00080,Laki-laki,26-35,2025-11-18,Jambi
CUST00081,Laki-laki,18-25,2025-08-09,Tebingtinggi
CUST00082,Perempuan,18-25,2026-06-13,Kota Administrasi Jakarta Barat
CUST00083,Laki-laki,36-45,2026-02-16,Padang Sidempuan
CUST00084,Perempuan,26-35,2024-11-11,Bengkulu
CUST00085,Laki-laki,46+,2025-11-10,Manado
CUST00086,Laki-laki,46+,2025-05-12,Pangkalpinang
CUST00087,Perempuan,26-35,2026-04-18,Tangerang
CUST00088,Laki-laki,18-25,2025-11-06,Banjarmasin
CUST00089,Perempuan,36-45,2025-04-25,Bima
CUST00090,Perempuan,46+,2024-12-27,Depok
CUST00091,Perempuan,18-25,2025-08-07,Bogor
CUST00092,Laki-laki,18-25,2025-05-10,Kota Administrasi Jakarta Utara
CUST00093,Perempuan,36-45,2025-06-11,Batu
CUST00094,Laki-laki,26-35,2025-05-27,Banjarbaru
CUST00095,Laki-laki,26-35,2025-11-05,Bekasi
CUST00096,Perempuan,26-35,2026-06-06,Cimahi
CUST00097,Perempuan,26-35,2025-04-28,Pariaman
CUST00098,Perempuan,46+,2024-11-30,Banjarmasin
CUST00099,Laki-laki,18-25,2024-10-22,Ambon
CUST00100,Perempuan,18-25,2025-04-16,Palu
CUST00101,Laki-laki,18-25,2025-01-24,Tanjungpinang
CUST00102,Laki-laki,26-35,2026-01-05,Bukittinggi
CUST00103,Laki-laki,46+,2024-11-11,Jambi
CUST00104,Perempuan,46+,2024-08-01,Tidore Kepulauan
CUST00105,Laki-laki,46+,2025-02-15,Banjarbaru
CUST00106,Laki-laki,26-35,2025-09-13,Pekalongan
CUST00107,Perempuan,18-25,2026-06-01,Banjarmasin
CUST00108,Perempuan,36-45,2025-07-16,Denpasar
CUST00109,Perempuan,36-45,2024-08-09,Tangerang
CUST00110,Perempuan,46+,2026-04-17,Padang
CUST00111,Laki-laki,26-35,2024-09-18,Sawahlunto
CUST00112,Perempuan,26-35,2025-09-21,Solok
CUST00113,Laki-laki,18-25,2024-08-19,Surabaya
CUST00114,Perempuan,18-25,2025-09-13,Kota Administrasi Jakarta Selatan
CUST00115,Laki-laki,46+,2024-11-22,Kendari
CUST00116,Laki-laki,18-25,2025-01-09,Blitar
CUST00117,Laki-laki,26-35,2025-11-20,Palu
CUST00118,Laki-laki,18-25,2025-02-17,Balikpapan
CUST00119,Laki-laki,46+,2025-06-07,Batu
CUST00120,Laki-laki,26-35,2025-08-08,Pekalongan
CUST00121,Laki-laki,18-25,2025-01-08,Malang
CUST00122,Perempuan,36-45,2026-05-02,Kota Administrasi Jakarta Barat
CUST00123,Perempuan,26-35,2025-03-31,Cilegon
CUST00124,Perempuan,26-35,2025-05-23,Singkawang
CUST00125,Perempuan,46+,2026-03-05,Surakarta
CUST00126,Laki-laki,36-45,2026-03-13,Surabaya
CUST00127,Perempuan,36-45,2024-09-05,Kota Administrasi Jakarta Selatan
CUST00128,Laki-laki,18-25,2024-09-14,Tidore Kepulauan
CUST00129,Perempuan,18-25,2025-08-20,Kota Administrasi Jakarta Timur
CUST00130,Laki-laki,26-35,2025-01-21,Tasikmalaya
CUST00131,Perempuan,26-35,2025-03-10,Tangerang Selatan
CUST00132,Perempuan,18-25,2025-10-22,Pekalongan
CUST00133,Laki-laki,36-45,2025-07-01,Banjarbaru
CUST00134,Perempuan,26-35,2024-08-27,Kota Administrasi Jakarta Utara
CUST00135,Perempuan,36-45,2024-07-21,Magelang
CUST00136,Laki-laki,36-45,2026-02-05,Subulussalam
CUST00137,Laki-laki,26-35,2025-01-06,Ternate
CUST00138,Perempuan,18-25,2025-05-26,Sabang
CUST00139,Laki-laki,26-35,2024-06-24,Batu
CUST00140,Perempuan,36-45,2026-05-03,Probolinggo
CUST00141,Laki-laki,36-45,2024-07-14,Sawahlunto
CUST00142,Laki-laki,36-45,2025-08-20,Palangkaraya
CUST00143,Perempuan,36-45,2024-09-23,Lhokseumawe
CUST00144,Laki-laki,18-25,2025-03-27,Manado
CUST00145,Perempuan,36-45,2024-11-27,Surakarta
CUST00146,Laki-laki,18-25,2024-09-04,Sabang
CUST00147,Perempuan,26-35,2026-05-04,Solok
CUST00148,Perempuan,26-35,2026-01-20,Kendari
CUST00149,Perempuan,46+,2026-04-19,Cirebon
CUST00150,Laki-laki,18-25,2026-05-02,Bandar Lampung
CUST00151,Laki-laki,26-35,2024-11-03,Padang Sidempuan
CUST00152,Laki-laki,36-45,2026-03-02,Kota Administrasi Jakarta Timur
CUST00153,Laki-laki,46+,2024-10-18,Metro
CUST00154,Laki-laki,18-25,2026-04-25,Parepare
CUST00155,Perempuan,36-45,2024-12-06,Palu
CUST00156,Laki-laki,36-45,2025-03-15,Kediri
CUST00157,Laki-laki,26-35,2024-12-07,Surabaya
CUST00158,Laki-laki,36-45,2024-11-14,Magelang
CUST00159,Perempuan,26-35,2025-01-19,Yogyakarta
CUST00160,Laki-laki,26-35,2025-01-19,Sukabumi
CUST00161,Laki-laki,46+,2025-07-17,Tangerang
CUST00162,Laki-laki,26-35,2026-04-03,Bandar Lampung
CUST00163,Perempuan,46+,2024-09-14,Cirebon
CUST00164,Laki-laki,36-45,2025-09-10,Bandung
CUST00165,Laki-laki,18-25,2024-09-09,Malang
CUST00166,Perempuan,18-25,2026-01-03,Palangkaraya
CUST00167,Perempuan,26-35,2025-09-30,Meulaboh
CUST00168,Laki-laki,46+,2026-05-16,Kota Administrasi Jakarta Pusat
CUST00169,Perempuan,36-45,2024-07-21,Ambon
CUST00170,Laki-laki,26-35,2025-07-25,Mataram
CUST00171,Laki-laki,26-35,2025-05-17,Surakarta
CUST00172,Perempuan,36-45,2026-06-02,Solok
CUST00173,Perempuan,18-25,2025-02-15,Tebingtinggi
CUST00174,Perempuan,36-45,2026-05-17,Pekalongan
CUST00175,Perempuan,36-45,2025-02-12,Madiun
CUST00176,Laki-laki,18-25,2025-04-25,Purwokerto
CUST00177,Perempuan,26-35,2024-09-23,Padangpanjang
CUST00178,Perempuan,18-25,2025-11-15,Tangerang
CUST00179,Laki-laki,46+,2026-01-19,Singkawang
CUST00180,Perempuan,36-45,2025-09-02,Padang
CUST00181,Perempuan,18-25,2025-08-16,Langsa
CUST00182,Perempuan,26-35,2025-01-25,Palangkaraya
CUST00183,Perempuan,18-25,2026-02-17,Pangkalpinang
CUST00184,Perempuan,18-25,2025-05-26,Tangerang
CUST00185,Laki-laki,36-45,2024-11-29,Ternate
CUST00186,Perempuan,18-25,2024-10-26,Kotamobagu
CUST00187,Perempuan,36-45,2025-07-22,Bekasi
CUST00188,Laki-laki,36-45,2026-03-14,Tangerang
CUST00189,Perempuan,46+,2025-02-13,Dumai
CUST00190,Perempuan,46+,2024-10-09,Banjar
CUST00191,Perempuan,26-35,2024-12-24,Singkawang
CUST00192,Laki-laki,46+,2026-04-08,Palu
CUST00193,Perempuan,26-35,2025-05-04,Tasikmalaya
CUST00194,Perempuan,46+,2025-12-09,Payakumbuh
CUST00195,Laki-laki,36-45,2025-04-23,Bontang
CUST00196,Perempuan,26-35,2025-11-08,Tomohon
CUST00197,Perempuan,36-45,2026-04-16,Pagaralam
CUST00198,Perempuan,46+,2024-12-03,Tanjungpinang
CUST00199,Perempuan,26-35,2025-07-24,Banjarbaru
CUST00200,Perempuan,26-35,2025-08-23,Bitung
CUST00201,Laki-laki,36-45,2025-06-06,Pangkalpinang
CUST00202,Perempuan,18-25,2025-11-17,Tomohon
CUST00203,Laki-laki,36-45,2026-05-10,Singkawang
CUST00204,Laki-laki,26-35,2026-03-12,Purwokerto
CUST00205,Laki-laki,18-25,2025-05-29,Tidore Kepulauan
CUST00206,Laki-laki,26-35,2026-04-17,Palopo
CUST00207,Perempuan,18-25,2025-01-04,Subulussalam
CUST00208,Perempuan,46+,2025-01-18,Sorong
CUST00209,Laki-laki,46+,2024-12-19,Palembang
CUST00210,Perempuan,46+,2024-08-16,Kendari
CUST00211,Laki-laki,26-35,2025-01-14,Lubuklinggau
CUST00212,Laki-laki,18-25,2026-05-11,Bogor
CUST00213,Perempuan,26-35,2024-10-12,Meulaboh
CUST00214,Laki-laki,46+,2025-12-08,Tarakan
CUST00215,Laki-laki,26-35,2024-11-30,Padangpanjang
CUST00216,Laki-laki,46+,2025-04-29,Probolinggo
CUST00217,Laki-laki,46+,2025-06-13,Banjarmasin
CUST00218,Perempuan,46+,2024-11-24,Meulaboh
CUST00219,Perempuan,46+,2026-05-20,Tual
CUST00220,Laki-laki,46+,2025-09-07,Pariaman
CUST00221,Perempuan,36-45,2024-06-21,Langsa
CUST00222,Laki-laki,36-45,2026-01-23,Padangpanjang
CUST00223,Perempuan,26-35,2025-08-09,Pasuruan
CUST00224,Perempuan,46+,2024-12-04,Palangkaraya
CUST00225,Laki-laki,36-45,2025-06-29,Meulaboh
CUST00226,Laki-laki,36-45,2025-03-05,Tebingtinggi
CUST00227,Perempuan,36-45,2024-10-23,Blitar
CUST00228,Laki-laki,26-35,2025-10-13,Mojokerto
CUST00229,Laki-laki,26-35,2025-09-19,Bau-Bau
CUST00230,Perempuan,26-35,2025-10-29,Bogor
CUST00231,Laki-laki,18-25,2026-04-21,Denpasar
CUST00232,Perempuan,46+,2024-07-26,Metro
CUST00233,Perempuan,46+,2025-02-26,Palu
CUST00234,Perempuan,18-25,2025-02-25,Tual
CUST00235,Laki-laki,46+,2026-05-01,Kota Administrasi Jakarta Utara
CUST00236,Perempuan,18-25,2026-01-22,Kota Administrasi Jakarta Pusat
CUST00237,Perempuan,46+,2026-03-27,Parepare
CUST00238,Laki-laki,36-45,2024-07-02,Malang
CUST00239,Perempuan,46+,2024-12-08,Sungai Penuh
CUST00240,Perempuan,26-35,2024-07-18,Kota Administrasi Jakarta Barat
CUST00241,Perempuan,26-35,2024-11-18,Solok
CUST00242,Perempuan,46+,2024-10-13,Blitar
CUST00243,Perempuan,18-25,2025-06-19,Salatiga
CUST00244,Perempuan,36-45,2024-12-03,Tanjungpinang
CUST00245,Perempuan,26-35,2025-01-02,Cimahi
CUST00246,Perempuan,26-35,2025-09-30,Cilegon
CUST00247,Laki-laki,46+,2025-02-13,Sawahlunto
CUST00248,Laki-laki,18-25,2024-07-06,Samarinda
CUST00249,Perempuan,26-35,2025-11-25,Mojokerto
CUST00250,Perempuan,26-35,2025-12-24,Batu
CUST00251,Laki-laki,36-45,2025-09-19,Bima
CUST00252,Perempuan,36-45,2025-12-10,Tangerang Selatan
CUST00253,Laki-laki,46+,2025-09-26,Salatiga
CUST00254,Perempuan,36-45,2026-02-14,Malang
CUST00255,Perempuan,36-45,2025-08-04,Surabaya
CUST00256,Perempuan,36-45,2025-03-31,Pekalongan
CUST00257,Laki-laki,46+,2025-11-01,Balikpapan
CUST00258,Laki-laki,18-25,2026-04-07,Pasuruan
CUST00259,Perempuan,26-35,2024-09-06,Mataram
CUST00260,Laki-laki,18-25,2025-10-23,Tarakan
CUST00261,Laki-laki,26-35,2024-10-13,Cirebon
CUST00262,Laki-laki,18-25,2026-01-07,Singkawang
CUST00263,Laki-laki,26-35,2026-03-06,Pangkalpinang
CUST00264,Laki-laki,46+,2025-05-21,Madiun
CUST00265,Laki-laki,26-35,2026-04-09,Bekasi
CUST00266,Perempuan,36-45,2025-01-19,Kota Administrasi Jakarta Barat
CUST00267,Perempuan,26-35,2026-01-20,Salatiga
CUST00268,Laki-laki,26-35,2025-10-04,Makassar
CUST00269,Perempuan,18-25,2024-07-09,Madiun
CUST00270,Laki-laki,36-45,2024-11-05,Jambi
CUST00271,Perempuan,46+,2025-03-19,Makassar
CUST00272,Laki-laki,18-25,2025-01-20,Sabang
CUST00273,Laki-laki,18-25,2024-06-24,Bau-Bau
CUST00274,Perempuan,18-25,2024-12-21,Pasuruan
CUST00275,Laki-laki,36-45,2025-08-22,Tanjungbalai
CUST00276,Perempuan,36-45,2025-06-21,Palopo
CUST00277,Laki-laki,36-45,2026-02-22,Bekasi
CUST00278,Laki-laki,46+,2025-01-31,Padang
CUST00279,Perempuan,18-25,2025-12-06,Lhokseumawe
CUST00280,Perempuan,36-45,2025-11-14,Parepare
CUST00281,Perempuan,26-35,2025-08-20,Pagaralam
CUST00282,Perempuan,26-35,2026-01-17,Manado
CUST00283,Perempuan,46+,2025-12-14,Kota Administrasi Jakarta Timur
CUST00284,Perempuan,46+,2025-02-10,Kediri
CUST00285,Perempuan,36-45,2024-09-18,Lubuklinggau
CUST00286,Laki-laki,18-25,2024-09-17,Depok
CUST00287,Perempuan,46+,2024-12-02,Kota Administrasi Jakarta Utara
CUST00288,Laki-laki,46+,2025-12-31,Bengkulu
CUST00289,Perempuan,36-45,2026-03-25,Kupang
CUST00290,Laki-laki,46+,2024-12-10,Cirebon
CUST00291,Perempuan,26-35,2025-02-06,Tarakan
CUST00292,Perempuan,26-35,2025-08-05,Kota Administrasi Jakarta Utara
CUST00293,Perempuan,36-45,2024-07-22,Purwokerto
CUST00294,Perempuan,36-45,2025-01-29,Subulussalam
CUST00295,Perempuan,18-25,2026-04-22,Bima
CUST00296,Laki-laki,18-25,2026-04-25,Samarinda
CUST00297,Laki-laki,46+,2025-01-23,Pariaman
CUST00298,Perempuan,26-35,2025-05-25,Denpasar
CUST00299,Perempuan,46+,2024-07-26,Pariaman
CUST00300,Perempuan,18-25,2024-09-13,Padang
CUST00301,Laki-laki,36-45,2025-07-03,Samarinda
CUST00302,Laki-laki,46+,2025-10-18,Bukittinggi
CUST00303,Laki-laki,36-45,2024-10-10,Bau-Bau
CUST00304,Perempuan,46+,2024-12-26,Sabang
CUST00305,Perempuan,46+,2026-01-31,Sibolga
CUST00306,Perempuan,36-45,2025-09-23,Pematangsiantar
CUST00307,Perempuan,36-45,2025-04-08,Palembang
CUST00308,Perempuan,36-45,2025-02-02,Lhokseumawe
CUST00309,Laki-laki,18-25,2025-09-01,Singkawang
CUST00310,Laki-laki,36-45,2026-01-12,Tual
CUST00311,Laki-laki,26-35,2024-11-25,Kota Administrasi Jakarta Selatan
CUST00312,Laki-laki,26-35,2025-11-11,Cilegon
CUST00313,Perempuan,36-45,2024-12-20,Purwokerto
CUST00314,Perempuan,18-25,2024-08-14,Ambon
CUST00315,Laki-laki,36-45,2025-04-30,Tanjungbalai
CUST00316,Laki-laki,36-45,2025-09-21,Kupang
CUST00317,Laki-laki,36-45,2024-07-12,Kotamobagu
CUST00318,Laki-laki,26-35,2025-12-18,Tanjungpinang
CUST00319,Perempuan,18-25,2026-04-15,Batu
CUST00320,Laki-laki,36-45,2025-12-02,Kota Administrasi Jakarta Selatan
CUST00321,Laki-laki,46+,2026-02-18,Pagaralam
CUST00322,Laki-laki,18-25,2024-09-14,Sukabumi
CUST00323,Perempuan,46+,2024-10-10,Bontang
CUST00324,Perempuan,46+,2024-08-11,Cimahi
CUST00325,Perempuan,26-35,2026-02-22,Serang
CUST00326,Laki-laki,36-45,2026-01-19,Palembang
CUST00327,Perempuan,18-25,2024-09-21,Tanjungbalai
CUST00328,Laki-laki,46+,2025-02-08,Kota Administrasi Jakarta Timur
CUST00329,Perempuan,18-25,2025-07-10,Palembang
CUST00330,Laki-laki,26-35,2024-08-18,Palangkaraya
CUST00331,Laki-laki,36-45,2026-01-08,Sibolga
CUST00332,Laki-laki,26-35,2024-12-28,Bekasi
CUST00333,Laki-laki,46+,2024-12-11,Tual
CUST00334,Laki-laki,46+,2025-11-21,Samarinda
CUST00335,Perempuan,46+,2024-07-18,Parepare
CUST00336,Perempuan,46+,2025-07-25,Kota Administrasi Jakarta Utara
CUST00337,Perempuan,18-25,2024-11-04,Subulussalam
CUST00338,Laki-laki,26-35,2026-03-11,Bekasi
CUST00339,Laki-laki,36-45,2025-06-17,Padang Sidempuan
CUST00340,Laki-laki,26-35,2025-03-02,Surakarta
CUST00341,Laki-laki,26-35,2024-09-06,Magelang
CUST00342,Laki-laki,26-35,2025-05-02,Kotamobagu
CUST00343,Laki-laki,46+,2025-11-13,Tual
CUST00344,Perempuan,46+,2025-08-18,Palu
CUST00345,Perempuan,18-25,2024-08-24,Kota Administrasi Jakarta Pusat
CUST00346,Laki-laki,36-45,2025-02-23,Yogyakarta
CUST00347,Perempuan,46+,2025-04-26,Surabaya
CUST00348,Laki-laki,26-35,2026-04-23,Padang Sidempuan
CUST00349,Perempuan,26-35,2024-07-29,Pematangsiantar
CUST00350,Perempuan,18-25,2025-03-25,Sorong
CUST00351,Laki-laki,26-35,2025-05-26,Gorontalo
CUST00352,Perempuan,26-35,2025-01-10,Kotamobagu
CUST00353,Laki-laki,18-25,2025-05-23,Bitung
CUST00354,Laki-laki,36-45,2024-07-09,Tarakan
CUST00355,Perempuan,46+,2024-10-18,Purwokerto
CUST00356,Laki-laki,46+,2024-06-27,Bekasi
CUST00357,Perempuan,46+,2024-12-08,Pangkalpinang
CUST00358,Perempuan,46+,2024-09-16,Payakumbuh
CUST00359,Perempuan,18-25,2026-06-11,Pekanbaru
CUST00360,Laki-laki,46+,2025-12-16,Padangpanjang
CUST00361,Perempuan,36-45,2026-03-27,Parepare
CUST00362,Laki-laki,18-25,2024-12-23,Purwokerto
CUST00363,Laki-laki,18-25,2024-10-07,Depok
CUST00364,Perempuan,18-25,2026-06-03,Batam
CUST00365,Laki-laki,46+,2025-01-17,Makassar
CUST00366,Perempuan,36-45,2026-06-12,Ambon
CUST00367,Laki-laki,46+,2025-01-22,Semarang
CUST00368,Perempuan,18-25,2025-09-10,Bukittinggi
CUST00369,Perempuan,36-45,2025-05-29,Malang
CUST00370,Perempuan,36-45,2025-03-02,Palu
CUST00371,Perempuan,18-25,2026-06-11,Depok
CUST00372,Laki-laki,36-45,2025-12-10,Samarinda
CUST00373,Perempuan,46+,2025-04-10,Padang Sidempuan
CUST00374,Perempuan,46+,2024-07-20,Tidore Kepulauan
CUST00375,Laki-laki,46+,2025-06-19,Meulaboh
CUST00376,Laki-laki,36-45,2025-11-14,Payakumbuh
CUST00377,Perempuan,36-45,2024-07-15,Pekalongan
CUST00378,Laki-laki,46+,2025-09-18,Bengkulu
CUST00379,Laki-laki,46+,2026-04-27,Bengkulu
CUST00380,Perempuan,18-25,2025-07-30,Balikpapan
CUST00381,Laki-laki,36-45,2025-12-30,Padang Sidempuan
CUST00382,Perempuan,46+,2026-04-24,Batu
CUST00383,Laki-laki,26-35,2025-06-16,Makassar
CUST00384,Perempuan,26-35,2025-10-14,Sungai Penuh
CUST00385,Perempuan,46+,2024-08-18,Tangerang
CUST00386,Perempuan,18-25,2026-04-15,Lubuklinggau
CUST00387,Laki-laki,26-35,2025-10-16,Probolinggo
CUST00388,Laki-laki,36-45,2024-07-14,Kendari
CUST00389,Laki-laki,46+,2025-10-20,Kediri
CUST00390,Laki-laki,26-35,2026-01-18,Palangkaraya
CUST00391,Laki-laki,46+,2024-09-01,Palembang
CUST00392,Laki-laki,26-35,2024-10-24,Bandar Lampung
CUST00393,Perempuan,36-45,2024-07-22,Banjarmasin
CUST00394,Perempuan,46+,2025-01-30,Medan
CUST00395,Perempuan,46+,2025-05-17,Kota Administrasi Jakarta Barat
CUST00396,Laki-laki,46+,2025-08-03,Salatiga
CUST00397,Laki-laki,46+,2025-11-28,Cimahi
CUST00398,Laki-laki,26-35,2024-10-30,Singkawang
CUST00399,Laki-laki,36-45,2026-04-24,Solok
CUST00400,Perempuan,36-45,2025-11-29,Payakumbuh
CUST00401,Perempuan,18-25,2026-05-27,Kediri
CUST00402,Perempuan,36-45,2025-06-10,Palu
CUST00403,Perempuan,26-35,2025-01-01,Pangkalpinang
CUST00404,Perempuan,46+,2026-05-17,Tangerang
CUST00405,Perempuan,36-45,2025-08-15,Batu
CUST00406,Perempuan,46+,2025-05-26,Semarang
CUST00407,Perempuan,26-35,2025-02-04,Tanjungbalai
CUST00408,Laki-laki,46+,2024-12-28,Langsa
CUST00409,Laki-laki,46+,2024-11-18,Pariaman
CUST00410,Laki-laki,36-45,2024-09-07,Metro
CUST00411,Perempuan,46+,2025-09-04,Samarinda
CUST00412,Perempuan,26-35,2025-02-01,Banda Aceh
CUST00413,Perempuan,18-25,2026-03-23,Kota Administrasi Jakarta Utara
CUST00414,Laki-laki,36-45,2024-06-23,Sibolga
CUST00415,Laki-laki,46+,2026-01-16,Kotamobagu
CUST00416,Laki-laki,46+,2026-02-09,Sibolga
CUST00417,Laki-laki,26-35,2026-03-01,Jayapura
CUST00418,Perempuan,26-35,2025-10-24,Solok
CUST00419,Laki-laki,46+,2024-12-28,Sorong
CUST00420,Perempuan,36-45,2024-08-31,Lhokseumawe
CUST00421,Perempuan,18-25,2026-02-19,Bandung
CUST00422,Perempuan,46+,2025-09-10,Tegal
CUST00423,Perempuan,46+,2024-09-27,Kupang
CUST00424,Laki-laki,18-25,2025-02-25,Cirebon
CUST00425,Laki-laki,36-45,2024-11-19,Probolinggo
CUST00426,Laki-laki,18-25,2026-04-28,Pontianak
CUST00427,Perempuan,18-25,2025-07-11,Cimahi
CUST00428,Laki-laki,46+,2025-01-02,Kupang
CUST00429,Laki-laki,36-45,2026-01-17,Binjai
CUST00430,Laki-laki,18-25,2025-06-15,Bontang
CUST00431,Perempuan,18-25,2026-01-23,Tangerang
CUST00432,Perempuan,36-45,2025-12-31,Sabang
CUST00433,Perempuan,46+,2025-03-28,Mojokerto
CUST00434,Laki-laki,26-35,2024-06-27,Prabumulih
CUST00435,Perempuan,26-35,2024-09-20,Medan
CUST00436,Laki-laki,26-35,2025-11-21,Sawahlunto
CUST00437,Laki-laki,46+,2025-04-08,Bima
CUST00438,Laki-laki,46+,2025-11-23,Parepare
CUST00439,Laki-laki,26-35,2024-07-06,Singkawang
CUST00440,Perempuan,36-45,2024-12-05,Subulussalam
CUST00441,Perempuan,36-45,2026-03-18,Tanjungpinang
CUST00442,Laki-laki,46+,2025-02-06,Binjai
CUST00443,Perempuan,26-35,2024-10-03,Bandung
CUST00444,Laki-laki,46+,2025-02-08,Binjai
CUST00445,Perempuan,36-45,2024-08-31,Prabumulih
CUST00446,Perempuan,36-45,2024-09-30,Palu
CUST00447,Perempuan,36-45,2025-04-01,Semarang
CUST00448,Laki-laki,46+,2026-01-14,Padangpanjang
CUST00449,Perempuan,18-25,2025-11-07,Pasuruan
CUST00450,Laki-laki,46+,2025-10-08,Kota Administrasi Jakarta Utara
CUST00451,Perempuan,36-45,2024-07-12,Jambi
CUST00452,Perempuan,18-25,2025-05-27,Kendari
CUST00453,Perempuan,36-45,2026-04-12,Bengkulu
CUST00454,Laki-laki,18-25,2025-12-01,Probolinggo
CUST00455,Perempuan,36-45,2026-05-18,Banjarmasin
CUST00456,Laki-laki,36-45,2025-04-22,Depok
CUST00457,Laki-laki,26-35,2024-09-19,Bekasi
CUST00458,Perempuan,26-35,2025-11-13,Sukabumi
CUST00459,Laki-laki,18-25,2025-10-26,Banjarbaru
CUST00460,Perempuan,46+,2026-02-18,Kota Administrasi Jakarta Barat
CUST00461,Laki-laki,36-45,2024-09-22,Batam
CUST00462,Laki-laki,18-25,2026-03-23,Semarang
CUST00463,Perempuan,36-45,2024-12-01,Magelang
CUST00464,Perempuan,26-35,2026-02-08,Serang
CUST00465,Laki-laki,26-35,2024-06-19,Bontang
CUST00466,Perempuan,36-45,2024-09-25,Cirebon
CUST00467,Laki-laki,36-45,2024-09-10,Blitar
CUST00468,Perempuan,36-45,2024-06-28,Kendari
CUST00469,Perempuan,18-25,2025-09-17,Banda Aceh
CUST00470,Perempuan,18-25,2024-10-30,Banjarbaru
CUST00471,Laki-laki,26-35,2024-09-23,Pontianak
CUST00472,Perempuan,36-45,2024-09-13,Parepare
CUST00473,Laki-laki,46+,2025-05-31,Pekanbaru
CUST00474,Laki-laki,36-45,2025-09-21,Palopo
CUST00475,Laki-laki,46+,2025-07-13,Singkawang
CUST00476,Perempuan,36-45,2024-07-20,Palu
CUST00477,Perempuan,36-45,2025-10-29,Banjarmasin
CUST00478,Laki-laki,26-35,2025-06-24,Pagaralam
CUST00479,Perempuan,18-25,2025-12-01,Pasuruan
CUST00480,Perempuan,26-35,2025-12-22,Batu
CUST00481,Laki-laki,46+,2026-05-16,Madiun
CUST00482,Perempuan,46+,2025-10-02,Batam
CUST00483,Laki-laki,26-35,2024-09-23,Solok
CUST00484,Laki-laki,18-25,2025-10-21,Metro
CUST00485,Perempuan,46+,2025-09-24,Palu
CUST00486,Laki-laki,18-25,2025-07-14,Bengkulu
CUST00487,Laki-laki,26-35,2026-02-23,Sungai Penuh
CUST00488,Perempuan,46+,2025-11-04,Palangkaraya
CUST00489,Perempuan,46+,2025-06-02,Padang Sidempuan
CUST00490,Laki-laki,46+,2025-03-07,Padang
CUST00491,Laki-laki,46+,2025-05-06,Lubuklinggau
CUST00492,Perempuan,36-45,2025-05-14,Surakarta
CUST00493,Laki-laki,36-45,2024-12-31,Bukittinggi
CUST00494,Laki-laki,46+,2025-12-02,Batam
CUST00495,Perempuan,26-35,2024-08-26,Bekasi
CUST00496,Perempuan,18-25,2025-05-18,Tidore Kepulauan
CUST00497,Perempuan,36-45,2026-01-11,Blitar
CUST00498,Laki-laki,46+,2025-08-23,Semarang
CUST00499,Perempuan,26-35,2025-08-27,Surakarta
CUST00500,Laki-laki,46+,2024-09-19,Manado
CUST00501,Laki-laki,26-35,2026-04-26,Tebingtinggi
CUST00502,Laki-laki,18-25,2024-07-26,Serang
CUST00503,Perempuan,26-35,2025-02-14,Bima
CUST00504,Laki-laki,26-35,2025-09-08,Bukittinggi
CUST00505,Laki-laki,26-35,2025-11-09,Jayapura
CUST00506,Laki-laki,26-35,2026-04-06,Malang
CUST00507,Perempuan,26-35,2026-04-04,Binjai
CUST00508,Laki-laki,36-45,2026-01-30,Samarinda
CUST00509,Laki-laki,26-35,2024-12-09,Sabang
CUST00510,Perempuan,26-35,2026-02-03,Sibolga
CUST00511,Laki-laki,18-25,2026-06-08,Bandar Lampung
CUST00512,Laki-laki,18-25,2024-11-04,Tanjungpinang
CUST00513,Perempuan,26-35,2026-01-30,Makassar
CUST00514,Perempuan,18-25,2025-03-16,Denpasar
CUST00515,Laki-laki,36-45,2026-04-23,Salatiga
CUST00516,Laki-laki,26-35,2025-11-09,Batam
CUST00517,Perempuan,18-25,2024-10-05,Bekasi
CUST00518,Laki-laki,46+,2026-01-17,Metro
CUST00519,Perempuan,36-45,2025-05-09,Makassar
CUST00520,Laki-laki,46+,2024-10-17,Lhokseumawe
CUST00521,Laki-laki,18-25,2025-12-29,Salatiga
CUST00522,Perempuan,46+,2025-09-23,Banjarbaru
CUST00523,Laki-laki,18-25,2024-10-15,Tomohon
CUST00524,Perempuan,46+,2025-10-09,Tangerang
CUST00525,Perempuan,18-25,2024-08-19,Palembang
CUST00526,Perempuan,46+,2025-11-13,Pasuruan
CUST00527,Laki-laki,18-25,2025-10-01,Padangpanjang
CUST00528,Perempuan,26-35,2025-01-15,Tomohon
CUST00529,Laki-laki,26-35,2025-07-19,Malang
CUST00530,Perempuan,36-45,2025-05-16,Kotamobagu
CUST00531,Perempuan,36-45,2025-11-25,Pontianak
CUST00532,Perempuan,46+,2025-11-17,Banjar
CUST00533,Laki-laki,18-25,2024-12-05,Serang
CUST00534,Laki-laki,46+,2024-07-29,Gorontalo
CUST00535,Perempuan,26-35,2025-02-06,Yogyakarta
CUST00536,Perempuan,36-45,2024-10-01,Kupang
CUST00537,Perempuan,46+,2025-02-26,Ambon
CUST00538,Perempuan,18-25,2025-07-08,Cirebon
CUST00539,Perempuan,46+,2024-09-25,Prabumulih
CUST00540,Perempuan,36-45,2025-12-15,Pekalongan
CUST00541,Perempuan,26-35,2025-08-24,Batu
CUST00542,Perempuan,18-25,2025-04-21,Palangkaraya
CUST00543,Laki-laki,18-25,2024-07-01,Batu
CUST00544,Laki-laki,46+,2026-04-17,Samarinda
CUST00545,Laki-laki,36-45,2025-05-16,Tarakan
CUST00546,Laki-laki,18-25,2025-10-27,Kupang
CUST00547,Perempuan,18-25,2024-09-14,Banda Aceh
CUST00548,Perempuan,36-45,2025-02-24,Solok
CUST00549,Perempuan,18-25,2025-06-09,Bekasi
CUST00550,Perempuan,36-45,2025-05-22,Kota Administrasi Jakarta Barat
CUST00551,Perempuan,18-25,2025-05-21,Pontianak
CUST00552,Laki-laki,26-35,2024-08-17,Lhokseumawe
CUST00553,Perempuan,26-35,2026-01-17,Jayapura
CUST00554,Laki-laki,36-45,2025-03-02,Batu
CUST00555,Perempuan,18-25,2025-07-18,Pontianak
CUST00556,Perempuan,26-35,2025-07-18,Malang
CUST00557,Perempuan,18-25,2025-03-16,Kendari
CUST00558,Perempuan,18-25,2024-09-04,Kota Administrasi Jakarta Pusat
CUST00559,Laki-laki,36-45,2024-11-17,Sibolga
CUST00560,Perempuan,36-45,2024-10-13,Cirebon
CUST00561,Perempuan,18-25,2026-02-07,Pangkalpinang
CUST00562,Laki-laki,26-35,2026-01-23,Tangerang Selatan
CUST00563,Perempuan,18-25,2026-06-04,Sorong
CUST00564,Laki-laki,18-25,2025-02-17,Palembang
CUST00565,Laki-laki,26-35,2024-08-09,Palembang
CUST00566,Perempuan,46+,2025-10-20,Kota Administrasi Jakarta Utara
CUST00567,Perempuan,36-45,2025-09-19,Manado
CUST00568,Laki-laki,36-45,2025-07-16,Lhokseumawe
CUST00569,Perempuan,36-45,2025-06-10,Bandung
CUST00570,Laki-laki,18-25,2024-07-31,Kotamobagu
CUST00571,Laki-laki,26-35,2024-08-15,Singkawang
CUST00572,Laki-laki,18-25,2025-09-21,Pangkalpinang
CUST00573,Perempuan,46+,2025-09-10,Palopo
CUST00574,Perempuan,46+,2026-05-24,Madiun
CUST00575,Perempuan,46+,2025-09-29,Pekalongan
CUST00576,Perempuan,26-35,2024-10-12,Palopo
CUST00577,Laki-laki,36-45,2024-09-05,Tasikmalaya
CUST00578,Perempuan,18-25,2024-08-21,Banjar
CUST00579,Perempuan,46+,2024-12-26,Palembang
CUST00580,Perempuan,18-25,2025-07-29,Mataram
CUST00581,Laki-laki,46+,2025-04-02,Meulaboh
CUST00582,Laki-laki,18-25,2025-04-30,Tangerang
CUST00583,Laki-laki,36-45,2025-09-24,Sorong
CUST00584,Laki-laki,26-35,2025-11-01,Batam
CUST00585,Perempuan,36-45,2025-02-28,Sabang
CUST00586,Perempuan,18-25,2025-11-25,Kotamobagu
CUST00587,Laki-laki,46+,2024-12-29,Magelang
CUST00588,Perempuan,26-35,2024-08-19,Malang
CUST00589,Laki-laki,46+,2025-02-12,Blitar
CUST00590,Laki-laki,36-45,2025-09-22,Lhokseumawe
CUST00591,Laki-laki,46+,2025-08-25,Sukabumi
CUST00592,Laki-laki,46+,2026-02-21,Blitar
CUST00593,Laki-laki,46+,2025-11-19,Sukabumi
CUST00594,Laki-laki,36-45,2025-11-19,Pekanbaru
CUST00595,Perempuan,46+,2025-03-25,Mataram
CUST00596,Perempuan,36-45,2025-02-11,Jambi
CUST00597,Laki-laki,46+,2025-03-09,Depok
CUST00598,Laki-laki,36-45,2024-12-09,Bukittinggi
CUST00599,Laki-laki,46+,2024-08-15,Bengkulu
CUST00600,Perempuan,18-25,2025-07-16,Surabaya
CUST00601,Perempuan,18-25,2025-03-05,Serang
CUST00602,Laki-laki,46+,2025-04-05,Cilegon
CUST00603,Perempuan,18-25,2024-11-04,Tebingtinggi
CUST00604,Perempuan,36-45,2025-05-22,Padang Sidempuan
CUST00605,Perempuan,26-35,2025-03-26,Palembang
CUST00606,Perempuan,26-35,2025-10-04,Tomohon
CUST00607,Laki-laki,18-25,2026-01-19,Kediri
CUST00608,Laki-laki,36-45,2025-08-05,Lhokseumawe
CUST00609,Perempuan,26-35,2026-03-07,Depok
CUST00610,Laki-laki,18-25,2025-03-29,Pangkalpinang
CUST00611,Laki-laki,36-45,2026-02-04,Metro
CUST00612,Laki-laki,26-35,2025-07-12,Cilegon
CUST00613,Laki-laki,18-25,2026-03-13,Sibolga
CUST00614,Laki-laki,46+,2024-10-02,Banjarbaru
CUST00615,Perempuan,46+,2025-10-28,Medan
CUST00616,Perempuan,36-45,2025-08-21,Tasikmalaya
CUST00617,Laki-laki,46+,2026-04-05,Kotamobagu
CUST00618,Laki-laki,46+,2024-08-21,Kota Administrasi Jakarta Timur
CUST00619,Perempuan,36-45,2025-05-31,Palangkaraya
CUST00620,Perempuan,18-25,2024-08-27,Palopo
CUST00621,Perempuan,18-25,2026-05-05,Bandar Lampung
CUST00622,Perempuan,46+,2025-05-05,Mojokerto
CUST00623,Perempuan,18-25,2025-07-11,Kendari
CUST00624,Laki-laki,36-45,2025-04-12,Medan
CUST00625,Perempuan,18-25,2024-12-08,Lubuklinggau
CUST00626,Laki-laki,46+,2026-06-09,Tasikmalaya
CUST00627,Perempuan,18-25,2025-11-03,Bontang
CUST00628,Perempuan,26-35,2024-10-01,Kotamobagu
CUST00629,Perempuan,46+,2026-05-30,Tanjungpinang
CUST00630,Laki-laki,18-25,2026-03-24,Tual
CUST00631,Perempuan,18-25,2025-12-17,Palopo
CUST00632,Perempuan,18-25,2025-10-07,Bau-Bau
CUST00633,Laki-laki,18-25,2024-07-01,Jambi
CUST00634,Laki-laki,46+,2026-03-27,Purwokerto
CUST00635,Perempuan,26-35,2026-06-17,Binjai
CUST00636,Perempuan,36-45,2026-02-09,Kendari
CUST00637,Perempuan,46+,2025-02-05,Banjarbaru
CUST00638,Perempuan,36-45,2024-12-19,Subulussalam
CUST00639,Laki-laki,36-45,2026-02-23,Batam
CUST00640,Laki-laki,36-45,2024-09-11,Serang
CUST00641,Laki-laki,46+,2025-08-07,Sorong
CUST00642,Perempuan,36-45,2025-07-22,Tasikmalaya
CUST00643,Laki-laki,36-45,2024-10-06,Pagaralam
CUST00644,Laki-laki,26-35,2024-06-18,Kendari
CUST00645,Perempuan,36-45,2025-09-03,Denpasar
CUST00646,Perempuan,26-35,2025-11-15,Pontianak
CUST00647,Laki-laki,36-45,2025-03-24,Pontianak
CUST00648,Perempuan,36-45,2025-08-13,Meulaboh
CUST00649,Laki-laki,18-25,2026-04-26,Banjar
CUST00650,Perempuan,36-45,2025-10-23,Medan
CUST00651,Laki-laki,36-45,2024-12-31,Manado
CUST00652,Perempuan,26-35,2026-02-19,Malang
CUST00653,Laki-laki,36-45,2024-12-21,Yogyakarta
CUST00654,Perempuan,26-35,2025-09-11,Bogor
CUST00655,Laki-laki,26-35,2024-07-21,Probolinggo
CUST00656,Laki-laki,18-25,2025-03-06,Tangerang Selatan
CUST00657,Perempuan,18-25,2025-06-12,Sorong
CUST00658,Laki-laki,36-45,2024-11-05,Batam
CUST00659,Laki-laki,46+,2025-12-25,Bandung
CUST00660,Laki-laki,26-35,2025-01-30,Banjar
CUST00661,Laki-laki,26-35,2026-02-21,Banjar
CUST00662,Perempuan,18-25,2025-02-17,Pekanbaru
CUST00663,Perempuan,36-45,2025-04-22,Kota Administrasi Jakarta Pusat
CUST00664,Laki-laki,46+,2024-07-15,Kotamobagu
CUST00665,Perempuan,46+,2025-03-21,Sungai Penuh
CUST00666,Laki-laki,26-35,2025-03-01,Bitung
CUST00667,Perempuan,46+,2026-02-27,Palangkaraya
CUST00668,Laki-laki,36-45,2026-05-08,Tidore Kepulauan
CUST00669,Perempuan,46+,2025-05-24,Makassar
CUST00670,Perempuan,46+,2024-11-09,Tanjungbalai
CUST00671,Perempuan,26-35,2025-07-08,Pematangsiantar
CUST00672,Laki-laki,26-35,2025-01-10,Tegal
CUST00673,Perempuan,18-25,2025-05-12,Palangkaraya
CUST00674,Perempuan,36-45,2025-09-27,Probolinggo
CUST00675,Laki-laki,18-25,2025-01-31,Bima
CUST00676,Perempuan,18-25,2024-08-18,Surabaya
CUST00677,Laki-laki,36-45,2025-02-01,Palopo
CUST00678,Perempuan,26-35,2025-09-28,Cimahi
CUST00679,Perempuan,18-25,2025-12-04,Malang
CUST00680,Laki-laki,46+,2025-05-30,Tegal
CUST00681,Perempuan,18-25,2026-04-23,Singkawang
CUST00682,Perempuan,18-25,2025-05-20,Subulussalam
CUST00683,Perempuan,36-45,2026-02-21,Batu
CUST00684,Laki-laki,46+,2025-11-20,Mataram
CUST00685,Laki-laki,36-45,2025-07-20,Bandar Lampung
CUST00686,Laki-laki,18-25,2024-10-05,Bandung
CUST00687,Perempuan,18-25,2024-09-23,Kendari
CUST00688,Perempuan,26-35,2026-02-11,Mataram
CUST00689,Laki-laki,18-25,2025-04-10,Sibolga
CUST00690,Perempuan,46+,2024-10-14,Medan
CUST00691,Laki-laki,46+,2025-04-01,Tual
CUST00692,Perempuan,18-25,2024-08-15,Pontianak
CUST00693,Laki-laki,18-25,2025-03-29,Lubuklinggau
CUST00694,Perempuan,26-35,2025-11-03,Kota Administrasi Jakarta Barat
CUST00695,Laki-laki,46+,2024-09-13,Ternate
CUST00696,Laki-laki,36-45,2024-11-08,Pematangsiantar
CUST00697,Laki-laki,36-45,2025-04-13,Kota Administrasi Jakarta Selatan
CUST00698,Laki-laki,18-25,2026-02-08,Tarakan
CUST00699,Laki-laki,46+,2025-05-29,Singkawang
CUST00700,Perempuan,18-25,2025-01-24,Dumai
CUST00701,Laki-laki,46+,2024-09-20,Batu
CUST00702,Laki-laki,26-35,2025-06-03,Tasikmalaya
CUST00703,Laki-laki,36-45,2025-05-28,Tangerang Selatan
CUST00704,Perempuan,18-25,2026-04-04,Surakarta
CUST00705,Perempuan,26-35,2025-03-13,Purwokerto
CUST00706,Perempuan,26-35,2025-08-12,Langsa
CUST00707,Laki-laki,36-45,2026-04-09,Tasikmalaya
CUST00708,Laki-laki,18-25,2025-12-20,Mataram
CUST00709,Perempuan,46+,2025-07-17,Bitung
CUST00710,Laki-laki,46+,2024-11-20,Kendari
CUST00711,Perempuan,36-45,2026-02-20,Bandar Lampung
CUST00712,Laki-laki,36-45,2025-03-24,Pangkalpinang
CUST00713,Laki-laki,36-45,2026-03-03,Singkawang
CUST00714,Laki-laki,18-25,2026-05-04,Batam
CUST00715,Perempuan,26-35,2025-02-12,Tasikmalaya
CUST00716,Laki-laki,36-45,2025-12-27,Pontianak
CUST00717,Perempuan,26-35,2025-05-02,Samarinda
CUST00718,Perempuan,46+,2024-08-13,Lubuklinggau
CUST00719,Laki-laki,26-35,2025-10-28,Palopo
CUST00720,Laki-laki,46+,2025-06-13,Blitar
CUST00721,Laki-laki,36-45,2026-04-29,Yogyakarta
CUST00722,Laki-laki,18-25,2024-09-25,Pekalongan
CUST00723,Laki-laki,18-25,2026-05-25,Bitung
CUST00724,Perempuan,36-45,2025-07-24,Langsa
CUST00725,Perempuan,46+,2024-10-22,Madiun
CUST00726,Perempuan,18-25,2026-06-13,Malang
CUST00727,Laki-laki,36-45,2026-06-17,Bau-Bau
CUST00728,Perempuan,18-25,2024-12-28,Subulussalam
CUST00729,Perempuan,36-45,2025-08-18,Blitar
CUST00730,Laki-laki,36-45,2025-10-15,Singkawang
CUST00731,Perempuan,46+,2025-08-05,Pekalongan
CUST00732,Perempuan,46+,2025-10-27,Semarang
CUST00733,Perempuan,26-35,2025-09-11,Cimahi
CUST00734,Perempuan,46+,2025-11-10,Salatiga
CUST00735,Perempuan,36-45,2024-07-18,Bau-Bau
CUST00736,Laki-laki,46+,2024-07-22,Sungai Penuh
CUST00737,Laki-laki,46+,2024-11-27,Solok
CUST00738,Laki-laki,36-45,2025-10-26,Payakumbuh
CUST00739,Perempuan,18-25,2026-05-08,Sukabumi
CUST00740,Laki-laki,36-45,2025-02-06,Kota Administrasi Jakarta Barat
CUST00741,Perempuan,36-45,2026-03-04,Langsa
CUST00742,Perempuan,46+,2025-06-04,Tanjungbalai
CUST00743,Laki-laki,46+,2024-08-02,Palembang
CUST00744,Perempuan,46+,2025-05-05,Pangkalpinang
CUST00745,Laki-laki,36-45,2024-11-22,Sibolga
CUST00746,Perempuan,36-45,2024-10-06,Tasikmalaya
CUST00747,Laki-laki,18-25,2025-02-20,Padang
CUST00748,Perempuan,36-45,2024-09-26,Pekanbaru
CUST00749,Laki-laki,18-25,2025-08-27,Lubuklinggau
CUST00750,Laki-laki,46+,2024-12-21,Bitung
CUST00751,Laki-laki,26-35,2025-01-10,Kota Administrasi Jakarta Barat
CUST00752,Laki-laki,26-35,2024-10-04,Banjarbaru
CUST00753,Perempuan,36-45,2025-01-28,Singkawang
CUST00754,Perempuan,18-25,2025-05-07,Cilegon
CUST00755,Laki-laki,46+,2026-03-10,Samarinda
CUST00756,Perempuan,36-45,2025-12-29,Depok
CUST00757,Perempuan,18-25,2026-01-30,Payakumbuh
CUST00758,Laki-laki,36-45,2025-07-21,Payakumbuh
CUST00759,Perempuan,36-45,2026-04-30,Payakumbuh
CUST00760,Perempuan,26-35,2024-07-05,Mojokerto
CUST00761,Laki-laki,18-25,2025-07-14,Kendari
CUST00762,Laki-laki,46+,2024-12-01,Banjarbaru
CUST00763,Perempuan,18-25,2024-07-26,Payakumbuh
CUST00764,Perempuan,36-45,2025-09-24,Kotamobagu
CUST00765,Perempuan,26-35,2025-08-07,Bima
CUST00766,Perempuan,46+,2025-05-17,Kota Administrasi Jakarta Selatan
CUST00767,Laki-laki,18-25,2026-01-03,Tual
CUST00768,Laki-laki,18-25,2025-04-26,Banjar
CUST00769,Perempuan,26-35,2025-04-24,Salatiga
CUST00770,Perempuan,18-25,2025-08-27,Mataram
CUST00771,Perempuan,36-45,2025-08-20,Batu
CUST00772,Laki-laki,36-45,2025-04-13,Tual
CUST00773,Perempuan,26-35,2025-08-18,Solok
CUST00774,Laki-laki,36-45,2025-11-27,Blitar
CUST00775,Laki-laki,18-25,2024-08-31,Medan
CUST00776,Laki-laki,26-35,2026-02-24,Sabang
CUST00777,Laki-laki,46+,2026-06-16,Tomohon
CUST00778,Laki-laki,36-45,2024-10-07,Sibolga
CUST00779,Perempuan,46+,2025-07-17,Pekalongan
CUST00780,Laki-laki,18-25,2024-07-18,Bandung
CUST00781,Laki-laki,36-45,2024-10-01,Parepare
CUST00782,Perempuan,46+,2025-07-25,Bukittinggi
CUST00783,Perempuan,46+,2025-09-30,Madiun
CUST00784,Laki-laki,26-35,2026-06-10,Cilegon
CUST00785,Perempuan,18-25,2025-04-18,Semarang
CUST00786,Perempuan,46+,2025-03-05,Tarakan
CUST00787,Perempuan,26-35,2025-08-28,Parepare
CUST00788,Laki-laki,26-35,2026-03-12,Medan
CUST00789,Perempuan,18-25,2025-03-01,Padangpanjang
CUST00790,Laki-laki,26-35,2025-09-13,Tebingtinggi
CUST00791,Perempuan,26-35,2026-04-25,Serang
CUST00792,Laki-laki,36-45,2025-06-20,Sungai Penuh
CUST00793,Laki-laki,36-45,2026-02-15,Tebingtinggi
CUST00794,Perempuan,18-25,2024-07-26,Cimahi
CUST00795,Perempuan,26-35,2025-07-29,Bontang
CUST00796,Perempuan,26-35,2026-03-17,Bandung
CUST00797,Perempuan,18-25,2025-09-04,Depok
CUST00798,Laki-laki,26-35,2024-07-01,Lubuklinggau
CUST00799,Laki-laki,36-45,2025-05-08,Padang Sidempuan
CUST00800,Laki-laki,18-25,2025-12-05,Padang Sidempuan
CUST00801,Laki-laki,18-25,2025-07-11,Ternate
CUST00802,Perempuan,26-35,2026-01-02,Tarakan
CUST00803,Perempuan,18-25,2024-10-02,Sabang
CUST00804,Perempuan,36-45,2025-02-24,Pontianak
CUST00805,Perempuan,46+,2025-04-05,Cirebon
CUST00806,Laki-laki,46+,2025-06-09,Probolinggo
CUST00807,Perempuan,46+,2025-03-19,Singkawang
CUST00808,Laki-laki,18-25,2025-06-28,Kota Administrasi Jakarta Barat
CUST00809,Laki-laki,46+,2025-01-19,Jayapura
CUST00810,Perempuan,46+,2025-02-03,Tarakan
CUST00811,Perempuan,26-35,2024-11-24,Lubuklinggau
CUST00812,Perempuan,26-35,2025-06-24,Sabang
CUST00813,Perempuan,36-45,2026-06-12,Kotamobagu
CUST00814,Perempuan,46+,2024-09-19,Mojokerto
CUST00815,Laki-laki,36-45,2026-03-14,Yogyakarta
CUST00816,Laki-laki,36-45,2026-03-03,Kupang
CUST00817,Laki-laki,46+,2024-07-19,Tasikmalaya
CUST00818,Laki-laki,36-45,2024-08-17,Palembang
CUST00819,Perempuan,26-35,2025-11-08,Tidore Kepulauan
CUST00820,Laki-laki,18-25,2025-06-24,Dumai
CUST00821,Laki-laki,36-45,2026-03-22,Sabang
CUST00822,Perempuan,46+,2025-12-09,Bogor
CUST00823,Laki-laki,26-35,2024-09-09,Kota Administrasi Jakarta Barat
CUST00824,Perempuan,36-45,2024-07-26,Subulussalam
CUST00825,Laki-laki,26-35,2024-12-14,Bengkulu
CUST00826,Perempuan,46+,2025-05-04,Tasikmalaya
CUST00827,Perempuan,36-45,2025-06-18,Tangerang Selatan
CUST00828,Perempuan,18-25,2026-02-05,Ambon
CUST00829,Laki-laki,46+,2025-08-18,Padang Sidempuan
CUST00830,Perempuan,26-35,2025-11-06,Pariaman
CUST00831,Laki-laki,36-45,2025-11-04,Tomohon
CUST00832,Laki-laki,18-25,2025-01-26,Kotamobagu
CUST00833,Perempuan,46+,2025-10-31,Yogyakarta
CUST00834,Perempuan,36-45,2024-08-25,Prabumulih
CUST00835,Laki-laki,18-25,2026-01-11,Cirebon
CUST00836,Perempuan,26-35,2025-05-07,Bandung
CUST00837,Perempuan,36-45,2026-03-28,Payakumbuh
CUST00838,Perempuan,36-45,2024-11-08,Bandung
CUST00839,Laki-laki,46+,2024-06-24,Salatiga
CUST00840,Laki-laki,26-35,2025-09-28,Magelang
CUST00841,Perempuan,36-45,2025-01-24,Sukabumi
CUST00842,Laki-laki,46+,2025-08-12,Bogor
CUST00843,Perempuan,36-45,2026-04-09,Kota Administrasi Jakarta Timur
CUST00844,Laki-laki,26-35,2024-11-13,Magelang
CUST00845,Laki-laki,46+,2024-10-21,Sukabumi
CUST00846,Perempuan,36-45,2025-01-02,Balikpapan
CUST00847,Perempuan,26-35,2026-01-10,Kupang
CUST00848,Laki-laki,46+,2025-09-01,Cirebon
CUST00849,Laki-laki,18-25,2025-10-04,Pagaralam
CUST00850,Laki-laki,26-35,2025-07-22,Bekasi
CUST00851,Perempuan,46+,2025-04-24,Denpasar
CUST00852,Perempuan,26-35,2024-10-04,Madiun
CUST00853,Laki-laki,36-45,2026-06-13,Ambon
CUST00854,Perempuan,26-35,2025-01-05,Kendari
CUST00855,Perempuan,36-45,2025-05-29,Magelang
CUST00856,Perempuan,46+,2025-02-06,Kota Administrasi Jakarta Selatan
CUST00857,Perempuan,46+,2025-11-06,Tanjungbalai
CUST00858,Laki-laki,36-45,2024-12-17,Surakarta
CUST00859,Perempuan,18-25,2024-09-16,Lhokseumawe
CUST00860,Perempuan,36-45,2024-10-19,Tangerang Selatan
CUST00861,Laki-laki,46+,2025-07-12,Tanjungbalai
CUST00862,Perempuan,26-35,2024-09-16,Medan
CUST00863,Laki-laki,46+,2025-10-07,Jayapura
CUST00864,Laki-laki,46+,2024-09-28,Bukittinggi
CUST00865,Laki-laki,26-35,2025-06-05,Padangpanjang
CUST00866,Laki-laki,18-25,2025-12-14,Tomohon
CUST00867,Laki-laki,18-25,2025-08-08,Tual
CUST00868,Perempuan,36-45,2024-12-26,Pontianak
CUST00869,Perempuan,26-35,2025-05-29,Batu
CUST00870,Perempuan,26-35,2026-05-30,Banjarmasin
CUST00871,Perempuan,46+,2026-03-22,Samarinda
CUST00872,Laki-laki,26-35,2025-08-07,Cimahi
CUST00873,Laki-laki,36-45,2025-02-26,Binjai
CUST00874,Perempuan,46+,2025-11-27,Tasikmalaya
CUST00875,Perempuan,26-35,2025-09-12,Bekasi
CUST00876,Perempuan,36-45,2026-05-16,Banjarmasin
CUST00877,Perempuan,36-45,2025-06-04,Pekanbaru
CUST00878,Perempuan,26-35,2025-05-05,Salatiga
CUST00879,Laki-laki,36-45,2024-07-31,Tangerang
CUST00880,Perempuan,26-35,2026-03-05,Tebingtinggi
CUST00881,Perempuan,36-45,2024-07-03,Kota Administrasi Jakarta Pusat
CUST00882,Laki-laki,46+,2026-03-13,Tidore Kepulauan
CUST00883,Perempuan,46+,2024-12-03,Banjar
CUST00884,Perempuan,36-45,2025-05-12,Tanjungpinang
CUST00885,Perempuan,18-25,2024-08-05,Batam
CUST00886,Perempuan,46+,2026-06-12,Bandung
CUST00887,Perempuan,26-35,2025-01-25,Denpasar
CUST00888,Perempuan,18-25,2026-02-04,Yogyakarta
CUST00889,Perempuan,18-25,2025-10-28,Medan
CUST00890,Perempuan,46+,2026-05-10,Palopo
CUST00891,Perempuan,46+,2026-04-23,Metro
CUST00892,Laki-laki,26-35,2024-08-18,Sungai Penuh
CUST00893,Perempuan,36-45,2026-04-16,Bitung
CUST00894,Laki-laki,18-25,2024-11-02,Pontianak
CUST00895,Laki-laki,26-35,2024-09-23,Ambon
CUST00896,Laki-laki,26-35,2026-01-25,Langsa
CUST00897,Laki-laki,18-25,2025-06-11,Prabumulih
CUST00898,Laki-laki,46+,2025-04-07,Kota Administrasi Jakarta Barat
CUST00899,Perempuan,46+,2025-06-09,Bukittinggi
CUST00900,Laki-laki,26-35,2025-01-17,Tebingtinggi
CUST00901,Laki-laki,26-35,2026-02-01,Bandung
CUST00902,Perempuan,46+,2026-03-07,Singkawang
CUST00903,Perempuan,26-35,2026-02-02,Kendari
CUST00904,Perempuan,36-45,2024-11-24,Bengkulu
CUST00905,Perempuan,18-25,2025-09-21,Palopo
CUST00906,Laki-laki,26-35,2025-09-24,Kota Administrasi Jakarta Barat
CUST00907,Laki-laki,26-35,2026-01-13,Padang
CUST00908,Perempuan,26-35,2025-05-23,Probolinggo
CUST00909,Laki-laki,46+,2024-12-02,Bogor
CUST00910,Perempuan,26-35,2025-07-13,Kediri
CUST00911,Perempuan,18-25,2026-03-12,Samarinda
CUST00912,Laki-laki,36-45,2025-09-24,Kendari
CUST00913,Laki-laki,36-45,2025-02-06,Surabaya
CUST00914,Perempuan,46+,2025-07-26,Padang Sidempuan
CUST00915,Perempuan,26-35,2025-02-05,Banjarmasin
CUST00916,Perempuan,36-45,2025-08-23,Sorong
CUST00917,Laki-laki,18-25,2025-11-26,Sabang
CUST00918,Perempuan,26-35,2025-07-06,Malang
CUST00919,Perempuan,36-45,2025-10-29,Pontianak
CUST00920,Laki-laki,18-25,2025-02-19,Padang Sidempuan
CUST00921,Perempuan,36-45,2024-10-10,Metro
CUST00922,Laki-laki,26-35,2024-11-06,Kendari
CUST00923,Perempuan,46+,2026-04-07,Langsa
CUST00924,Perempuan,18-25,2026-04-14,Pangkalpinang
CUST00925,Perempuan,18-25,2026-05-28,Sabang
CUST00926,Laki-laki,26-35,2025-05-03,Sabang
CUST00927,Perempuan,36-45,2025-08-02,Meulaboh
CUST00928,Laki-laki,18-25,2024-12-22,Gorontalo
CUST00929,Perempuan,46+,2025-02-28,Palopo
CUST00930,Laki-laki,46+,2026-04-05,Bekasi
CUST00931,Perempuan,36-45,2025-08-07,Banjarbaru
CUST00932,Perempuan,18-25,2025-01-11,Tangerang
CUST00933,Perempuan,36-45,2025-09-29,Batu
CUST00934,Laki-laki,18-25,2024-11-10,Pariaman
CUST00935,Laki-laki,46+,2024-11-26,Langsa
CUST00936,Perempuan,26-35,2026-05-24,Jambi
CUST00937,Perempuan,36-45,2026-06-14,Ternate
CUST00938,Laki-laki,36-45,2024-09-16,Kota Administrasi Jakarta Barat
CUST00939,Perempuan,26-35,2025-12-09,Mojokerto
CUST00940,Laki-laki,26-35,2026-05-28,Purwokerto
CUST00941,Perempuan,26-35,2025-02-21,Metro
CUST00942,Perempuan,36-45,2025-06-14,Lhokseumawe
CUST00943,Perempuan,46+,2025-01-06,Pekanbaru
CUST00944,Laki-laki,26-35,2026-05-03,Pangkalpinang
CUST00945,Laki-laki,46+,2024-09-01,Tual
CUST00946,Perempuan,18-25,2026-03-31,Gorontalo
CUST00947,Laki-laki,18-25,2025-03-31,Padang Sidempuan
CUST00948,Laki-laki,26-35,2024-07-22,Ternate
CUST00949,Laki-laki,36-45,2024-10-08,Kota Administrasi Jakarta Selatan
CUST00950,Perempuan,18-25,2025-08-20,Kupang
CUST00951,Laki-laki,46+,2024-10-13,Magelang
CUST00952,Laki-laki,46+,2024-12-12,Salatiga
CUST00953,Laki-laki,46+,2026-03-26,Payakumbuh
CUST00954,Laki-laki,46+,2025-08-18,Kota Administrasi Jakarta Pusat
CUST00955,Perempuan,18-25,2026-01-30,Tebingtinggi
CUST00956,Perempuan,36-45,2025-10-28,Palu
CUST00957,Laki-laki,46+,2024-10-25,Cimahi
CUST00958,Perempuan,18-25,2024-10-03,Denpasar
CUST00959,Laki-laki,18-25,2026-05-30,Pontianak
CUST00960,Laki-laki,46+,2024-07-13,Surakarta
CUST00961,Perempuan,18-25,2024-07-24,Padang Sidempuan
CUST00962,Laki-laki,18-25,2024-10-01,Batam
CUST00963,Perempuan,18-25,2025-12-18,Balikpapan
CUST00964,Perempuan,46+,2024-12-03,Medan
CUST00965,Laki-laki,26-35,2024-08-02,Surabaya
CUST00966,Perempuan,36-45,2025-06-30,Ambon
CUST00967,Perempuan,46+,2025-08-04,Balikpapan
CUST00968,Perempuan,46+,2024-06-29,Prabumulih
CUST00969,Laki-laki,26-35,2025-01-25,Pekalongan
CUST00970,Perempuan,18-25,2026-03-10,Cirebon
CUST00971,Laki-laki,46+,2024-09-08,Pontianak
CUST00972,Laki-laki,26-35,2024-10-10,Depok
CUST00973,Laki-laki,18-25,2025-10-11,Manado
CUST00974,Perempuan,46+,2025-01-10,Bau-Bau
CUST00975,Perempuan,46+,2025-04-02,Palu
CUST00976,Laki-laki,26-35,2025-08-29,Tanjungpinang
CUST00977,Perempuan,36-45,2024-12-09,Tangerang Selatan
CUST00978,Laki-laki,36-45,2026-03-22,Sungai Penuh
CUST00979,Laki-laki,18-25,2026-04-14,Bekasi
CUST00980,Laki-laki,46+,2025-04-27,Metro
CUST00981,Laki-laki,26-35,2025-08-20,Banjarmasin
CUST00982,Laki-laki,18-25,2025-10-24,Tanjungpinang
CUST00983,Laki-laki,18-25,2024-10-28,Payakumbuh
CUST00984,Perempuan,18-25,2026-04-04,Sukabumi
CUST00985,Laki-laki,18-25,2026-02-16,Salatiga
CUST00986,Perempuan,46+,2026-04-14,Pontianak
CUST00987,Laki-laki,26-35,2026-05-31,Kediri
CUST00988,Laki-laki,26-35,2024-11-28,Kota Administrasi Jakarta Timur
CUST00989,Perempuan,26-35,2024-07-23,Tangerang Selatan
CUST00990,Perempuan,36-45,2026-06-05,Probolinggo
CUST00991,Laki-laki,36-45,2025-08-28,Cirebon
CUST00992,Laki-laki,26-35,2026-06-08,Banda Aceh
CUST00993,Perempuan,36-45,2024-11-24,Tomohon
CUST00994,Perempuan,18-25,2026-03-16,Batu
CUST00995,Laki-laki,46+,2025-02-04,Salatiga
CUST00996,Perempuan,18-25,2024-12-20,Tangerang
CUST00997,Perempuan,46+,2026-05-14,Meulaboh
CUST00998,Perempuan,46+,2026-01-24,Tanjungbalai
CUST00999,Perempuan,26-35,2025-12-31,Pekalongan
CUST01000,Perempuan,46+,2026-01-17,Banjarbaru
CUST01001,Laki-laki,46+,2024-08-31,Kediri
CUST01002,Laki-laki,26-35,2026-03-30,Makassar
CUST01003,Perempuan,26-35,2025-09-30,Madiun
CUST01004,Perempuan,18-25,2024-07-10,Palopo
CUST01005,Perempuan,46+,2025-07-03,Manado
CUST01006,Laki-laki,46+,2025-08-20,Palangkaraya
CUST01007,Laki-laki,36-45,2024-11-08,Bau-Bau
CUST01008,Laki-laki,36-45,2026-02-06,Kota Administrasi Jakarta Barat
CUST01009,Laki-laki,46+,2025-12-22,Bau-Bau
CUST01010,Perempuan,18-25,2025-01-11,Metro
CUST01011,Laki-laki,18-25,2025-12-21,Ternate
CUST01012,Perempuan,46+,2025-04-15,Mataram
CUST01013,Laki-laki,18-25,2024-09-07,Ambon
CUST01014,Laki-laki,26-35,2025-02-11,Mataram
CUST01015,Perempuan,26-35,2026-01-29,Bima
CUST01016,Perempuan,36-45,2024-09-27,Denpasar
CUST01017,Laki-laki,26-35,2025-05-17,Sabang
CUST01018,Laki-laki,18-25,2025-08-21,Bima
CUST01019,Perempuan,26-35,2024-07-07,Manado
CUST01020,Laki-laki,46+,2025-08-21,Serang
CUST01021,Laki-laki,36-45,2025-09-24,Meulaboh
CUST01022,Perempuan,46+,2024-06-26,Padang Sidempuan
CUST01023,Perempuan,36-45,2025-04-14,Tebingtinggi
CUST01024,Perempuan,36-45,2026-05-17,Samarinda
CUST01025,Perempuan,46+,2025-07-26,Tangerang Selatan
CUST01026,Perempuan,18-25,2025-04-08,Bogor
CUST01027,Perempuan,36-45,2025-01-11,Kota Administrasi Jakarta Timur
CUST01028,Laki-laki,36-45,2025-07-05,Batam
CUST01029,Perempuan,46+,2024-10-24,Kota Administrasi Jakarta Utara
CUST01030,Laki-laki,26-35,2025-05-10,Pariaman
CUST01031,Laki-laki,18-25,2026-02-14,Mataram
CUST01032,Perempuan,46+,2024-12-29,Tebingtinggi
CUST01033,Perempuan,26-35,2025-10-15,Serang
CUST01034,Laki-laki,36-45,2025-10-08,Palu
CUST01035,Laki-laki,46+,2024-09-08,Langsa
CUST01036,Laki-laki,46+,2024-06-22,Magelang
CUST01037,Perempuan,36-45,2026-04-01,Magelang
CUST01038,Perempuan,46+,2025-05-24,Palangkaraya
CUST01039,Perempuan,26-35,2026-03-12,Langsa
CUST01040,Perempuan,26-35,2025-02-21,Pariaman
CUST01041,Laki-laki,46+,2025-02-16,Mojokerto
CUST01042,Laki-laki,18-25,2025-02-19,Ternate
CUST01043,Laki-laki,18-25,2025-12-08,Samarinda
CUST01044,Laki-laki,18-25,2026-02-14,Madiun
CUST01045,Perempuan,26-35,2025-04-05,Mojokerto
CUST01046,Laki-laki,18-25,2025-03-27,Salatiga
CUST01047,Laki-laki,18-25,2024-11-19,Tangerang Selatan
CUST01048,Laki-laki,46+,2026-02-03,Tegal
CUST01049,Perempuan,18-25,2025-06-10,Palembang
CUST01050,Perempuan,46+,2026-02-26,Tanjungbalai
CUST01051,Laki-laki,18-25,2024-08-09,Tangerang
CUST01052,Perempuan,18-25,2025-07-09,Subulussalam
CUST01053,Laki-laki,36-45,2025-02-07,Kota Administrasi Jakarta Pusat
CUST01054,Perempuan,18-25,2025-11-10,Tasikmalaya
CUST01055,Perempuan,26-35,2025-05-11,Batu
CUST01056,Laki-laki,18-25,2025-05-31,Sawahlunto
CUST01057,Laki-laki,26-35,2025-04-24,Probolinggo
CUST01058,Laki-laki,36-45,2024-07-15,Tanjungpinang
CUST01059,Perempuan,36-45,2026-05-13,Bima
CUST01060,Perempuan,18-25,2026-02-04,Surabaya
CUST01061,Perempuan,46+,2025-11-15,Cimahi
CUST01062,Perempuan,26-35,2025-11-01,Salatiga
CUST01063,Laki-laki,36-45,2025-10-31,Tomohon
CUST01064,Laki-laki,18-25,2025-03-01,Bima
CUST01065,Laki-laki,46+,2024-06-25,Kota Administrasi Jakarta Selatan
CUST01066,Perempuan,46+,2024-12-06,Palopo
CUST01067,Perempuan,18-25,2025-04-03,Pangkalpinang
CUST01068,Laki-laki,26-35,2026-02-06,Malang
CUST01069,Laki-laki,46+,2024-07-06,Bima
CUST01070,Perempuan,36-45,2025-02-01,Bau-Bau
CUST01071,Laki-laki,18-25,2024-09-15,Malang
CUST01072,Laki-laki,26-35,2025-02-14,Palu
CUST01073,Perempuan,36-45,2026-02-16,Pematangsiantar
CUST01074,Laki-laki,18-25,2025-06-27,Parepare
CUST01075,Perempuan,18-25,2024-08-31,Tebingtinggi
CUST01076,Laki-laki,36-45,2025-12-10,Lubuklinggau
CUST01077,Laki-laki,26-35,2024-08-08,Banjar
CUST01078,Laki-laki,46+,2026-03-08,Banda Aceh
CUST01079,Laki-laki,36-45,2026-04-07,Sukabumi
CUST01080,Laki-laki,26-35,2024-09-09,Ternate
CUST01081,Perempuan,36-45,2024-12-23,Purwokerto
CUST01082,Perempuan,26-35,2024-10-19,Sabang
CUST01083,Laki-laki,36-45,2025-05-14,Kediri
CUST01084,Laki-laki,18-25,2026-02-26,Sorong
CUST01085,Perempuan,26-35,2024-11-07,Subulussalam
CUST01086,Laki-laki,36-45,2025-11-09,Mojokerto
CUST01087,Perempuan,36-45,2024-07-09,Palopo
CUST01088,Laki-laki,36-45,2025-09-19,Meulaboh
CUST01089,Perempuan,46+,2024-06-20,Gorontalo
CUST01090,Laki-laki,36-45,2025-01-19,Samarinda
CUST01091,Perempuan,46+,2024-09-04,Mataram
CUST01092,Laki-laki,46+,2025-02-25,Palu
CUST01093,Laki-laki,36-45,2024-09-13,Surakarta
CUST01094,Laki-laki,18-25,2026-04-18,Pontianak
CUST01095,Laki-laki,36-45,2025-10-26,Serang
CUST01096,Laki-laki,46+,2025-04-14,Semarang
CUST01097,Laki-laki,46+,2024-09-13,Manado
CUST01098,Perempuan,36-45,2026-04-04,Solok
CUST01099,Laki-laki,18-25,2024-10-29,Singkawang
CUST01100,Laki-laki,36-45,2025-09-18,Tangerang
CUST01101,Perempuan,36-45,2024-09-29,Bitung
CUST01102,Perempuan,18-25,2024-12-19,Binjai
CUST01103,Laki-laki,18-25,2024-11-06,Tanjungbalai
CUST01104,Laki-laki,46+,2024-10-04,Padangpanjang
CUST01105,Perempuan,46+,2025-09-23,Samarinda
CUST01106,Laki-laki,18-25,2025-04-11,Denpasar
CUST01107,Laki-laki,36-45,2025-06-30,Sabang
CUST01108,Laki-laki,36-45,2024-10-24,Kotamobagu
CUST01109,Perempuan,18-25,2024-10-03,Lubuklinggau
CUST01110,Perempuan,46+,2026-04-01,Solok
CUST01111,Perempuan,18-25,2024-07-28,Balikpapan
CUST01112,Laki-laki,26-35,2025-06-28,Depok
CUST01113,Perempuan,26-35,2026-03-12,Sabang
CUST01114,Laki-laki,36-45,2025-07-14,Padang Sidempuan
CUST01115,Perempuan,36-45,2025-11-30,Padangpanjang
CUST01116,Perempuan,26-35,2025-12-20,Pasuruan
CUST01117,Laki-laki,26-35,2024-10-24,Salatiga
CUST01118,Perempuan,36-45,2024-07-10,Kupang
CUST01119,Perempuan,36-45,2024-07-12,Jayapura
CUST01120,Perempuan,18-25,2025-08-08,Cimahi
CUST01121,Perempuan,36-45,2026-02-13,Salatiga
CUST01122,Laki-laki,46+,2026-01-14,Purwokerto
CUST01123,Laki-laki,46+,2025-07-18,Samarinda
CUST01124,Laki-laki,26-35,2024-09-13,Probolinggo
CUST01125,Perempuan,18-25,2026-03-18,Probolinggo
CUST01126,Perempuan,36-45,2026-03-17,Tual
CUST01127,Perempuan,36-45,2025-12-27,Probolinggo
CUST01128,Perempuan,36-45,2024-12-03,Bima
CUST01129,Perempuan,26-35,2026-01-09,Langsa
CUST01130,Perempuan,36-45,2026-04-27,Palopo
CUST01131,Laki-laki,46+,2025-01-07,Bekasi
CUST01132,Perempuan,26-35,2025-05-24,Kendari
CUST01133,Perempuan,36-45,2024-11-27,Tarakan
CUST01134,Perempuan,46+,2025-10-04,Cimahi
CUST01135,Laki-laki,36-45,2025-10-08,Gorontalo
CUST01136,Perempuan,36-45,2026-03-10,Banjarmasin
CUST01137,Perempuan,36-45,2025-09-02,Prabumulih
CUST01138,Laki-laki,26-35,2025-01-21,Madiun
CUST01139,Laki-laki,18-25,2025-12-15,Kupang
CUST01140,Perempuan,26-35,2025-09-04,Pekanbaru
CUST01141,Perempuan,36-45,2026-05-17,Bogor
CUST01142,Laki-laki,46+,2026-01-20,Banjarmasin
CUST01143,Perempuan,26-35,2025-01-18,Tanjungpinang
CUST01144,Perempuan,26-35,2026-04-20,Kota Administrasi Jakarta Barat
CUST01145,Perempuan,26-35,2024-10-08,Kota Administrasi Jakarta Barat
CUST01146,Perempuan,46+,2026-01-29,Pasuruan
CUST01147,Laki-laki,46+,2024-10-05,Sorong
CUST01148,Perempuan,46+,2025-05-04,Palopo
CUST01149,Perempuan,18-25,2024-08-14,Padang
CUST01150,Perempuan,18-25,2025-07-22,Tanjungbalai
CUST01151,Laki-laki,26-35,2026-06-14,Palu
CUST01152,Perempuan,26-35,2025-07-01,Sawahlunto
CUST01153,Laki-laki,46+,2024-06-18,Tegal
CUST01154,Perempuan,46+,2025-06-08,Batam
CUST01155,Laki-laki,18-25,2026-02-25,Jambi
CUST01156,Laki-laki,36-45,2025-05-16,Payakumbuh
CUST01157,Laki-laki,26-35,2025-01-11,Kotamobagu
CUST01158,Perempuan,36-45,2025-03-06,Salatiga
CUST01159,Perempuan,46+,2026-04-10,Makassar
CUST01160,Laki-laki,36-45,2026-05-12,Banjar
CUST01161,Laki-laki,46+,2024-09-02,Banda Aceh
CUST01162,Laki-laki,36-45,2024-09-21,Palembang
CUST01163,Perempuan,18-25,2025-06-06,Pagaralam
CUST01164,Laki-laki,26-35,2024-11-21,Sungai Penuh
CUST01165,Perempuan,36-45,2025-02-06,Kota Administrasi Jakarta Utara
CUST01166,Perempuan,46+,2024-08-28,Kota Administrasi Jakarta Pusat
CUST01167,Laki-laki,46+,2024-08-20,Surakarta
CUST01168,Perempuan,46+,2026-05-20,Banjarbaru
CUST01169,Laki-laki,46+,2025-04-20,Tebingtinggi
CUST01170,Perempuan,36-45,2025-12-12,Pagaralam
CUST01171,Laki-laki,36-45,2025-11-08,Tarakan
CUST01172,Laki-laki,18-25,2024-08-29,Jambi
CUST01173,Laki-laki,36-45,2025-06-22,Blitar
CUST01174,Laki-laki,26-35,2025-09-21,Pematangsiantar
CUST01175,Laki-laki,26-35,2025-11-27,Balikpapan
CUST01176,Laki-laki,36-45,2024-06-23,Bitung
CUST01177,Perempuan,46+,2026-04-16,Tanjungbalai
CUST01178,Laki-laki,46+,2024-09-27,Batu
CUST01179,Laki-laki,26-35,2024-12-11,Bekasi
CUST01180,Perempuan,46+,2026-01-05,Bima
CUST01181,Laki-laki,26-35,2025-02-15,Langsa
CUST01182,Perempuan,46+,2024-10-01,Tomohon
CUST01183,Perempuan,18-25,2026-04-27,Sukabumi
CUST01184,Laki-laki,26-35,2025-11-24,Batam
CUST01185,Perempuan,18-25,2025-08-03,Singkawang
CUST01186,Laki-laki,26-35,2025-11-03,Palembang
CUST01187,Perempuan,36-45,2025-03-16,Sorong
CUST01188,Laki-laki,46+,2026-01-19,Padang Sidempuan
CUST01189,Laki-laki,36-45,2025-10-08,Jambi
CUST01190,Perempuan,36-45,2024-08-23,Bogor
CUST01191,Perempuan,46+,2026-01-22,Semarang
CUST01192,Laki-laki,36-45,2026-01-05,Malang
CUST01193,Perempuan,46+,2025-05-16,Bogor
CUST01194,Laki-laki,36-45,2024-12-26,Sukabumi
CUST01195,Laki-laki,26-35,2024-08-21,Purwokerto
CUST01196,Perempuan,18-25,2025-09-26,Tanjungbalai
CUST01197,Laki-laki,36-45,2024-07-07,Gorontalo
CUST01198,Laki-laki,26-35,2025-07-24,Tidore Kepulauan
CUST01199,Perempuan,26-35,2025-04-17,Sukabumi
CUST01200,Perempuan,46+,2024-07-29,Payakumbuh
CUST01201,Laki-laki,46+,2025-04-12,Kendari
CUST01202,Perempuan,26-35,2025-07-10,Pontianak
CUST01203,Perempuan,26-35,2026-05-08,Mataram
CUST01204,Laki-laki,46+,2026-06-12,Blitar
CUST01205,Perempuan,26-35,2025-04-13,Mataram
CUST01206,Laki-laki,36-45,2025-08-15,Tual
CUST01207,Perempuan,18-25,2025-06-17,Banda Aceh
CUST01208,Perempuan,18-25,2025-09-16,Balikpapan
CUST01209,Perempuan,26-35,2025-01-06,Banjar
CUST01210,Laki-laki,46+,2026-06-03,Mojokerto
CUST01211,Perempuan,46+,2025-07-15,Sorong
CUST01212,Perempuan,46+,2025-12-22,Pagaralam
CUST01213,Perempuan,46+,2025-12-14,Bau-Bau
CUST01214,Laki-laki,18-25,2025-10-27,Kota Administrasi Jakarta Utara
CUST01215,Laki-laki,26-35,2024-08-20,Bau-Bau
CUST01216,Perempuan,18-25,2025-07-19,Bukittinggi
CUST01217,Perempuan,26-35,2025-08-07,Mojokerto
CUST01218,Perempuan,26-35,2025-09-15,Lhokseumawe
CUST01219,Perempuan,46+,2025-12-11,Tegal
CUST01220,Laki-laki,18-25,2026-04-05,Banjarmasin
CUST01221,Perempuan,36-45,2024-12-23,Palangkaraya
CUST01222,Laki-laki,46+,2024-09-15,Singkawang
CUST01223,Laki-laki,46+,2025-10-02,Lhokseumawe
CUST01224,Laki-laki,26-35,2025-11-16,Bitung
CUST01225,Perempuan,18-25,2024-06-26,Tanjungpinang
CUST01226,Perempuan,36-45,2024-06-25,Payakumbuh
CUST01227,Perempuan,18-25,2025-03-13,Cimahi
CUST01228,Perempuan,18-25,2025-04-01,Tidore Kepulauan
CUST01229,Laki-laki,26-35,2026-02-13,Tegal
CUST01230,Perempuan,46+,2026-05-06,Yogyakarta
CUST01231,Laki-laki,26-35,2026-05-16,Magelang
CUST01232,Laki-laki,26-35,2026-03-05,Kota Administrasi Jakarta Timur
CUST01233,Laki-laki,36-45,2025-07-28,Kota Administrasi Jakarta Selatan
CUST01234,Perempuan,26-35,2025-12-22,Payakumbuh
CUST01235,Perempuan,36-45,2025-06-05,Banjarmasin
CUST01236,Perempuan,36-45,2025-07-10,Medan
CUST01237,Laki-laki,26-35,2024-10-17,Yogyakarta
CUST01238,Perempuan,18-25,2024-09-04,Kediri
CUST01239,Perempuan,26-35,2026-01-13,Banjar
CUST01240,Laki-laki,26-35,2026-04-14,Kota Administrasi Jakarta Barat
CUST01241,Laki-laki,36-45,2024-07-22,Mataram
CUST01242,Laki-laki,46+,2025-04-10,Cirebon
CUST01243,Perempuan,26-35,2026-06-10,Purwokerto
CUST01244,Perempuan,46+,2026-03-02,Jayapura
CUST01245,Perempuan,46+,2025-02-21,Padangpanjang
CUST01246,Laki-laki,18-25,2026-05-29,Kota Administrasi Jakarta Timur
CUST01247,Perempuan,36-45,2026-03-20,Samarinda
CUST01248,Perempuan,46+,2025-04-02,Pekalongan
CUST01249,Perempuan,36-45,2025-11-21,Cirebon
CUST01250,Laki-laki,18-25,2024-12-07,Padang
CUST01251,Perempuan,36-45,2024-08-09,Kotamobagu
CUST01252,Laki-laki,46+,2026-02-07,Madiun
CUST01253,Laki-laki,46+,2024-08-23,Balikpapan
CUST01254,Laki-laki,46+,2025-03-30,Kupang
CUST01255,Perempuan,36-45,2025-08-28,Ternate
CUST01256,Perempuan,36-45,2025-10-13,Pangkalpinang
CUST01257,Laki-laki,46+,2025-03-30,Yogyakarta
CUST01258,Perempuan,18-25,2026-02-09,Tegal
CUST01259,Laki-laki,18-25,2026-05-17,Bukittinggi
CUST01260,Perempuan,18-25,2024-06-21,Bandar Lampung
CUST01261,Laki-laki,26-35,2024-12-14,Subulussalam
CUST01262,Perempuan,46+,2026-03-31,Magelang
CUST01263,Laki-laki,46+,2024-06-18,Ternate
CUST01264,Laki-laki,26-35,2026-01-02,Bima
CUST01265,Perempuan,26-35,2024-11-23,Padangpanjang
CUST01266,Perempuan,18-25,2025-07-04,Bontang
CUST01267,Perempuan,36-45,2025-12-21,Bekasi
CUST01268,Laki-laki,36-45,2024-07-21,Pematangsiantar
CUST01269,Laki-laki,18-25,2025-05-03,Palu
CUST01270,Perempuan,36-45,2026-01-18,Sawahlunto
CUST01271,Laki-laki,46+,2024-08-30,Subulussalam
CUST01272,Laki-laki,18-25,2026-03-15,Batu
CUST01273,Laki-laki,26-35,2025-09-19,Palangkaraya
CUST01274,Perempuan,18-25,2025-11-13,Kendari
CUST01275,Laki-laki,26-35,2025-01-29,Lubuklinggau
CUST01276,Perempuan,18-25,2026-06-06,Tanjungpinang
CUST01277,Laki-laki,36-45,2026-03-25,Lubuklinggau
CUST01278,Laki-laki,46+,2025-06-03,Kediri
CUST01279,Laki-laki,46+,2024-08-14,Bogor
CUST01280,Laki-laki,26-35,2026-02-12,Bukittinggi
CUST01281,Perempuan,18-25,2024-09-07,Palopo
CUST01282,Laki-laki,18-25,2025-06-13,Padang Sidempuan
CUST01283,Perempuan,36-45,2024-09-18,Yogyakarta
CUST01284,Perempuan,26-35,2024-11-25,Lhokseumawe
CUST01285,Perempuan,26-35,2025-06-11,Bitung
CUST01286,Laki-laki,18-25,2024-08-26,Tangerang Selatan
CUST01287,Laki-laki,26-35,2025-02-08,Jambi
CUST01288,Perempuan,36-45,2026-03-28,Bontang
CUST01289,Laki-laki,26-35,2024-08-26,Manado
CUST01290,Perempuan,46+,2025-04-20,Tangerang
CUST01291,Laki-laki,18-25,2025-02-04,Cirebon
CUST01292,Laki-laki,26-35,2024-07-11,Palopo
CUST01293,Laki-laki,46+,2025-08-22,Bengkulu
CUST01294,Perempuan,46+,2025-06-10,Bogor
CUST01295,Perempuan,26-35,2024-09-19,Banjarmasin
CUST01296,Laki-laki,36-45,2026-03-23,Blitar
CUST01297,Laki-laki,26-35,2024-11-17,Medan
CUST01298,Perempuan,18-25,2025-12-02,Sawahlunto
CUST01299,Perempuan,26-35,2025-09-15,Batu
CUST01300,Laki-laki,46+,2024-07-03,Dumai
CUST01301,Perempuan,18-25,2026-05-18,Blitar
CUST01302,Laki-laki,46+,2024-08-27,Bitung
CUST01303,Perempuan,18-25,2024-07-20,Banjarbaru
CUST01304,Laki-laki,46+,2024-10-25,Tebingtinggi
CUST01305,Laki-laki,18-25,2025-04-19,Bandar Lampung
CUST01306,Perempuan,36-45,2025-04-10,Cirebon
CUST01307,Laki-laki,46+,2025-03-18,Denpasar
CUST01308,Perempuan,36-45,2025-01-16,Palopo
CUST01309,Laki-laki,46+,2026-05-04,Bandung
CUST01310,Laki-laki,18-25,2025-10-06,Sukabumi
CUST01311,Laki-laki,18-25,2025-02-01,Padang Sidempuan
CUST01312,Perempuan,26-35,2026-05-03,Banjarmasin
CUST01313,Laki-laki,18-25,2024-08-24,Meulaboh
CUST01314,Perempuan,36-45,2024-10-01,Dumai
CUST01315,Perempuan,46+,2025-10-29,Sorong
CUST01316,Perempuan,18-25,2026-03-02,Metro
CUST01317,Laki-laki,36-45,2026-02-14,Pariaman
CUST01318,Laki-laki,36-45,2025-08-13,Malang
CUST01319,Laki-laki,26-35,2026-05-26,Meulaboh
CUST01320,Laki-laki,36-45,2025-01-13,Bandar Lampung
CUST01321,Perempuan,18-25,2025-02-19,Bandar Lampung
CUST01322,Perempuan,46+,2026-05-13,Banjarmasin
CUST01323,Laki-laki,18-25,2026-03-07,Pontianak
CUST01324,Laki-laki,18-25,2025-03-21,Cilegon
CUST01325,Perempuan,18-25,2024-09-02,Surabaya
CUST01326,Perempuan,18-25,2024-12-21,Prabumulih
CUST01327,Perempuan,26-35,2026-03-13,Tual
CUST01328,Laki-laki,18-25,2024-12-04,Manado
CUST01329,Laki-laki,18-25,2026-06-13,Cirebon
CUST01330,Laki-laki,46+,2024-12-17,Ternate
CUST01331,Perempuan,36-45,2025-12-10,Semarang
CUST01332,Laki-laki,36-45,2024-07-08,Salatiga
CUST01333,Laki-laki,36-45,2025-08-28,Salatiga
CUST01334,Laki-laki,18-25,2024-11-10,Probolinggo
CUST01335,Perempuan,46+,2025-02-12,Pasuruan
CUST01336,Perempuan,18-25,2024-07-16,Banjarmasin
CUST01337,Perempuan,18-25,2024-12-14,Banda Aceh
CUST01338,Perempuan,46+,2025-07-30,Ambon
CUST01339,Perempuan,18-25,2025-03-01,Blitar
CUST01340,Perempuan,26-35,2025-03-08,Madiun
CUST01341,Perempuan,26-35,2024-08-02,Bontang
CUST01342,Perempuan,18-25,2025-09-15,Binjai
CUST01343,Laki-laki,26-35,2026-04-05,Batu
CUST01344,Laki-laki,18-25,2025-04-03,Semarang
CUST01345,Laki-laki,26-35,2024-09-03,Langsa
CUST01346,Laki-laki,46+,2025-02-22,Cilegon
CUST01347,Perempuan,46+,2026-01-06,Subulussalam
CUST01348,Laki-laki,26-35,2025-06-30,Cirebon
CUST01349,Laki-laki,46+,2025-12-18,Jayapura
CUST01350,Laki-laki,36-45,2025-11-15,Metro
CUST01351,Laki-laki,46+,2025-02-10,Blitar
CUST01352,Perempuan,36-45,2024-11-02,Tanjungpinang
CUST01353,Laki-laki,36-45,2025-09-04,Yogyakarta
CUST01354,Laki-laki,18-25,2025-08-31,Denpasar
CUST01355,Laki-laki,26-35,2025-09-27,Singkawang
CUST01356,Laki-laki,46+,2024-12-05,Payakumbuh
CUST01357,Laki-laki,46+,2024-10-04,Tidore Kepulauan
CUST01358,Perempuan,36-45,2024-08-16,Malang
CUST01359,Perempuan,18-25,2025-02-20,Subulussalam
CUST01360,Perempuan,18-25,2026-05-05,Tarakan
CUST01361,Perempuan,26-35,2025-11-19,Palopo
CUST01362,Perempuan,36-45,2024-06-25,Gorontalo
CUST01363,Laki-laki,46+,2024-12-27,Malang
CUST01364,Perempuan,46+,2025-01-02,Tebingtinggi
CUST01365,Laki-laki,26-35,2024-06-17,Meulaboh
CUST01366,Laki-laki,18-25,2025-05-23,Cimahi
CUST01367,Perempuan,18-25,2026-05-05,Payakumbuh
CUST01368,Laki-laki,36-45,2026-05-02,Malang
CUST01369,Laki-laki,36-45,2025-08-15,Bengkulu
CUST01370,Laki-laki,46+,2026-03-22,Samarinda
CUST01371,Perempuan,18-25,2025-11-04,Cilegon
CUST01372,Laki-laki,26-35,2025-06-02,Bandung
CUST01373,Perempuan,46+,2025-02-01,Lubuklinggau
CUST01374,Laki-laki,26-35,2025-01-05,Batu
CUST01375,Perempuan,18-25,2025-03-09,Metro
CUST01376,Laki-laki,26-35,2024-10-19,Purwokerto
CUST01377,Perempuan,36-45,2026-05-15,Makassar
CUST01378,Perempuan,18-25,2025-09-21,Tarakan
CUST01379,Laki-laki,26-35,2024-07-11,Sungai Penuh
CUST01380,Perempuan,18-25,2024-10-23,Cilegon
CUST01381,Laki-laki,46+,2024-07-28,Magelang
CUST01382,Laki-laki,26-35,2024-11-23,Padang Sidempuan
CUST01383,Perempuan,36-45,2025-12-10,Surabaya
CUST01384,Perempuan,46+,2025-01-21,Kendari
CUST01385,Perempuan,36-45,2024-08-30,Mojokerto
CUST01386,Perempuan,36-45,2025-09-04,Bukittinggi
CUST01387,Laki-laki,18-25,2024-07-29,Ambon
CUST01388,Laki-laki,26-35,2025-05-15,Kupang
CUST01389,Laki-laki,26-35,2026-03-18,Dumai
CUST01390,Laki-laki,26-35,2024-08-31,Gorontalo
CUST01391,Perempuan,46+,2024-10-27,Bau-Bau
CUST01392,Perempuan,46+,2025-06-19,Lhokseumawe
CUST01393,Laki-laki,36-45,2026-02-16,Parepare
CUST01394,Laki-laki,46+,2025-07-01,Bekasi
CUST01395,Perempuan,46+,2025-10-28,Denpasar
CUST01396,Perempuan,18-25,2025-04-01,Medan
CUST01397,Laki-laki,26-35,2024-11-08,Banjar
CUST01398,Perempuan,18-25,2025-01-07,Pangkalpinang
CUST01399,Laki-laki,36-45,2025-01-07,Kota Administrasi Jakarta Timur
CUST01400,Laki-laki,18-25,2025-08-29,Bukittinggi
CUST01401,Laki-laki,36-45,2026-01-22,Bau-Bau
CUST01402,Perempuan,18-25,2025-11-17,Probolinggo
CUST01403,Perempuan,36-45,2025-05-04,Purwokerto
CUST01404,Laki-laki,18-25,2024-08-03,Pematangsiantar
CUST01405,Perempuan,46+,2025-05-08,Samarinda
CUST01406,Laki-laki,18-25,2026-05-02,Parepare
CUST01407,Perempuan,18-25,2025-02-04,Mojokerto
CUST01408,Laki-laki,18-25,2026-05-19,Pekalongan
CUST01409,Laki-laki,18-25,2025-09-03,Bitung
CUST01410,Laki-laki,26-35,2026-01-26,Cirebon
CUST01411,Laki-laki,46+,2024-10-24,Depok
CUST01412,Perempuan,18-25,2024-09-23,Pagaralam
CUST01413,Perempuan,18-25,2024-08-16,Dumai
CUST01414,Laki-laki,18-25,2026-03-17,Serang
CUST01415,Laki-laki,46+,2025-01-03,Tegal
CUST01416,Laki-laki,18-25,2026-05-28,Bekasi
CUST01417,Perempuan,18-25,2025-04-14,Purwokerto
CUST01418,Laki-laki,46+,2025-02-25,Pematangsiantar
CUST01419,Laki-laki,26-35,2025-06-07,Tanjungpinang
CUST01420,Perempuan,46+,2025-10-13,Binjai
CUST01421,Perempuan,18-25,2025-05-04,Bontang
CUST01422,Perempuan,46+,2025-08-31,Bima
CUST01423,Laki-laki,36-45,2025-08-28,Kotamobagu
CUST01424,Laki-laki,26-35,2026-04-21,Padang Sidempuan
CUST01425,Perempuan,36-45,2025-01-08,Sungai Penuh
CUST01426,Perempuan,26-35,2025-06-29,Bandung
CUST01427,Laki-laki,26-35,2024-10-28,Padang
CUST01428,Perempuan,46+,2024-10-06,Bandung
CUST01429,Perempuan,46+,2025-04-20,Tanjungbalai
CUST01430,Laki-laki,18-25,2024-12-18,Tidore Kepulauan
CUST01431,Perempuan,46+,2025-06-21,Medan
CUST01432,Laki-laki,46+,2024-07-02,Langsa
CUST01433,Laki-laki,26-35,2025-02-13,Pasuruan
CUST01434,Laki-laki,46+,2026-04-14,Kediri
CUST01435,Perempuan,46+,2024-09-29,Tidore Kepulauan
CUST01436,Perempuan,36-45,2025-05-27,Kota Administrasi Jakarta Timur
CUST01437,Perempuan,46+,2026-01-04,Sibolga
CUST01438,Perempuan,26-35,2025-10-31,Depok
CUST01439,Laki-laki,36-45,2025-05-26,Padang Sidempuan
CUST01440,Laki-laki,18-25,2026-01-13,Tual
CUST01441,Perempuan,18-25,2025-07-23,Banjarmasin
CUST01442,Perempuan,36-45,2025-07-22,Batam
CUST01443,Laki-laki,26-35,2025-02-13,Bogor
CUST01444,Laki-laki,26-35,2026-02-13,Cirebon
CUST01445,Laki-laki,36-45,2024-11-13,Banjarmasin
CUST01446,Laki-laki,26-35,2024-12-27,Palu
CUST01447,Perempuan,36-45,2024-07-26,Tarakan
CUST01448,Laki-laki,26-35,2024-11-18,Medan
CUST01449,Laki-laki,36-45,2026-03-18,Pekalongan
CUST01450,Perempuan,18-25,2025-04-21,Tangerang Selatan
CUST01451,Perempuan,26-35,2024-07-10,Medan
CUST01452,Laki-laki,46+,2025-07-01,Cirebon
CUST01453,Perempuan,26-35,2026-04-24,Semarang
CUST01454,Perempuan,18-25,2025-08-19,Malang
CUST01455,Laki-laki,18-25,2024-10-22,Tidore Kepulauan
CUST01456,Laki-laki,26-35,2026-03-24,Kotamobagu
CUST01457,Laki-laki,46+,2024-07-08,Banjarbaru
CUST01458,Laki-laki,36-45,2024-10-21,Jayapura
CUST01459,Laki-laki,26-35,2025-11-01,Tangerang
CUST01460,Perempuan,26-35,2024-11-24,Sungai Penuh
CUST01461,Perempuan,18-25,2025-05-01,Yogyakarta
CUST01462,Laki-laki,26-35,2025-11-28,Parepare
CUST01463,Laki-laki,18-25,2026-05-25,Sukabumi
CUST01464,Perempuan,18-25,2024-10-29,Jayapura
CUST01465,Perempuan,46+,2024-12-30,Tasikmalaya
CUST01466,Laki-laki,36-45,2025-12-19,Pagaralam
CUST01467,Perempuan,36-45,2026-05-13,Malang
CUST01468,Laki-laki,26-35,2025-06-08,Jambi
CUST01469,Perempuan,46+,2025-06-14,Tangerang
CUST01470,Perempuan,26-35,2025-07-26,Sawahlunto
CUST01471,Perempuan,26-35,2024-09-04,Pekanbaru
CUST01472,Laki-laki,46+,2025-11-13,Sabang
CUST01473,Perempuan,36-45,2025-11-01,Langsa
CUST01474,Laki-laki,26-35,2025-11-30,Pariaman
CUST01475,Laki-laki,46+,2024-08-05,Kota Administrasi Jakarta Utara
CUST01476,Laki-laki,26-35,2025-10-27,Kota Administrasi Jakarta Utara
CUST01477,Perempuan,26-35,2025-01-05,Depok
CUST01478,Laki-laki,46+,2024-10-11,Banjarmasin
CUST01479,Laki-laki,36-45,2026-03-04,Surabaya
CUST01480,Laki-laki,26-35,2025-02-20,Tebingtinggi
CUST01481,Perempuan,36-45,2024-07-06,Kupang
CUST01482,Laki-laki,18-25,2025-01-04,Padang
CUST01483,Perempuan,46+,2025-04-14,Sawahlunto
CUST01484,Laki-laki,36-45,2025-12-18,Makassar
CUST01485,Laki-laki,26-35,2026-01-02,Tangerang Selatan
CUST01486,Laki-laki,36-45,2025-08-06,Surakarta
CUST01487,Perempuan,18-25,2025-03-22,Cimahi
CUST01488,Laki-laki,18-25,2026-03-31,Kupang
CUST01489,Perempuan,46+,2024-08-31,Blitar
CUST01490,Perempuan,26-35,2026-01-13,Tebingtinggi
CUST01491,Perempuan,46+,2026-03-06,Tangerang Selatan
CUST01492,Perempuan,36-45,2026-05-16,Sungai Penuh
CUST01493,Perempuan,18-25,2024-08-25,Manado
CUST01494,Perempuan,26-35,2024-12-07,Padangpanjang
CUST01495,Laki-laki,46+,2026-02-19,Medan
CUST01496,Laki-laki,18-25,2025-01-05,Pangkalpinang
CUST01497,Perempuan,18-25,2026-04-09,Parepare
CUST01498,Perempuan,36-45,2024-07-28,Parepare
CUST01499,Laki-laki,18-25,2026-05-08,Pekalongan
CUST01500,Perempuan,26-35,2024-09-18,Pontianak
CUST01501,Perempuan,26-35,2025-02-03,Banjarbaru
CUST01502,Laki-laki,18-25,2026-04-24,Bogor
CUST01503,Perempuan,46+,2024-11-19,Padang Sidempuan
CUST01504,Laki-laki,46+,2025-09-02,Bontang
CUST01505,Laki-laki,46+,2025-02-17,Bau-Bau
CUST01506,Laki-laki,18-25,2025-06-30,Sorong
CUST01507,Laki-laki,36-45,2024-11-01,Subulussalam
CUST01508,Laki-laki,26-35,2024-08-01,Palopo
CUST01509,Perempuan,36-45,2025-01-15,Tual
CUST01510,Perempuan,36-45,2026-02-07,Samarinda
CUST01511,Laki-laki,18-25,2026-01-31,Pasuruan
CUST01512,Laki-laki,46+,2026-02-16,Blitar
CUST01513,Perempuan,26-35,2025-10-07,Subulussalam
CUST01514,Laki-laki,36-45,2025-05-16,Pagaralam
CUST01515,Laki-laki,46+,2025-06-22,Ambon
CUST01516,Laki-laki,36-45,2024-07-16,Tegal
CUST01517,Perempuan,26-35,2025-04-02,Madiun
CUST01518,Laki-laki,18-25,2026-01-25,Banda Aceh
CUST01519,Laki-laki,26-35,2025-11-24,Sorong
CUST01520,Perempuan,18-25,2026-01-07,Jayapura
CUST01521,Perempuan,18-25,2025-12-07,Lhokseumawe
CUST01522,Perempuan,46+,2024-09-25,Meulaboh
CUST01523,Perempuan,46+,2025-07-12,Cimahi
CUST01524,Perempuan,18-25,2024-08-06,Langsa
CUST01525,Perempuan,26-35,2025-01-28,Tegal
CUST01526,Perempuan,46+,2025-07-26,Palangkaraya
CUST01527,Perempuan,26-35,2026-05-07,Makassar
CUST01528,Perempuan,18-25,2026-05-18,Manado
CUST01529,Perempuan,46+,2026-01-20,Cimahi
CUST01530,Perempuan,36-45,2026-05-22,Banda Aceh
CUST01531,Laki-laki,36-45,2024-12-11,Tegal
CUST01532,Laki-laki,26-35,2024-09-26,Tegal
CUST01533,Laki-laki,18-25,2024-07-04,Bitung
CUST01534,Perempuan,46+,2025-03-28,Metro
CUST01535,Laki-laki,18-25,2026-04-28,Yogyakarta
CUST01536,Perempuan,46+,2025-08-06,Serang
CUST01537,Perempuan,26-35,2024-07-24,Sungai Penuh
CUST01538,Perempuan,36-45,2026-03-28,Banjarbaru
CUST01539,Laki-laki,46+,2025-12-04,Padangpanjang
CUST01540,Laki-laki,26-35,2025-05-28,Bitung
CUST01541,Laki-laki,46+,2025-08-16,Parepare
CUST01542,Laki-laki,26-35,2025-12-14,Gorontalo
CUST01543,Laki-laki,26-35,2025-12-08,Langsa
CUST01544,Laki-laki,18-25,2025-05-09,Surabaya
CUST01545,Perempuan,18-25,2025-07-26,Solok
CUST01546,Perempuan,26-35,2025-09-30,Padangpanjang
CUST01547,Laki-laki,36-45,2026-03-24,Pekanbaru
CUST01548,Perempuan,18-25,2025-12-27,Kotamobagu
CUST01549,Laki-laki,46+,2024-09-13,Payakumbuh
CUST01550,Perempuan,36-45,2024-11-18,Kota Administrasi Jakarta Selatan
CUST01551,Perempuan,46+,2026-03-24,Manado
CUST01552,Laki-laki,46+,2025-12-15,Kupang
CUST01553,Laki-laki,46+,2024-10-19,Purwokerto
CUST01554,Laki-laki,26-35,2025-07-07,Tanjungbalai
CUST01555,Laki-laki,18-25,2026-06-11,Magelang
CUST01556,Laki-laki,36-45,2024-12-16,Balikpapan
CUST01557,Perempuan,46+,2025-11-20,Binjai
CUST01558,Perempuan,46+,2026-03-27,Bukittinggi
CUST01559,Perempuan,46+,2024-08-25,Tebingtinggi
CUST01560,Laki-laki,26-35,2025-12-31,Kota Administrasi Jakarta Pusat
CUST01561,Perempuan,46+,2025-10-30,Palu
CUST01562,Laki-laki,46+,2025-02-01,Pangkalpinang
CUST01563,Laki-laki,46+,2024-07-25,Cirebon
CUST01564,Perempuan,26-35,2026-04-26,Kupang
CUST01565,Laki-laki,46+,2025-03-23,Pagaralam
CUST01566,Perempuan,36-45,2026-01-11,Bengkulu
CUST01567,Laki-laki,36-45,2026-04-09,Balikpapan
CUST01568,Perempuan,36-45,2026-04-09,Surabaya
CUST01569,Perempuan,46+,2025-11-01,Magelang
CUST01570,Laki-laki,26-35,2025-03-21,Solok
CUST01571,Laki-laki,36-45,2025-01-11,Medan
CUST01572,Perempuan,36-45,2026-03-12,Denpasar
CUST01573,Perempuan,46+,2024-09-13,Padang
CUST01574,Laki-laki,26-35,2025-06-06,Meulaboh
CUST01575,Perempuan,26-35,2025-12-04,Padangpanjang
CUST01576,Perempuan,46+,2025-11-02,Binjai
CUST01577,Perempuan,18-25,2024-09-27,Cilegon
CUST01578,Laki-laki,18-25,2024-09-05,Semarang
CUST01579,Perempuan,46+,2025-06-26,Denpasar
CUST01580,Laki-laki,18-25,2025-10-04,Manado
CUST01581,Laki-laki,26-35,2025-10-04,Tangerang Selatan
CUST01582,Laki-laki,18-25,2026-05-01,Pariaman
CUST01583,Laki-laki,18-25,2026-06-01,Binjai
CUST01584,Perempuan,18-25,2026-05-07,Palembang
CUST01585,Perempuan,26-35,2024-07-22,Kota Administrasi Jakarta Selatan
CUST01586,Perempuan,36-45,2025-11-07,Balikpapan
CUST01587,Perempuan,46+,2025-12-16,Surakarta
CUST01588,Laki-laki,18-25,2026-04-26,Pematangsiantar
CUST01589,Laki-laki,36-45,2025-07-28,Palangkaraya
CUST01590,Perempuan,46+,2025-11-12,Pariaman
CUST01591,Laki-laki,46+,2025-03-12,Bukittinggi
CUST01592,Perempuan,36-45,2026-03-30,Balikpapan
CUST01593,Laki-laki,36-45,2025-10-29,Pekalongan
CUST01594,Laki-laki,36-45,2026-04-07,Payakumbuh
CUST01595,Laki-laki,46+,2026-04-23,Batu
CUST01596,Laki-laki,26-35,2026-01-21,Madiun
CUST01597,Laki-laki,26-35,2024-12-21,Kota Administrasi Jakarta Utara
CUST01598,Laki-laki,26-35,2024-07-26,Purwokerto
CUST01599,Perempuan,46+,2025-10-29,Padang
CUST01600,Laki-laki,18-25,2026-03-13,Bau-Bau
CUST01601,Perempuan,26-35,2025-06-08,Samarinda
CUST01602,Laki-laki,18-25,2025-05-31,Payakumbuh
CUST01603,Laki-laki,36-45,2025-05-30,Bitung
CUST01604,Perempuan,36-45,2025-07-08,Bima
CUST01605,Perempuan,46+,2025-04-26,Bandung
CUST01606,Perempuan,46+,2025-08-23,Bekasi
CUST01607,Perempuan,26-35,2026-02-21,Pekanbaru
CUST01608,Perempuan,36-45,2025-08-27,Sungai Penuh
CUST01609,Perempuan,18-25,2025-11-20,Makassar
CUST01610,Laki-laki,36-45,2025-03-26,Jayapura
CUST01611,Perempuan,36-45,2026-04-03,Magelang
CUST01612,Laki-laki,46+,2025-08-26,Tasikmalaya
CUST01613,Laki-laki,36-45,2025-11-09,Tasikmalaya
CUST01614,Perempuan,36-45,2025-06-03,Bengkulu
CUST01615,Perempuan,36-45,2026-01-27,Ambon
CUST01616,Perempuan,26-35,2025-03-09,Subulussalam
CUST01617,Laki-laki,26-35,2026-02-28,Purwokerto
CUST01618,Laki-laki,46+,2025-07-27,Tanjungpinang
CUST01619,Perempuan,26-35,2024-09-07,Cimahi
CUST01620,Laki-laki,46+,2025-07-04,Tasikmalaya
CUST01621,Perempuan,36-45,2026-01-14,Bima
CUST01622,Perempuan,46+,2024-12-31,Depok
CUST01623,Perempuan,18-25,2024-09-18,Jambi
CUST01624,Laki-laki,36-45,2025-06-06,Tasikmalaya
CUST01625,Laki-laki,46+,2025-03-06,Tomohon
CUST01626,Perempuan,36-45,2025-05-04,Subulussalam
CUST01627,Laki-laki,26-35,2026-03-29,Yogyakarta
CUST01628,Perempuan,18-25,2026-05-10,Palu
CUST01629,Perempuan,26-35,2025-11-10,Payakumbuh
CUST01630,Perempuan,26-35,2024-06-20,Purwokerto
CUST01631,Perempuan,18-25,2026-06-13,Sawahlunto
CUST01632,Laki-laki,36-45,2025-06-27,Tanjungbalai
CUST01633,Laki-laki,36-45,2025-09-09,Tegal
CUST01634,Perempuan,36-45,2026-03-12,Bima
CUST01635,Perempuan,36-45,2025-04-13,Pekalongan
CUST01636,Perempuan,46+,2026-05-02,Padangpanjang
CUST01637,Laki-laki,46+,2025-10-03,Kota Administrasi Jakarta Utara
CUST01638,Laki-laki,18-25,2025-04-22,Kupang
CUST01639,Perempuan,26-35,2025-06-03,Bogor
CUST01640,Laki-laki,46+,2025-05-03,Tanjungpinang
CUST01641,Perempuan,46+,2025-08-16,Tasikmalaya
CUST01642,Laki-laki,26-35,2026-01-10,Dumai
CUST01643,Laki-laki,26-35,2024-11-26,Tangerang Selatan
CUST01644,Perempuan,46+,2025-03-12,Tarakan
CUST01645,Perempuan,26-35,2025-11-03,Pekalongan
CUST01646,Perempuan,26-35,2025-08-12,Tarakan
CUST01647,Laki-laki,46+,2024-09-14,Sabang
CUST01648,Perempuan,26-35,2025-06-25,Tangerang
CUST01649,Perempuan,18-25,2026-01-18,Pagaralam
CUST01650,Laki-laki,46+,2026-03-06,Pematangsiantar
CUST01651,Perempuan,26-35,2024-09-07,Metro
CUST01652,Laki-laki,26-35,2024-10-07,Surakarta
CUST01653,Perempuan,18-25,2024-07-30,Kota Administrasi Jakarta Timur
CUST01654,Laki-laki,46+,2026-01-20,Kotamobagu
CUST01655,Perempuan,46+,2025-11-29,Bontang
CUST01656,Perempuan,46+,2026-03-30,Tanjungbalai
CUST01657,Perempuan,18-25,2026-02-16,Gorontalo
CUST01658,Laki-laki,26-35,2026-01-23,Manado
CUST01659,Perempuan,18-25,2026-03-11,Bima
CUST01660,Perempuan,26-35,2025-10-08,Tidore Kepulauan
CUST01661,Laki-laki,18-25,2025-11-01,Kendari
CUST01662,Laki-laki,26-35,2025-07-18,Tanjungbalai
CUST01663,Perempuan,36-45,2025-11-15,Metro
CUST01664,Laki-laki,18-25,2025-04-14,Tangerang Selatan
CUST01665,Perempuan,36-45,2025-02-14,Balikpapan
CUST01666,Laki-laki,18-25,2026-01-15,Dumai
CUST01667,Laki-laki,36-45,2025-10-12,Jayapura
CUST01668,Perempuan,46+,2026-05-25,Tomohon
CUST01669,Perempuan,46+,2025-09-17,Tebingtinggi
CUST01670,Laki-laki,36-45,2024-11-14,Palopo
CUST01671,Perempuan,36-45,2024-11-01,Denpasar
CUST01672,Laki-laki,26-35,2024-10-29,Metro
CUST01673,Perempuan,18-25,2024-07-18,Kota Administrasi Jakarta Utara
CUST01674,Laki-laki,26-35,2025-08-23,Blitar
CUST01675,Laki-laki,26-35,2024-10-19,Ambon
CUST01676,Laki-laki,26-35,2025-02-28,Tarakan
CUST01677,Laki-laki,36-45,2026-06-15,Banjar
CUST01678,Laki-laki,46+,2024-10-14,Serang
CUST01679,Perempuan,18-25,2024-07-26,Pasuruan
CUST01680,Laki-laki,18-25,2026-02-20,Batu
CUST01681,Laki-laki,18-25,2026-02-15,Pontianak
CUST01682,Laki-laki,46+,2024-12-04,Pematangsiantar
CUST01683,Perempuan,46+,2024-08-08,Padangpanjang
CUST01684,Laki-laki,36-45,2025-08-12,Bekasi
CUST01685,Perempuan,26-35,2025-03-15,Jambi
CUST01686,Laki-laki,18-25,2025-11-14,Magelang
CUST01687,Perempuan,46+,2025-03-24,Jambi
CUST01688,Laki-laki,36-45,2026-01-22,Sabang
CUST01689,Laki-laki,46+,2026-03-18,Binjai
CUST01690,Laki-laki,18-25,2025-11-18,Palopo
CUST01691,Perempuan,18-25,2024-12-20,Banjar
CUST01692,Laki-laki,46+,2025-11-29,Metro
CUST01693,Laki-laki,26-35,2026-05-29,Meulaboh
CUST01694,Perempuan,26-35,2025-01-02,Bandar Lampung
CUST01695,Perempuan,46+,2026-05-25,Pekanbaru
CUST01696,Perempuan,26-35,2026-03-02,Pasuruan
CUST01697,Laki-laki,46+,2024-07-21,Sungai Penuh
CUST01698,Laki-laki,46+,2024-11-13,Pekanbaru
CUST01699,Perempuan,26-35,2024-08-19,Cimahi
CUST01700,Laki-laki,18-25,2026-02-07,Sorong
CUST01701,Laki-laki,18-25,2024-08-06,Surakarta
CUST01702,Perempuan,26-35,2025-10-18,Tangerang Selatan
CUST01703,Laki-laki,18-25,2025-05-12,Gorontalo
CUST01704,Laki-laki,36-45,2025-08-08,Sukabumi
CUST01705,Laki-laki,46+,2026-03-13,Tidore Kepulauan
CUST01706,Perempuan,36-45,2025-12-01,Bandar Lampung
CUST01707,Perempuan,18-25,2025-06-08,Bandung
CUST01708,Laki-laki,26-35,2024-08-23,Banjarbaru
CUST01709,Laki-laki,36-45,2024-11-02,Sabang
CUST01710,Perempuan,36-45,2024-08-10,Kota Administrasi Jakarta Selatan
CUST01711,Perempuan,18-25,2025-04-29,Palopo
CUST01712,Laki-laki,18-25,2025-10-19,Palangkaraya
CUST01713,Laki-laki,26-35,2025-02-17,Meulaboh
CUST01714,Laki-laki,36-45,2025-11-21,Prabumulih
CUST01715,Perempuan,46+,2024-06-21,Tomohon
CUST01716,Perempuan,18-25,2026-01-17,Tanjungpinang
CUST01717,Perempuan,36-45,2026-04-06,Manado
CUST01718,Laki-laki,18-25,2026-06-07,Kupang
CUST01719,Perempuan,46+,2026-02-18,Sibolga
CUST01720,Perempuan,36-45,2024-08-23,Tual
CUST01721,Perempuan,46+,2026-06-06,Metro
CUST01722,Perempuan,26-35,2025-04-19,Parepare
CUST01723,Laki-laki,26-35,2024-10-16,Bogor
CUST01724,Laki-laki,26-35,2026-01-18,Probolinggo
CUST01725,Laki-laki,46+,2025-02-01,Langsa
CUST01726,Perempuan,46+,2025-11-25,Balikpapan
CUST01727,Laki-laki,46+,2025-08-20,Bitung
CUST01728,Perempuan,18-25,2024-07-19,Samarinda
CUST01729,Laki-laki,46+,2025-09-23,Prabumulih
CUST01730,Perempuan,18-25,2025-08-16,Lhokseumawe
CUST01731,Perempuan,46+,2024-11-27,Jambi
CUST01732,Laki-laki,18-25,2025-05-03,Cilegon
CUST01733,Perempuan,36-45,2024-11-06,Singkawang
CUST01734,Laki-laki,26-35,2026-03-27,Depok
CUST01735,Perempuan,18-25,2024-09-14,Surakarta
CUST01736,Perempuan,26-35,2026-02-28,Tomohon
CUST01737,Perempuan,36-45,2026-06-11,Sukabumi
CUST01738,Perempuan,26-35,2025-08-17,Kupang
CUST01739,Laki-laki,18-25,2025-11-20,Kota Administrasi Jakarta Pusat
CUST01740,Laki-laki,46+,2024-09-01,Tebingtinggi
CUST01741,Perempuan,26-35,2025-09-10,Magelang
CUST01742,Laki-laki,46+,2025-03-21,Surakarta
CUST01743,Perempuan,26-35,2025-11-08,Bengkulu
CUST01744,Perempuan,36-45,2025-01-24,Depok
CUST01745,Laki-laki,26-35,2025-02-18,Palopo
CUST01746,Perempuan,46+,2025-02-27,Tanjungbalai
CUST01747,Laki-laki,18-25,2025-09-13,Salatiga
CUST01748,Perempuan,46+,2025-08-31,Lubuklinggau
CUST01749,Perempuan,18-25,2025-05-15,Ambon
CUST01750,Perempuan,46+,2025-02-15,Jayapura
CUST01751,Perempuan,18-25,2025-12-22,Kota Administrasi Jakarta Utara
CUST01752,Perempuan,18-25,2026-03-31,Bogor
CUST01753,Laki-laki,46+,2025-11-26,Pariaman
CUST01754,Perempuan,18-25,2025-06-11,Manado
CUST01755,Laki-laki,18-25,2026-02-08,Pasuruan
CUST01756,Perempuan,26-35,2025-08-19,Cirebon
CUST01757,Perempuan,36-45,2025-10-31,Kota Administrasi Jakarta Utara
CUST01758,Perempuan,18-25,2026-04-14,Prabumulih
CUST01759,Laki-laki,46+,2024-11-16,Tegal
CUST01760,Perempuan,46+,2026-05-06,Tegal
CUST01761,Perempuan,46+,2024-08-14,Pekalongan
CUST01762,Laki-laki,18-25,2025-10-20,Sawahlunto
CUST01763,Laki-laki,18-25,2025-09-09,Yogyakarta
CUST01764,Perempuan,36-45,2025-09-18,Bandung
CUST01765,Perempuan,36-45,2025-08-19,Probolinggo
CUST01766,Laki-laki,18-25,2026-05-12,Sungai Penuh
CUST01767,Laki-laki,46+,2026-02-09,Mataram
CUST01768,Laki-laki,46+,2025-04-17,Yogyakarta
CUST01769,Laki-laki,36-45,2025-09-17,Bogor
CUST01770,Laki-laki,26-35,2025-06-12,Mojokerto
CUST01771,Laki-laki,46+,2025-03-26,Surabaya
CUST01772,Laki-laki,46+,2024-12-19,Tomohon
CUST01773,Laki-laki,36-45,2025-07-21,Palopo
CUST01774,Laki-laki,46+,2024-10-18,Salatiga
CUST01775,Laki-laki,18-25,2025-08-30,Ternate
CUST01776,Perempuan,46+,2026-01-06,Manado
CUST01777,Laki-laki,46+,2024-07-18,Tual
CUST01778,Laki-laki,18-25,2025-06-30,Batam
CUST01779,Perempuan,46+,2025-01-08,Kediri
CUST01780,Laki-laki,26-35,2024-07-20,Pematangsiantar
CUST01781,Laki-laki,18-25,2026-05-23,Meulaboh
CUST01782,Perempuan,36-45,2025-06-16,Banjar
CUST01783,Perempuan,46+,2024-07-17,Bima
CUST01784,Laki-laki,36-45,2025-12-15,Ternate
CUST01785,Perempuan,36-45,2025-01-07,Metro
CUST01786,Perempuan,46+,2025-11-06,Mataram
CUST01787,Laki-laki,26-35,2025-09-16,Pematangsiantar
CUST01788,Perempuan,36-45,2024-12-29,Jayapura
CUST01789,Perempuan,26-35,2025-07-23,Manado
CUST01790,Laki-laki,26-35,2026-03-13,Pasuruan
CUST01791,Perempuan,36-45,2026-02-22,Sibolga
CUST01792,Laki-laki,26-35,2024-06-22,Palembang
CUST01793,Perempuan,18-25,2024-10-23,Batu
CUST01794,Perempuan,46+,2025-07-21,Jambi
CUST01795,Perempuan,36-45,2024-10-11,Cilegon
CUST01796,Perempuan,18-25,2025-03-25,Surabaya
CUST01797,Laki-laki,18-25,2024-12-12,Magelang
CUST01798,Perempuan,26-35,2025-12-28,Pariaman
CUST01799,Laki-laki,18-25,2025-11-23,Pariaman
CUST01800,Laki-laki,36-45,2024-11-27,Sukabumi
CUST01801,Laki-laki,36-45,2026-03-26,Banda Aceh
CUST01802,Perempuan,26-35,2024-12-23,Blitar
CUST01803,Laki-laki,36-45,2025-09-05,Bogor
CUST01804,Laki-laki,18-25,2025-10-18,Samarinda
CUST01805,Perempuan,46+,2024-10-09,Cimahi
CUST01806,Laki-laki,26-35,2025-01-03,Pematangsiantar
CUST01807,Perempuan,26-35,2025-04-27,Tebingtinggi
CUST01808,Perempuan,18-25,2026-01-03,Bau-Bau
CUST01809,Perempuan,46+,2024-12-02,Sibolga
CUST01810,Perempuan,36-45,2025-06-18,Cimahi
CUST01811,Laki-laki,18-25,2024-12-04,Serang
CUST01812,Perempuan,26-35,2024-10-05,Solok
CUST01813,Perempuan,26-35,2025-11-11,Cimahi
CUST01814,Perempuan,26-35,2025-12-31,Palu
CUST01815,Laki-laki,36-45,2025-09-23,Kediri
CUST01816,Perempuan,26-35,2025-04-06,Blitar
CUST01817,Laki-laki,26-35,2024-09-09,Dumai
CUST01818,Laki-laki,18-25,2025-07-28,Bukittinggi
CUST01819,Perempuan,18-25,2025-09-30,Cirebon
CUST01820,Perempuan,36-45,2025-06-21,Prabumulih
CUST01821,Perempuan,26-35,2025-07-12,Bekasi
CUST01822,Laki-laki,36-45,2025-06-26,Sibolga
CUST01823,Laki-laki,36-45,2025-08-09,Tangerang
CUST01824,Perempuan,26-35,2025-11-03,Pematangsiantar
CUST01825,Laki-laki,26-35,2025-05-09,Banjar
CUST01826,Perempuan,18-25,2025-12-10,Kediri
CUST01827,Perempuan,46+,2026-06-15,Yogyakarta
CUST01828,Perempuan,18-25,2025-04-09,Semarang
CUST01829,Perempuan,26-35,2026-03-03,Pagaralam
CUST01830,Laki-laki,18-25,2024-09-28,Pariaman
CUST01831,Laki-laki,46+,2026-02-01,Bau-Bau
CUST01832,Perempuan,18-25,2025-01-23,Kota Administrasi Jakarta Pusat
CUST01833,Perempuan,26-35,2024-11-10,Tarakan
CUST01834,Laki-laki,36-45,2026-01-15,Samarinda
CUST01835,Perempuan,36-45,2025-07-27,Pematangsiantar
CUST01836,Perempuan,26-35,2024-06-22,Sungai Penuh
CUST01837,Perempuan,18-25,2024-11-23,Padang Sidempuan
CUST01838,Laki-laki,36-45,2025-03-25,Bukittinggi
CUST01839,Perempuan,26-35,2025-05-13,Kota Administrasi Jakarta Selatan
CUST01840,Laki-laki,18-25,2026-04-12,Salatiga
CUST01841,Perempuan,46+,2025-03-28,Tangerang Selatan
CUST01842,Laki-laki,46+,2025-04-21,Padang Sidempuan
CUST01843,Perempuan,36-45,2025-08-19,Cirebon
CUST01844,Laki-laki,36-45,2025-03-31,Kota Administrasi Jakarta Pusat
CUST01845,Perempuan,46+,2025-02-10,Tarakan
CUST01846,Laki-laki,36-45,2025-04-22,Surabaya
CUST01847,Laki-laki,36-45,2024-09-17,Palopo
CUST01848,Laki-laki,18-25,2026-02-15,Bengkulu
CUST01849,Laki-laki,18-25,2024-11-30,Makassar
CUST01850,Laki-laki,26-35,2026-03-01,Cilegon
CUST01851,Laki-laki,46+,2025-04-15,Bekasi
CUST01852,Laki-laki,26-35,2026-03-18,Parepare
CUST01853,Perempuan,18-25,2026-06-06,Bekasi
CUST01854,Laki-laki,18-25,2024-08-05,Jayapura
CUST01855,Perempuan,36-45,2025-04-01,Sibolga
CUST01856,Laki-laki,18-25,2024-07-16,Padang
CUST01857,Laki-laki,18-25,2025-10-06,Tasikmalaya
CUST01858,Laki-laki,36-45,2025-09-24,Cirebon
CUST01859,Laki-laki,26-35,2025-10-27,Palembang
CUST01860,Perempuan,46+,2024-06-25,Surabaya
CUST01861,Perempuan,46+,2026-06-09,Depok
CUST01862,Perempuan,46+,2024-07-13,Singkawang
CUST01863,Perempuan,18-25,2024-10-26,Mataram
CUST01864,Perempuan,18-25,2024-12-19,Cilegon
CUST01865,Laki-laki,18-25,2024-08-23,Padang
CUST01866,Laki-laki,18-25,2025-03-18,Padang
CUST01867,Perempuan,18-25,2025-09-15,Pematangsiantar
CUST01868,Perempuan,36-45,2024-06-28,Bekasi
CUST01869,Laki-laki,36-45,2025-08-17,Tebingtinggi
CUST01870,Perempuan,46+,2026-03-23,Malang
CUST01871,Perempuan,18-25,2026-03-12,Jayapura
CUST01872,Perempuan,26-35,2025-09-30,Palu
CUST01873,Laki-laki,26-35,2026-06-09,Samarinda
CUST01874,Perempuan,36-45,2024-06-20,Cirebon
CUST01875,Laki-laki,36-45,2025-04-29,Sabang
CUST01876,Perempuan,18-25,2024-08-12,Makassar
CUST01877,Laki-laki,18-25,2024-09-15,Prabumulih
CUST01878,Laki-laki,18-25,2026-03-10,Tanjungbalai
CUST01879,Perempuan,18-25,2025-05-26,Salatiga
CUST01880,Perempuan,26-35,2025-06-27,Tomohon
CUST01881,Perempuan,26-35,2025-03-07,Tangerang Selatan
CUST01882,Perempuan,26-35,2025-06-09,Pariaman
CUST01883,Laki-laki,26-35,2024-09-15,Batam
CUST01884,Laki-laki,36-45,2025-04-10,Tangerang
CUST01885,Laki-laki,18-25,2025-12-13,Lubuklinggau
CUST01886,Laki-laki,18-25,2025-05-03,Pematangsiantar
CUST01887,Perempuan,18-25,2025-08-07,Tanjungpinang
CUST01888,Perempuan,18-25,2026-03-25,Kota Administrasi Jakarta Barat
CUST01889,Perempuan,18-25,2025-01-26,Padang
CUST01890,Laki-laki,46+,2025-11-22,Batu
CUST01891,Perempuan,36-45,2025-08-21,Parepare
CUST01892,Laki-laki,26-35,2025-02-15,Jambi
CUST01893,Laki-laki,36-45,2026-05-12,Denpasar
CUST01894,Laki-laki,26-35,2026-01-17,Payakumbuh
CUST01895,Perempuan,46+,2026-01-10,Kendari
CUST01896,Perempuan,36-45,2026-01-09,Kota Administrasi Jakarta Selatan
CUST01897,Perempuan,26-35,2024-11-24,Dumai
CUST01898,Perempuan,36-45,2026-03-27,Solok
CUST01899,Perempuan,26-35,2025-03-20,Bima
CUST01900,Laki-laki,36-45,2024-09-18,Tangerang
CUST01901,Laki-laki,26-35,2025-11-14,Singkawang
CUST01902,Perempuan,36-45,2024-06-22,Pariaman
CUST01903,Perempuan,26-35,2025-04-01,Payakumbuh
CUST01904,Perempuan,46+,2026-05-15,Pasuruan
CUST01905,Perempuan,46+,2024-11-06,Mojokerto
CUST01906,Perempuan,36-45,2024-12-06,Banjarbaru
CUST01907,Perempuan,18-25,2025-07-30,Pariaman
CUST01908,Laki-laki,18-25,2026-06-16,Pekalongan
CUST01909,Perempuan,26-35,2025-03-13,Tangerang Selatan
CUST01910,Laki-laki,36-45,2026-02-09,Palu
CUST01911,Laki-laki,18-25,2024-09-18,Lubuklinggau
CUST01912,Laki-laki,18-25,2025-12-04,Balikpapan
CUST01913,Perempuan,26-35,2025-11-22,Metro
CUST01914,Laki-laki,36-45,2025-09-11,Madiun
CUST01915,Perempuan,26-35,2025-03-24,Denpasar
CUST01916,Perempuan,46+,2025-08-17,Kendari
CUST01917,Laki-laki,36-45,2025-01-12,Singkawang
CUST01918,Laki-laki,46+,2025-03-10,Denpasar
CUST01919,Laki-laki,46+,2025-07-09,Gorontalo
CUST01920,Perempuan,18-25,2025-05-08,Mataram
CUST01921,Laki-laki,26-35,2026-04-11,Kota Administrasi Jakarta Utara
CUST01922,Laki-laki,46+,2025-06-02,Samarinda
CUST01923,Laki-laki,26-35,2024-09-26,Bengkulu
CUST01924,Laki-laki,46+,2025-12-28,Kendari
CUST01925,Perempuan,18-25,2025-08-22,Metro
CUST01926,Laki-laki,46+,2024-11-16,Ternate
CUST01927,Laki-laki,18-25,2024-10-11,Balikpapan
CUST01928,Perempuan,36-45,2024-11-01,Payakumbuh
CUST01929,Laki-laki,18-25,2024-09-29,Pasuruan
CUST01930,Laki-laki,36-45,2025-02-05,Sabang
CUST01931,Perempuan,46+,2026-04-14,Mojokerto
CUST01932,Perempuan,18-25,2024-09-01,Banjarmasin
CUST01933,Laki-laki,36-45,2024-12-01,Parepare
CUST01934,Laki-laki,36-45,2026-03-30,Palopo
CUST01935,Perempuan,26-35,2026-01-16,Kota Administrasi Jakarta Selatan
CUST01936,Perempuan,46+,2025-03-24,Sabang
CUST01937,Perempuan,18-25,2025-08-24,Malang
CUST01938,Perempuan,46+,2024-07-02,Bitung
CUST01939,Laki-laki,46+,2025-03-16,Samarinda
CUST01940,Perempuan,36-45,2025-09-07,Kotamobagu
CUST01941,Perempuan,46+,2025-03-19,Tangerang
CUST01942,Laki-laki,26-35,2025-07-18,Ternate
CUST01943,Perempuan,26-35,2025-05-30,Metro
CUST01944,Laki-laki,18-25,2025-10-06,Pangkalpinang
CUST01945,Perempuan,26-35,2025-10-20,Cimahi
CUST01946,Laki-laki,26-35,2025-10-27,Padangpanjang
CUST01947,Laki-laki,36-45,2025-10-20,Batu
CUST01948,Laki-laki,26-35,2024-08-17,Makassar
CUST01949,Perempuan,36-45,2024-12-11,Lubuklinggau
CUST01950,Laki-laki,46+,2025-11-06,Tarakan
CUST01951,Perempuan,46+,2025-01-10,Kota Administrasi Jakarta Timur
CUST01952,Laki-laki,26-35,2026-05-07,Mataram
CUST01953,Perempuan,18-25,2026-01-18,Padang Sidempuan
CUST01954,Laki-laki,18-25,2024-10-24,Banda Aceh
CUST01955,Laki-laki,26-35,2024-09-22,Surabaya
CUST01956,Laki-laki,18-25,2024-12-29,Gorontalo
CUST01957,Laki-laki,18-25,2024-10-24,Bima
CUST01958,Laki-laki,36-45,2024-08-30,Parepare
CUST01959,Laki-laki,46+,2025-08-16,Bandar Lampung
CUST01960,Laki-laki,36-45,2026-02-05,Pontianak
CUST01961,Laki-laki,26-35,2026-02-01,Bima
CUST01962,Perempuan,46+,2025-01-06,Bau-Bau
CUST01963,Perempuan,26-35,2025-11-07,Lhokseumawe
CUST01964,Laki-laki,46+,2024-12-12,Ternate
CUST01965,Laki-laki,26-35,2025-01-23,Sorong
CUST01966,Perempuan,26-35,2024-09-23,Pontianak
CUST01967,Perempuan,46+,2026-03-30,Bandar Lampung
CUST01968,Laki-laki,26-35,2024-07-14,Madiun
CUST01969,Perempuan,46+,2026-04-19,Pangkalpinang
CUST01970,Laki-laki,18-25,2026-04-24,Purwokerto
CUST01971,Laki-laki,26-35,2025-05-28,Tanjungpinang
CUST01972,Perempuan,26-35,2025-08-09,Semarang
CUST01973,Laki-laki,26-35,2025-09-24,Sorong
CUST01974,Perempuan,18-25,2026-01-19,Pontianak
CUST01975,Laki-laki,18-25,2025-10-26,Malang
CUST01976,Perempuan,26-35,2025-06-26,Bekasi
CUST01977,Laki-laki,46+,2025-05-26,Mataram
CUST01978,Perempuan,36-45,2025-05-03,Bukittinggi
CUST01979,Laki-laki,46+,2025-02-07,Ambon
CUST01980,Laki-laki,46+,2025-07-28,Malang
CUST01981,Perempuan,36-45,2025-01-25,Prabumulih
CUST01982,Laki-laki,46+,2024-06-23,Tomohon
CUST01983,Laki-laki,36-45,2025-06-22,Balikpapan
CUST01984,Perempuan,26-35,2026-02-01,Kupang
CUST01985,Laki-laki,36-45,2025-09-23,Ambon
CUST01986,Perempuan,36-45,2025-08-16,Depok
CUST01987,Laki-laki,18-25,2025-05-02,Mojokerto
CUST01988,Laki-laki,18-25,2024-12-28,Tasikmalaya
CUST01989,Laki-laki,46+,2026-01-10,Metro
CUST01990,Laki-laki,36-45,2024-12-05,Bau-Bau
CUST01991,Perempuan,36-45,2025-05-10,Pematangsiantar
CUST01992,Laki-laki,26-35,2026-01-31,Kotamobagu
CUST01993,Perempuan,36-45,2025-11-02,Padang Sidempuan
CUST01994,Perempuan,46+,2024-11-10,Denpasar
CUST01995,Perempuan,36-45,2024-10-01,Binjai
CUST01996,Perempuan,26-35,2025-10-24,Solok
CUST01997,Perempuan,46+,2025-06-03,Tanjungpinang
CUST01998,Laki-laki,36-45,2025-10-13,Depok
CUST01999,Perempuan,36-45,2025-02-21,Bukittinggi
CUST02000,Perempuan,36-45,2024-07-25,Denpasar
CUST02001,Perempuan,26-35,2024-09-04,Kota Administrasi Jakarta Timur
CUST02002,Laki-laki,26-35,2024-09-22,Tegal
CUST02003,Perempuan,26-35,2024-06-23,Bekasi
CUST02004,Laki-laki,26-35,2024-10-12,Payakumbuh
CUST02005,Perempuan,36-45,2024-12-02,Padangpanjang
CUST02006,Laki-laki,26-35,2025-02-14,Medan
CUST02007,Perempuan,18-25,2025-06-12,Magelang
CUST02008,Laki-laki,26-35,2024-08-18,Banjarmasin
CUST02009,Perempuan,46+,2025-01-09,Batu
CUST02010,Laki-laki,18-25,2025-08-12,Denpasar
CUST02011,Perempuan,26-35,2024-11-13,Metro
CUST02012,Perempuan,18-25,2026-03-22,Bitung
CUST02013,Laki-laki,46+,2026-02-03,Meulaboh
CUST02014,Perempuan,36-45,2026-02-06,Kota Administrasi Jakarta Barat
CUST02015,Laki-laki,26-35,2026-01-10,Dumai
CUST02016,Perempuan,46+,2025-06-09,Pematangsiantar
CUST02017,Laki-laki,26-35,2025-11-16,Parepare
CUST02018,Perempuan,26-35,2025-04-15,Madiun
CUST02019,Laki-laki,26-35,2024-10-18,Tidore Kepulauan
CUST02020,Laki-laki,18-25,2026-06-15,Kota Administrasi Jakarta Pusat
CUST02021,Perempuan,26-35,2025-06-25,Dumai
CUST02022,Laki-laki,26-35,2025-03-23,Surakarta
CUST02023,Laki-laki,36-45,2024-12-03,Kendari
CUST02024,Perempuan,36-45,2025-10-21,Madiun
CUST02025,Perempuan,46+,2024-06-28,Kota Administrasi Jakarta Utara
CUST02026,Laki-laki,18-25,2025-09-14,Mojokerto
CUST02027,Laki-laki,18-25,2026-02-19,Balikpapan
CUST02028,Perempuan,36-45,2024-07-19,Tanjungbalai
CUST02029,Perempuan,36-45,2025-09-23,Medan
CUST02030,Laki-laki,26-35,2026-02-05,Kota Administrasi Jakarta Barat
CUST02031,Perempuan,46+,2024-10-17,Bekasi
CUST02032,Laki-laki,36-45,2025-12-01,Tual
CUST02033,Laki-laki,46+,2025-10-15,Banjarmasin
CUST02034,Laki-laki,18-25,2025-03-20,Tanjungpinang
CUST02035,Perempuan,36-45,2025-08-07,Blitar
CUST02036,Laki-laki,36-45,2025-06-30,Lubuklinggau
CUST02037,Perempuan,46+,2025-08-24,Palembang
CUST02038,Perempuan,46+,2026-01-07,Banda Aceh
CUST02039,Laki-laki,36-45,2025-12-04,Manado
CUST02040,Perempuan,46+,2025-12-31,Kota Administrasi Jakarta Pusat
CUST02041,Laki-laki,46+,2026-05-16,Pasuruan
CUST02042,Laki-laki,36-45,2025-12-17,Sabang
CUST02043,Laki-laki,46+,2025-01-31,Depok
CUST02044,Laki-laki,26-35,2025-08-31,Probolinggo
CUST02045,Perempuan,46+,2025-03-14,Tegal
CUST02046,Perempuan,18-25,2025-06-15,Serang
CUST02047,Perempuan,26-35,2026-05-28,Batam
CUST02048,Perempuan,18-25,2025-08-03,Palopo
CUST02049,Perempuan,36-45,2025-02-01,Probolinggo
CUST02050,Laki-laki,26-35,2025-03-29,Ambon
CUST02051,Perempuan,36-45,2026-02-09,Tegal
CUST02052,Perempuan,26-35,2024-11-08,Solok
CUST02053,Perempuan,26-35,2026-04-13,Solok
CUST02054,Laki-laki,46+,2024-12-19,Tebingtinggi
CUST02055,Laki-laki,26-35,2024-08-05,Depok
CUST02056,Laki-laki,36-45,2025-07-29,Yogyakarta
CUST02057,Laki-laki,26-35,2025-08-19,Singkawang
CUST02058,Laki-laki,26-35,2025-01-22,Padang Sidempuan
CUST02059,Perempuan,26-35,2025-10-27,Binjai
CUST02060,Laki-laki,18-25,2024-08-30,Banjar
CUST02061,Laki-laki,46+,2026-03-27,Cirebon
CUST02062,Laki-laki,18-25,2026-04-26,Dumai
CUST02063,Perempuan,36-45,2024-09-08,Depok
CUST02064,Perempuan,46+,2024-09-01,Samarinda
CUST02065,Perempuan,46+,2025-10-28,Surabaya
CUST02066,Laki-laki,36-45,2025-07-02,Banjarbaru
CUST02067,Perempuan,26-35,2025-03-28,Sibolga
CUST02068,Laki-laki,18-25,2025-12-26,Balikpapan
CUST02069,Perempuan,46+,2026-06-09,Sungai Penuh
CUST02070,Laki-laki,36-45,2025-07-03,Pangkalpinang
CUST02071,Perempuan,26-35,2026-03-01,Mataram
CUST02072,Perempuan,18-25,2025-08-24,Medan
CUST02073,Perempuan,36-45,2026-02-23,Singkawang
CUST02074,Laki-laki,18-25,2025-01-09,Tegal
CUST02075,Laki-laki,46+,2024-08-10,Batu
CUST02076,Laki-laki,36-45,2024-12-01,Bengkulu
CUST02077,Perempuan,36-45,2026-01-01,Prabumulih
CUST02078,Laki-laki,36-45,2025-04-12,Depok
CUST02079,Laki-laki,36-45,2025-07-30,Salatiga
CUST02080,Perempuan,36-45,2025-10-15,Sabang
CUST02081,Perempuan,26-35,2026-01-19,Tidore Kepulauan
CUST02082,Perempuan,46+,2024-09-06,Tangerang
CUST02083,Laki-laki,46+,2025-06-08,Bima
CUST02084,Perempuan,36-45,2024-10-24,Purwokerto
CUST02085,Perempuan,36-45,2025-04-24,Surabaya
CUST02086,Perempuan,26-35,2024-10-17,Manado
CUST02087,Laki-laki,26-35,2026-05-18,Purwokerto
CUST02088,Laki-laki,36-45,2025-02-24,Padang Sidempuan
CUST02089,Laki-laki,46+,2026-01-31,Tebingtinggi
CUST02090,Perempuan,26-35,2025-02-23,Salatiga
CUST02091,Laki-laki,26-35,2025-08-14,Metro
CUST02092,Perempuan,18-25,2026-02-01,Mataram
CUST02093,Laki-laki,46+,2025-06-03,Mojokerto
CUST02094,Perempuan,26-35,2024-06-17,Kotamobagu
CUST02095,Perempuan,46+,2025-09-22,Pematangsiantar
CUST02096,Perempuan,36-45,2024-09-29,Ambon
CUST02097,Laki-laki,46+,2025-02-05,Jambi
CUST02098,Laki-laki,26-35,2026-04-12,Banda Aceh
CUST02099,Laki-laki,26-35,2026-02-06,Purwokerto
CUST02100,Perempuan,46+,2025-07-19,Bengkulu
CUST02101,Laki-laki,46+,2024-07-16,Manado
CUST02102,Perempuan,36-45,2024-10-16,Kota Administrasi Jakarta Selatan
CUST02103,Perempuan,36-45,2025-03-29,Kediri
CUST02104,Perempuan,36-45,2025-01-02,Bekasi
CUST02105,Laki-laki,46+,2025-09-03,Salatiga
CUST02106,Laki-laki,36-45,2026-05-30,Tegal
CUST02107,Laki-laki,26-35,2024-08-15,Pariaman
CUST02108,Perempuan,36-45,2024-10-29,Tanjungbalai
CUST02109,Perempuan,46+,2025-12-14,Serang
CUST02110,Perempuan,18-25,2025-10-28,Bandung
CUST02111,Perempuan,36-45,2026-01-05,Bau-Bau
CUST02112,Perempuan,26-35,2026-02-12,Yogyakarta
CUST02113,Laki-laki,36-45,2025-03-03,Palangkaraya
CUST02114,Perempuan,46+,2025-05-06,Yogyakarta
CUST02115,Laki-laki,18-25,2024-12-10,Subulussalam
CUST02116,Laki-laki,36-45,2026-02-10,Banjarbaru
CUST02117,Laki-laki,36-45,2025-02-08,Lubuklinggau
CUST02118,Perempuan,36-45,2025-08-10,Madiun
CUST02119,Perempuan,46+,2025-07-12,Bukittinggi
CUST02120,Perempuan,46+,2024-07-26,Palopo
CUST02121,Perempuan,46+,2026-01-22,Jayapura
CUST02122,Perempuan,26-35,2025-05-18,Mojokerto
CUST02123,Laki-laki,18-25,2024-10-09,Makassar
CUST02124,Laki-laki,26-35,2024-08-20,Samarinda
CUST02125,Perempuan,18-25,2026-01-16,Purwokerto
CUST02126,Laki-laki,26-35,2025-04-23,Bau-Bau
CUST02127,Perempuan,18-25,2025-04-22,Tanjungpinang
CUST02128,Laki-laki,18-25,2024-09-26,Pariaman
CUST02129,Perempuan,18-25,2025-08-25,Pasuruan
CUST02130,Laki-laki,46+,2025-04-20,Sabang
CUST02131,Laki-laki,18-25,2025-10-08,Kota Administrasi Jakarta Barat
CUST02132,Perempuan,26-35,2024-08-11,Palangkaraya
CUST02133,Laki-laki,46+,2025-02-23,Binjai
CUST02134,Perempuan,26-35,2025-11-20,Pagaralam
CUST02135,Laki-laki,36-45,2025-03-27,Depok
CUST02136,Perempuan,26-35,2025-02-21,Serang
CUST02137,Laki-laki,26-35,2025-11-08,Yogyakarta
CUST02138,Laki-laki,18-25,2025-02-08,Malang
CUST02139,Perempuan,36-45,2025-10-08,Solok
CUST02140,Perempuan,46+,2024-10-08,Banjar
CUST02141,Perempuan,46+,2026-06-04,Dumai
CUST02142,Laki-laki,26-35,2025-12-01,Bukittinggi
CUST02143,Perempuan,46+,2026-01-26,Binjai
CUST02144,Perempuan,36-45,2026-01-12,Kota Administrasi Jakarta Barat
CUST02145,Perempuan,26-35,2025-10-12,Kotamobagu
CUST02146,Laki-laki,46+,2024-06-27,Tanjungbalai
CUST02147,Perempuan,36-45,2026-03-03,Lhokseumawe
CUST02148,Perempuan,36-45,2025-06-01,Banda Aceh
CUST02149,Laki-laki,36-45,2025-03-01,Ternate
CUST02150,Laki-laki,18-25,2025-08-08,Gorontalo
CUST02151,Laki-laki,36-45,2025-08-15,Purwokerto
CUST02152,Perempuan,46+,2025-06-27,Tanjungbalai
CUST02153,Laki-laki,46+,2025-12-11,Metro
CUST02154,Perempuan,36-45,2025-09-12,Kota Administrasi Jakarta Pusat
CUST02155,Laki-laki,46+,2024-10-27,Kotamobagu
CUST02156,Perempuan,26-35,2024-11-19,Banjarbaru
CUST02157,Laki-laki,36-45,2025-06-13,Batam
CUST02158,Laki-laki,46+,2025-04-14,Surabaya
CUST02159,Perempuan,46+,2026-04-09,Bima
CUST02160,Laki-laki,26-35,2024-07-01,Sungai Penuh
CUST02161,Perempuan,46+,2025-04-13,Metro
CUST02162,Laki-laki,36-45,2025-07-16,Lubuklinggau
CUST02163,Laki-laki,46+,2025-06-28,Denpasar
CUST02164,Laki-laki,36-45,2024-11-18,Sabang
CUST02165,Perempuan,36-45,2026-06-06,Banjar
CUST02166,Perempuan,26-35,2024-12-26,Magelang
CUST02167,Laki-laki,26-35,2025-07-02,Tidore Kepulauan
CUST02168,Laki-laki,36-45,2024-10-16,Malang
CUST02169,Laki-laki,46+,2025-11-30,Manado
CUST02170,Perempuan,36-45,2025-10-15,Kendari
CUST02171,Perempuan,26-35,2025-07-11,Banjarmasin
CUST02172,Perempuan,18-25,2025-10-16,Meulaboh
CUST02173,Laki-laki,18-25,2026-05-09,Sabang
CUST02174,Laki-laki,26-35,2025-01-20,Bukittinggi
CUST02175,Laki-laki,36-45,2025-03-09,Surabaya
CUST02176,Perempuan,26-35,2024-10-01,Tegal
CUST02177,Perempuan,18-25,2025-04-09,Padangpanjang
CUST02178,Laki-laki,18-25,2024-12-20,Pagaralam
CUST02179,Laki-laki,18-25,2025-02-14,Palopo
CUST02180,Perempuan,26-35,2025-08-12,Gorontalo
CUST02181,Perempuan,46+,2025-11-05,Sawahlunto
CUST02182,Perempuan,46+,2025-08-11,Bogor
CUST02183,Perempuan,46+,2025-02-12,Palangkaraya
CUST02184,Laki-laki,36-45,2026-05-24,Sungai Penuh
CUST02185,Laki-laki,26-35,2026-06-11,Lubuklinggau
CUST02186,Laki-laki,36-45,2024-08-08,Denpasar
CUST02187,Perempuan,18-25,2025-02-18,Tegal
CUST02188,Perempuan,26-35,2024-07-09,Padang Sidempuan
CUST02189,Laki-laki,36-45,2025-05-02,Palembang
CUST02190,Perempuan,18-25,2026-01-17,Bukittinggi
CUST02191,Laki-laki,26-35,2026-02-12,Bima
CUST02192,Perempuan,46+,2024-09-27,Bandar Lampung
CUST02193,Laki-laki,18-25,2026-01-30,Sibolga
CUST02194,Laki-laki,46+,2025-08-31,Serang
CUST02195,Laki-laki,26-35,2024-12-14,Tangerang Selatan
CUST02196,Perempuan,46+,2024-07-07,Bau-Bau
CUST02197,Perempuan,36-45,2025-12-03,Bogor
CUST02198,Laki-laki,18-25,2025-07-12,Tasikmalaya
CUST02199,Laki-laki,36-45,2025-11-03,Denpasar
CUST02200,Perempuan,36-45,2026-04-09,Pasuruan
CUST02201,Laki-laki,36-45,2025-06-20,Cilegon
CUST02202,Laki-laki,26-35,2024-11-14,Bandung
CUST02203,Laki-laki,26-35,2025-04-30,Kota Administrasi Jakarta Timur
CUST02204,Perempuan,36-45,2025-05-03,Tidore Kepulauan
CUST02205,Laki-laki,26-35,2025-11-20,Tomohon
CUST02206,Perempuan,18-25,2024-11-22,Cirebon
CUST02207,Perempuan,26-35,2026-06-07,Singkawang
CUST02208,Laki-laki,18-25,2025-07-02,Palu
CUST02209,Perempuan,26-35,2026-05-07,Pagaralam
CUST02210,Perempuan,18-25,2025-04-27,Sibolga
CUST02211,Laki-laki,26-35,2026-01-09,Tebingtinggi
CUST02212,Perempuan,18-25,2025-02-15,Singkawang
CUST02213,Perempuan,18-25,2026-06-16,Pematangsiantar
CUST02214,Laki-laki,36-45,2024-09-09,Palu
CUST02215,Laki-laki,18-25,2026-03-21,Kota Administrasi Jakarta Barat
CUST02216,Laki-laki,46+,2025-07-24,Ternate
CUST02217,Laki-laki,36-45,2024-07-17,Pematangsiantar
CUST02218,Perempuan,46+,2026-02-01,Depok
CUST02219,Laki-laki,18-25,2025-01-29,Mojokerto
CUST02220,Perempuan,36-45,2026-05-04,Kotamobagu
CUST02221,Laki-laki,36-45,2025-06-10,Pagaralam
CUST02222,Laki-laki,46+,2025-01-31,Tanjungbalai
CUST02223,Perempuan,36-45,2025-07-23,Pangkalpinang
CUST02224,Perempuan,26-35,2026-03-23,Bekasi
CUST02225,Laki-laki,36-45,2025-12-30,Denpasar
CUST02226,Perempuan,46+,2026-02-11,Mojokerto
CUST02227,Perempuan,26-35,2025-05-04,Palopo
CUST02228,Laki-laki,26-35,2024-07-06,Palu
CUST02229,Perempuan,36-45,2025-09-18,Palu
CUST02230,Perempuan,36-45,2024-08-26,Madiun
CUST02231,Perempuan,18-25,2025-12-06,Tasikmalaya
CUST02232,Perempuan,26-35,2026-01-07,Bekasi
CUST02233,Laki-laki,36-45,2024-09-13,Subulussalam
CUST02234,Laki-laki,36-45,2025-03-25,Pontianak
CUST02235,Laki-laki,46+,2025-12-18,Tegal
CUST02236,Laki-laki,46+,2026-02-21,Metro
CUST02237,Laki-laki,36-45,2025-08-18,Banjar
CUST02238,Perempuan,46+,2026-02-03,Magelang
CUST02239,Perempuan,18-25,2025-08-30,Cilegon
CUST02240,Laki-laki,18-25,2026-04-22,Cirebon
CUST02241,Laki-laki,26-35,2026-02-04,Padangpanjang
CUST02242,Laki-laki,18-25,2025-02-11,Tegal
CUST02243,Laki-laki,18-25,2026-02-04,Kotamobagu
CUST02244,Perempuan,26-35,2025-10-16,Bitung
CUST02245,Laki-laki,18-25,2026-05-15,Dumai
CUST02246,Perempuan,46+,2024-06-19,Balikpapan
CUST02247,Perempuan,18-25,2025-06-08,Payakumbuh
CUST02248,Perempuan,26-35,2025-08-13,Sibolga
CUST02249,Laki-laki,18-25,2026-05-03,Kendari
CUST02250,Laki-laki,46+,2024-12-02,Palu
CUST02251,Laki-laki,46+,2025-05-01,Bau-Bau
CUST02252,Laki-laki,36-45,2025-09-26,Kota Administrasi Jakarta Barat
CUST02253,Perempuan,36-45,2026-05-03,Solok
CUST02254,Laki-laki,36-45,2025-10-18,Banjarbaru
CUST02255,Laki-laki,18-25,2024-11-07,Banjarmasin
CUST02256,Perempuan,18-25,2025-11-06,Bandung
CUST02257,Laki-laki,18-25,2024-10-07,Surakarta
CUST02258,Laki-laki,26-35,2025-09-09,Magelang
CUST02259,Perempuan,26-35,2026-06-01,Banjarbaru
CUST02260,Laki-laki,26-35,2024-09-09,Cirebon
CUST02261,Laki-laki,46+,2024-10-20,Singkawang
CUST02262,Laki-laki,36-45,2025-11-12,Palu
CUST02263,Perempuan,46+,2026-01-20,Bandung
CUST02264,Laki-laki,26-35,2024-08-28,Madiun
CUST02265,Laki-laki,46+,2025-03-30,Batam
CUST02266,Perempuan,26-35,2026-01-27,Purwokerto
CUST02267,Perempuan,36-45,2024-08-06,Parepare
CUST02268,Perempuan,36-45,2024-09-29,Tanjungbalai
CUST02269,Perempuan,46+,2026-04-15,Magelang
CUST02270,Perempuan,36-45,2025-07-31,Pontianak
CUST02271,Laki-laki,26-35,2024-11-26,Singkawang
CUST02272,Perempuan,36-45,2024-08-01,Samarinda
CUST02273,Perempuan,46+,2026-01-04,Pariaman
CUST02274,Perempuan,46+,2025-12-31,Pagaralam
CUST02275,Laki-laki,18-25,2025-10-02,Kota Administrasi Jakarta Selatan
CUST02276,Perempuan,18-25,2025-07-30,Blitar
CUST02277,Laki-laki,36-45,2025-10-07,Pematangsiantar
CUST02278,Laki-laki,36-45,2026-01-04,Payakumbuh
CUST02279,Laki-laki,26-35,2026-03-06,Singkawang
CUST02280,Perempuan,18-25,2024-12-14,Depok
CUST02281,Perempuan,26-35,2024-06-18,Bandar Lampung
CUST02282,Laki-laki,18-25,2025-06-13,Ternate
CUST02283,Perempuan,36-45,2026-04-06,Singkawang
CUST02284,Laki-laki,26-35,2025-05-05,Banjar
CUST02285,Perempuan,36-45,2025-03-03,Sabang
CUST02286,Laki-laki,26-35,2026-03-05,Balikpapan
CUST02287,Perempuan,36-45,2025-10-27,Tanjungbalai
CUST02288,Laki-laki,46+,2025-01-21,Batam
CUST02289,Laki-laki,18-25,2025-02-11,Pekalongan
CUST02290,Perempuan,46+,2025-08-18,Yogyakarta
CUST02291,Laki-laki,46+,2024-06-21,Tangerang Selatan
CUST02292,Laki-laki,36-45,2025-03-02,Mojokerto
CUST02293,Laki-laki,46+,2025-12-31,Cirebon
CUST02294,Laki-laki,18-25,2024-11-14,Makassar
CUST02295,Perempuan,36-45,2026-06-03,Parepare
CUST02296,Perempuan,46+,2026-02-26,Sukabumi
CUST02297,Laki-laki,26-35,2024-09-30,Bukittinggi
CUST02298,Laki-laki,46+,2025-10-17,Prabumulih
CUST02299,Laki-laki,36-45,2026-05-13,Pangkalpinang
CUST02300,Laki-laki,36-45,2026-02-15,Tidore Kepulauan
CUST02301,Laki-laki,36-45,2024-07-30,Salatiga
CUST02302,Laki-laki,26-35,2026-01-01,Sabang
CUST02303,Laki-laki,46+,2025-08-07,Gorontalo
CUST02304,Perempuan,18-25,2025-09-08,Manado
CUST02305,Laki-laki,46+,2024-08-07,Kota Administrasi Jakarta Utara
CUST02306,Perempuan,46+,2026-04-01,Makassar
CUST02307,Laki-laki,26-35,2025-04-04,Samarinda
CUST02308,Perempuan,18-25,2025-09-30,Denpasar
CUST02309,Perempuan,18-25,2025-09-22,Tomohon
CUST02310,Perempuan,36-45,2025-02-11,Tarakan
CUST02311,Laki-laki,46+,2024-07-11,Padang Sidempuan
CUST02312,Perempuan,26-35,2024-08-23,Kendari
CUST02313,Laki-laki,46+,2025-04-01,Langsa
CUST02314,Laki-laki,46+,2024-12-01,Cirebon
CUST02315,Perempuan,26-35,2024-09-12,Bandung
CUST02316,Laki-laki,26-35,2026-02-11,Bekasi
CUST02317,Laki-laki,36-45,2025-05-27,Pariaman
CUST02318,Perempuan,36-45,2026-05-20,Depok
CUST02319,Laki-laki,18-25,2025-03-08,Tegal
CUST02320,Perempuan,46+,2026-04-26,Madiun
CUST02321,Perempuan,36-45,2024-10-06,Pematangsiantar
CUST02322,Laki-laki,36-45,2025-11-24,Gorontalo
CUST02323,Perempuan,18-25,2025-12-31,Palu
CUST02324,Perempuan,26-35,2025-04-14,Ambon
CUST02325,Perempuan,46+,2025-02-13,Tangerang Selatan
CUST02326,Laki-laki,46+,2026-04-06,Magelang
CUST02327,Laki-laki,26-35,2025-06-14,Bima
CUST02328,Laki-laki,36-45,2025-07-26,Banda Aceh
CUST02329,Laki-laki,18-25,2025-09-08,Subulussalam
CUST02330,Laki-laki,18-25,2026-05-10,Madiun
CUST02331,Laki-laki,26-35,2024-11-19,Kotamobagu
CUST02332,Perempuan,18-25,2025-01-17,Yogyakarta
CUST02333,Perempuan,18-25,2025-05-25,Kota Administrasi Jakarta Timur
CUST02334,Perempuan,46+,2024-10-10,Kota Administrasi Jakarta Utara
CUST02335,Perempuan,18-25,2024-09-13,Solok
CUST02336,Perempuan,26-35,2025-08-25,Gorontalo
CUST02337,Laki-laki,26-35,2025-08-12,Purwokerto
CUST02338,Perempuan,46+,2025-02-19,Bontang
CUST02339,Laki-laki,18-25,2025-12-16,Samarinda
CUST02340,Perempuan,18-25,2024-12-24,Batu
CUST02341,Perempuan,26-35,2025-02-13,Probolinggo
CUST02342,Laki-laki,36-45,2025-05-27,Blitar
CUST02343,Laki-laki,36-45,2024-07-09,Tangerang
CUST02344,Laki-laki,46+,2024-07-26,Meulaboh
CUST02345,Laki-laki,18-25,2024-07-28,Pagaralam
CUST02346,Perempuan,36-45,2025-04-17,Tarakan
CUST02347,Perempuan,18-25,2025-09-23,Singkawang
CUST02348,Laki-laki,36-45,2025-03-20,Magelang
CUST02349,Perempuan,26-35,2026-03-13,Tasikmalaya
CUST02350,Perempuan,18-25,2026-01-27,Tomohon
CUST02351,Perempuan,46+,2026-01-31,Salatiga
CUST02352,Laki-laki,26-35,2024-09-27,Tanjungpinang
CUST02353,Laki-laki,46+,2025-06-15,Palu
CUST02354,Laki-laki,18-25,2025-02-13,Parepare
CUST02355,Laki-laki,36-45,2024-12-13,Bontang
CUST02356,Perempuan,46+,2026-04-16,Mataram
CUST02357,Perempuan,26-35,2025-04-17,Tanjungpinang
CUST02358,Laki-laki,36-45,2026-05-30,Madiun
CUST02359,Perempuan,36-45,2025-06-04,Bandar Lampung
CUST02360,Perempuan,26-35,2024-08-06,Binjai
CUST02361,Perempuan,18-25,2025-03-16,Pangkalpinang
CUST02362,Perempuan,46+,2026-04-04,Kotamobagu
CUST02363,Laki-laki,36-45,2026-02-03,Sibolga
CUST02364,Laki-laki,26-35,2025-09-06,Pekanbaru
CUST02365,Perempuan,46+,2024-09-04,Tasikmalaya
CUST02366,Laki-laki,18-25,2026-02-25,Madiun
CUST02367,Perempuan,26-35,2025-08-22,Langsa
CUST02368,Perempuan,26-35,2025-08-04,Padang
CUST02369,Laki-laki,46+,2025-09-18,Kendari
CUST02370,Perempuan,36-45,2025-10-12,Purwokerto
CUST02371,Perempuan,26-35,2024-10-18,Meulaboh
CUST02372,Laki-laki,26-35,2024-08-07,Gorontalo
CUST02373,Laki-laki,26-35,2026-03-11,Palangkaraya
CUST02374,Perempuan,26-35,2025-08-31,Probolinggo
CUST02375,Perempuan,26-35,2025-12-08,Cirebon
CUST02376,Laki-laki,36-45,2025-11-13,Ternate
CUST02377,Laki-laki,18-25,2026-06-10,Binjai
CUST02378,Laki-laki,36-45,2025-09-19,Madiun
CUST02379,Laki-laki,18-25,2025-08-22,Palembang
CUST02380,Perempuan,46+,2024-10-31,Padang
CUST02381,Perempuan,36-45,2024-08-10,Tangerang Selatan
CUST02382,Perempuan,36-45,2026-03-11,Madiun
CUST02383,Laki-laki,26-35,2025-07-05,Bekasi
CUST02384,Laki-laki,26-35,2024-12-03,Sawahlunto
CUST02385,Laki-laki,18-25,2026-05-19,Tomohon
CUST02386,Perempuan,26-35,2024-10-08,Palopo
CUST02387,Laki-laki,26-35,2025-08-03,Meulaboh
CUST02388,Laki-laki,36-45,2025-10-08,Dumai
CUST02389,Laki-laki,46+,2024-11-23,Langsa
CUST02390,Laki-laki,46+,2025-09-02,Palangkaraya
CUST02391,Perempuan,26-35,2025-12-26,Bekasi
CUST02392,Perempuan,46+,2025-09-12,Singkawang
CUST02393,Perempuan,26-35,2025-07-18,Blitar
CUST02394,Laki-laki,26-35,2026-04-10,Banjarmasin
CUST02395,Laki-laki,18-25,2025-03-30,Ambon
CUST02396,Perempuan,18-25,2025-12-15,Binjai
CUST02397,Perempuan,46+,2026-04-16,Bandar Lampung
CUST02398,Laki-laki,26-35,2024-12-16,Tanjungpinang
CUST02399,Laki-laki,18-25,2025-09-18,Sorong
CUST02400,Laki-laki,46+,2025-02-19,Padang
CUST02401,Perempuan,36-45,2025-04-09,Probolinggo
CUST02402,Perempuan,26-35,2024-11-28,Parepare
CUST02403,Perempuan,46+,2024-10-03,Sabang
CUST02404,Laki-laki,46+,2025-04-11,Padangpanjang
CUST02405,Perempuan,46+,2024-10-14,Surakarta
CUST02406,Laki-laki,18-25,2024-09-22,Balikpapan
CUST02407,Perempuan,46+,2024-08-11,Bontang
CUST02408,Laki-laki,26-35,2025-12-29,Surabaya
CUST02409,Perempuan,18-25,2025-05-22,Bau-Bau
CUST02410,Perempuan,18-25,2024-10-01,Palu
CUST02411,Laki-laki,36-45,2026-05-12,Solok
CUST02412,Perempuan,46+,2024-11-03,Pekanbaru
CUST02413,Perempuan,36-45,2025-05-12,Meulaboh
CUST02414,Perempuan,26-35,2025-03-19,Denpasar
CUST02415,Perempuan,36-45,2025-05-12,Samarinda
CUST02416,Laki-laki,26-35,2025-07-08,Tasikmalaya
CUST02417,Perempuan,46+,2025-07-11,Padang Sidempuan
CUST02418,Laki-laki,18-25,2026-06-06,Bandung
CUST02419,Laki-laki,26-35,2024-07-16,Tarakan
CUST02420,Perempuan,46+,2025-03-30,Sawahlunto
CUST02421,Perempuan,46+,2025-06-26,Bontang
CUST02422,Laki-laki,26-35,2026-01-05,Pangkalpinang
CUST02423,Perempuan,26-35,2025-07-23,Pematangsiantar
CUST02424,Perempuan,18-25,2026-05-09,Kota Administrasi Jakarta Barat
CUST02425,Perempuan,36-45,2025-06-18,Tangerang Selatan
CUST02426,Laki-laki,18-25,2025-10-22,Singkawang
CUST02427,Laki-laki,18-25,2024-07-27,Prabumulih
CUST02428,Perempuan,36-45,2026-02-11,Parepare
CUST02429,Laki-laki,46+,2025-06-04,Samarinda
CUST02430,Laki-laki,46+,2026-01-07,Padangpanjang
CUST02431,Perempuan,18-25,2025-03-18,Kupang
CUST02432,Laki-laki,36-45,2024-10-25,Tanjungbalai
CUST02433,Laki-laki,26-35,2026-06-03,Tegal
CUST02434,Laki-laki,26-35,2026-02-16,Banjarmasin
CUST02435,Laki-laki,46+,2025-10-18,Sawahlunto
CUST02436,Perempuan,36-45,2024-10-26,Surabaya
CUST02437,Perempuan,36-45,2025-01-29,Kotamobagu
CUST02438,Laki-laki,18-25,2025-06-28,Blitar
CUST02439,Laki-laki,26-35,2025-07-14,Kota Administrasi Jakarta Utara
CUST02440,Laki-laki,36-45,2024-12-29,Singkawang
CUST02441,Laki-laki,46+,2025-01-21,Kota Administrasi Jakarta Pusat
CUST02442,Perempuan,46+,2024-06-28,Sibolga
CUST02443,Laki-laki,46+,2024-10-30,Surabaya
CUST02444,Laki-laki,26-35,2025-05-29,Cirebon
CUST02445,Perempuan,46+,2025-01-05,Pasuruan
CUST02446,Perempuan,46+,2024-11-04,Makassar
CUST02447,Laki-laki,18-25,2024-08-21,Serang
CUST02448,Laki-laki,36-45,2026-06-12,Payakumbuh
CUST02449,Laki-laki,18-25,2026-01-22,Yogyakarta
CUST02450,Laki-laki,26-35,2025-04-10,Surabaya
CUST02451,Laki-laki,36-45,2025-05-24,Gorontalo
CUST02452,Laki-laki,26-35,2025-09-08,Banjarbaru
CUST02453,Laki-laki,36-45,2025-10-28,Tomohon
CUST02454,Perempuan,18-25,2026-03-15,Banjarbaru
CUST02455,Laki-laki,18-25,2024-10-25,Padang
CUST02456,Perempuan,26-35,2025-06-21,Parepare
CUST02457,Laki-laki,36-45,2026-01-17,Metro
CUST02458,Laki-laki,46+,2025-11-29,Parepare
CUST02459,Perempuan,18-25,2025-01-06,Pontianak
CUST02460,Laki-laki,36-45,2026-04-23,Balikpapan
CUST02461,Perempuan,36-45,2025-01-27,Metro
CUST02462,Perempuan,18-25,2025-11-26,Pontianak
CUST02463,Perempuan,18-25,2025-11-29,Bengkulu
CUST02464,Perempuan,46+,2026-05-30,Palangkaraya
CUST02465,Laki-laki,18-25,2025-10-04,Magelang
CUST02466,Perempuan,36-45,2025-01-12,Bengkulu
CUST02467,Perempuan,26-35,2025-01-01,Pangkalpinang
CUST02468,Laki-laki,18-25,2026-02-07,Tegal
CUST02469,Laki-laki,18-25,2025-11-20,Pematangsiantar
CUST02470,Perempuan,36-45,2025-03-06,Lubuklinggau
CUST02471,Perempuan,36-45,2025-08-16,Tangerang
CUST02472,Perempuan,36-45,2024-06-23,Balikpapan
CUST02473,Laki-laki,46+,2025-05-02,Pontianak
CUST02474,Perempuan,46+,2024-09-05,Malang
CUST02475,Laki-laki,26-35,2024-12-04,Kota Administrasi Jakarta Pusat
CUST02476,Perempuan,26-35,2024-11-13,Bandar Lampung
CUST02477,Laki-laki,18-25,2025-10-11,Banjarmasin
CUST02478,Laki-laki,46+,2026-06-15,Serang
CUST02479,Laki-laki,26-35,2025-10-25,Tarakan
CUST02480,Perempuan,46+,2024-09-18,Sibolga
CUST02481,Laki-laki,36-45,2024-09-25,Surabaya
CUST02482,Perempuan,26-35,2026-01-31,Binjai
CUST02483,Laki-laki,26-35,2025-12-09,Kota Administrasi Jakarta Pusat
CUST02484,Perempuan,36-45,2025-01-31,Surabaya
CUST02485,Laki-laki,36-45,2026-06-14,Subulussalam
CUST02486,Perempuan,36-45,2025-06-04,Yogyakarta
CUST02487,Laki-laki,18-25,2025-05-14,Kota Administrasi Jakarta Pusat
CUST02488,Perempuan,36-45,2024-10-20,Kota Administrasi Jakarta Utara
CUST02489,Perempuan,18-25,2026-02-10,Metro
CUST02490,Laki-laki,26-35,2025-04-14,Banjarmasin
CUST02491,Perempuan,36-45,2025-01-03,Cirebon
CUST02492,Perempuan,46+,2025-05-25,Pasuruan
CUST02493,Laki-laki,26-35,2026-06-08,Singkawang
CUST02494,Perempuan,26-35,2025-04-17,Sukabumi
CUST02495,Perempuan,36-45,2025-07-04,Bontang
CUST02496,Perempuan,46+,2025-08-10,Jambi
CUST02497,Laki-laki,36-45,2025-10-06,Palembang
CUST02498,Perempuan,18-25,2025-12-24,Bima
CUST02499,Laki-laki,36-45,2024-07-14,Batu
CUST02500,Perempuan,18-25,2025-09-03,Palopo
CUST02501,Laki-laki,36-45,2024-07-01,Bukittinggi
CUST02502,Laki-laki,36-45,2025-11-06,Bandung
CUST02503,Perempuan,26-35,2025-11-15,Kota Administrasi Jakarta Timur
CUST02504,Perempuan,26-35,2024-10-12,Mojokerto
CUST02505,Laki-laki,36-45,2025-09-06,Pekanbaru
CUST02506,Perempuan,18-25,2025-12-18,Pariaman
CUST02507,Perempuan,46+,2025-05-21,Tegal
CUST02508,Laki-laki,46+,2026-02-13,Probolinggo
CUST02509,Laki-laki,36-45,2024-12-09,Meulaboh
CUST02510,Perempuan,36-45,2025-12-04,Bitung
CUST02511,Laki-laki,36-45,2025-08-31,Magelang
CUST02512,Laki-laki,18-25,2025-11-28,Padang
CUST02513,Perempuan,18-25,2024-07-29,Mataram
CUST02514,Laki-laki,18-25,2025-08-06,Bau-Bau
CUST02515,Perempuan,18-25,2026-04-01,Tual
CUST02516,Perempuan,26-35,2026-02-02,Sukabumi
CUST02517,Laki-laki,36-45,2024-11-21,Purwokerto
CUST02518,Perempuan,36-45,2024-07-17,Surabaya
CUST02519,Perempuan,26-35,2024-11-12,Tanjungpinang
CUST02520,Laki-laki,26-35,2025-04-16,Sorong
CUST02521,Laki-laki,18-25,2025-12-04,Pasuruan
CUST02522,Perempuan,46+,2024-08-21,Ternate
CUST02523,Laki-laki,18-25,2024-11-11,Bandung
CUST02524,Perempuan,18-25,2024-11-13,Tebingtinggi
CUST02525,Laki-laki,36-45,2025-09-20,Pasuruan
CUST02526,Perempuan,18-25,2025-04-14,Probolinggo
CUST02527,Laki-laki,36-45,2025-10-29,Payakumbuh
CUST02528,Laki-laki,36-45,2025-08-05,Banda Aceh
CUST02529,Laki-laki,36-45,2024-07-15,Banjarmasin
CUST02530,Laki-laki,26-35,2025-03-06,Padang
CUST02531,Perempuan,36-45,2024-09-16,Sungai Penuh
CUST02532,Perempuan,46+,2025-11-17,Tangerang
CUST02533,Laki-laki,36-45,2026-04-23,Ternate
CUST02534,Laki-laki,26-35,2025-09-09,Batu
CUST02535,Perempuan,18-25,2024-07-15,Pasuruan
CUST02536,Laki-laki,18-25,2025-11-06,Parepare
CUST02537,Laki-laki,36-45,2026-05-22,Kota Administrasi Jakarta Barat
CUST02538,Perempuan,36-45,2025-12-13,Balikpapan
CUST02539,Laki-laki,36-45,2024-10-28,Lhokseumawe
CUST02540,Laki-laki,26-35,2026-03-16,Palu
CUST02541,Laki-laki,36-45,2025-10-04,Semarang
CUST02542,Perempuan,46+,2024-08-05,Binjai
CUST02543,Laki-laki,26-35,2025-07-08,Batam
CUST02544,Laki-laki,46+,2026-03-03,Pagaralam
CUST02545,Laki-laki,18-25,2025-03-06,Madiun
CUST02546,Perempuan,18-25,2024-09-18,Madiun
CUST02547,Laki-laki,46+,2026-03-28,Tual
CUST02548,Perempuan,26-35,2024-07-22,Magelang
CUST02549,Perempuan,36-45,2024-08-05,Kota Administrasi Jakarta Utara
CUST02550,Perempuan,36-45,2024-10-04,Cimahi
CUST02551,Laki-laki,18-25,2025-12-09,Purwokerto
CUST02552,Perempuan,26-35,2024-10-23,Kota Administrasi Jakarta Barat
CUST02553,Laki-laki,46+,2026-06-05,Bogor
CUST02554,Laki-laki,46+,2024-09-02,Cilegon
CUST02555,Perempuan,46+,2024-06-29,Bau-Bau
CUST02556,Perempuan,26-35,2024-06-21,Cirebon
CUST02557,Laki-laki,26-35,2026-06-06,Tarakan
CUST02558,Perempuan,36-45,2025-11-05,Padangpanjang
CUST02559,Perempuan,26-35,2025-12-07,Tanjungbalai
CUST02560,Perempuan,36-45,2024-09-23,Bontang
CUST02561,Perempuan,46+,2025-10-26,Pematangsiantar
CUST02562,Laki-laki,18-25,2025-06-01,Kendari
CUST02563,Perempuan,18-25,2026-06-15,Singkawang
CUST02564,Perempuan,46+,2025-12-06,Serang
CUST02565,Perempuan,26-35,2024-11-03,Singkawang
CUST02566,Perempuan,36-45,2024-08-24,Malang
CUST02567,Laki-laki,18-25,2025-05-08,Sabang
CUST02568,Perempuan,18-25,2024-12-17,Bitung
CUST02569,Perempuan,18-25,2025-08-02,Solok
CUST02570,Perempuan,46+,2025-03-25,Pangkalpinang
CUST02571,Perempuan,46+,2026-02-05,Kota Administrasi Jakarta Utara
CUST02572,Laki-laki,26-35,2024-07-28,Binjai
CUST02573,Laki-laki,46+,2026-02-25,Tangerang Selatan
CUST02574,Perempuan,18-25,2026-04-03,Payakumbuh
CUST02575,Perempuan,26-35,2024-10-31,Surakarta
CUST02576,Perempuan,46+,2026-06-03,Banjarbaru
CUST02577,Perempuan,26-35,2025-10-30,Kotamobagu
CUST02578,Laki-laki,18-25,2024-11-26,Kota Administrasi Jakarta Pusat
CUST02579,Perempuan,18-25,2025-03-03,Banjar
CUST02580,Perempuan,36-45,2024-09-06,Prabumulih
CUST02581,Laki-laki,46+,2024-10-31,Bandar Lampung
CUST02582,Laki-laki,36-45,2025-06-28,Batu
CUST02583,Perempuan,18-25,2026-05-13,Tebingtinggi
CUST02584,Laki-laki,46+,2025-05-28,Padangpanjang
CUST02585,Perempuan,46+,2024-11-18,Kediri
CUST02586,Laki-laki,18-25,2026-02-12,Madiun
CUST02587,Laki-laki,26-35,2024-12-10,Kendari
CUST02588,Laki-laki,26-35,2026-01-11,Dumai
CUST02589,Laki-laki,46+,2025-04-04,Batu
CUST02590,Perempuan,46+,2025-06-17,Banjarbaru
CUST02591,Perempuan,26-35,2026-05-09,Bontang
CUST02592,Laki-laki,36-45,2024-12-01,Cirebon
CUST02593,Perempuan,36-45,2025-04-13,Bogor
CUST02594,Perempuan,36-45,2025-06-07,Sorong
CUST02595,Laki-laki,18-25,2025-03-22,Dumai
CUST02596,Perempuan,26-35,2025-03-04,Bandung
CUST02597,Perempuan,18-25,2025-12-06,Kota Administrasi Jakarta Utara
CUST02598,Perempuan,18-25,2024-10-01,Pangkalpinang
CUST02599,Laki-laki,36-45,2025-06-08,Cimahi
CUST02600,Laki-laki,36-45,2026-01-28,Jayapura
CUST02601,Laki-laki,26-35,2026-05-06,Sibolga
CUST02602,Perempuan,46+,2024-10-16,Samarinda
CUST02603,Perempuan,46+,2025-08-20,Bekasi
CUST02604,Perempuan,46+,2025-05-02,Jambi
CUST02605,Perempuan,26-35,2025-09-19,Pangkalpinang
CUST02606,Laki-laki,46+,2025-01-19,Tegal
CUST02607,Laki-laki,26-35,2025-05-15,Kota Administrasi Jakarta Barat
CUST02608,Perempuan,36-45,2025-02-26,Sawahlunto
CUST02609,Perempuan,26-35,2024-12-06,Samarinda
CUST02610,Perempuan,26-35,2026-05-15,Padangpanjang
CUST02611,Laki-laki,18-25,2024-07-21,Parepare
CUST02612,Laki-laki,18-25,2026-01-07,Pagaralam
CUST02613,Laki-laki,46+,2025-08-03,Pariaman
CUST02614,Perempuan,26-35,2026-03-07,Palopo
CUST02615,Laki-laki,26-35,2025-07-06,Bau-Bau
CUST02616,Perempuan,46+,2025-08-24,Tanjungbalai
CUST02617,Perempuan,26-35,2026-01-06,Jambi
CUST02618,Perempuan,46+,2024-09-28,Kupang
CUST02619,Perempuan,46+,2024-12-19,Banda Aceh
CUST02620,Perempuan,26-35,2025-06-24,Cilegon
CUST02621,Laki-laki,46+,2025-12-15,Samarinda
CUST02622,Laki-laki,46+,2026-01-18,Palu
CUST02623,Laki-laki,36-45,2025-06-12,Tarakan
CUST02624,Perempuan,36-45,2025-04-27,Medan
CUST02625,Laki-laki,18-25,2025-10-16,Tarakan
CUST02626,Perempuan,36-45,2025-10-21,Sorong
CUST02627,Laki-laki,46+,2024-08-10,Tanjungbalai
CUST02628,Laki-laki,26-35,2025-03-02,Kupang
CUST02629,Perempuan,46+,2025-05-13,Tanjungpinang
CUST02630,Laki-laki,18-25,2025-10-05,Tangerang Selatan
CUST02631,Laki-laki,46+,2024-08-18,Ternate
CUST02632,Laki-laki,36-45,2026-06-11,Pekanbaru
CUST02633,Laki-laki,36-45,2026-05-24,Banjarbaru
CUST02634,Laki-laki,46+,2024-09-11,Mataram
CUST02635,Perempuan,46+,2025-06-13,Mataram
CUST02636,Perempuan,46+,2025-03-28,Sukabumi
CUST02637,Perempuan,36-45,2025-08-25,Sabang
CUST02638,Perempuan,26-35,2025-12-19,Bogor
CUST02639,Laki-laki,36-45,2025-03-04,Probolinggo
CUST02640,Perempuan,18-25,2024-09-13,Ternate
CUST02641,Perempuan,26-35,2026-06-16,Tomohon
CUST02642,Laki-laki,36-45,2026-01-16,Madiun
CUST02643,Laki-laki,36-45,2025-03-17,Pekalongan
CUST02644,Perempuan,18-25,2025-11-27,Kota Administrasi Jakarta Utara
CUST02645,Laki-laki,18-25,2024-07-29,Medan
CUST02646,Perempuan,36-45,2025-03-12,Pasuruan
CUST02647,Laki-laki,36-45,2025-07-11,Parepare
CUST02648,Perempuan,36-45,2025-12-20,Palopo
CUST02649,Laki-laki,18-25,2025-10-12,Tangerang
CUST02650,Laki-laki,26-35,2025-12-07,Depok
CUST02651,Perempuan,36-45,2026-05-10,Bekasi
CUST02652,Laki-laki,36-45,2024-08-18,Cirebon
CUST02653,Laki-laki,46+,2025-01-26,Bima
CUST02654,Laki-laki,18-25,2024-10-22,Binjai
CUST02655,Perempuan,18-25,2025-12-10,Payakumbuh
CUST02656,Laki-laki,26-35,2024-10-11,Pematangsiantar
CUST02657,Perempuan,46+,2025-10-17,Kupang
CUST02658,Perempuan,26-35,2025-05-06,Parepare
CUST02659,Perempuan,26-35,2025-03-13,Palembang
CUST02660,Laki-laki,36-45,2026-01-10,Kupang
CUST02661,Laki-laki,36-45,2024-11-10,Banda Aceh
CUST02662,Laki-laki,18-25,2026-04-25,Pematangsiantar
CUST02663,Laki-laki,46+,2025-10-30,Padang Sidempuan
CUST02664,Perempuan,46+,2025-09-09,Sungai Penuh
CUST02665,Perempuan,46+,2025-10-31,Pasuruan
CUST02666,Laki-laki,46+,2025-09-20,Palu
CUST02667,Perempuan,46+,2025-02-08,Lhokseumawe
CUST02668,Perempuan,26-35,2024-10-28,Kediri
CUST02669,Perempuan,18-25,2025-06-28,Kotamobagu
CUST02670,Perempuan,46+,2026-02-04,Bontang
CUST02671,Perempuan,36-45,2025-03-18,Palu
CUST02672,Laki-laki,18-25,2024-10-24,Tasikmalaya
CUST02673,Perempuan,46+,2025-08-06,Denpasar
CUST02674,Perempuan,36-45,2024-10-31,Cilegon
CUST02675,Perempuan,36-45,2024-12-18,Banjar
CUST02676,Laki-laki,36-45,2025-02-17,Palembang
CUST02677,Perempuan,46+,2025-01-05,Denpasar
CUST02678,Laki-laki,26-35,2024-11-23,Surakarta
CUST02679,Perempuan,26-35,2025-02-18,Bontang
CUST02680,Perempuan,18-25,2025-04-02,Probolinggo
CUST02681,Laki-laki,18-25,2024-10-21,Bitung
CUST02682,Laki-laki,46+,2026-06-01,Padang
CUST02683,Laki-laki,18-25,2026-06-10,Yogyakarta
CUST02684,Perempuan,36-45,2024-10-07,Lubuklinggau
CUST02685,Laki-laki,36-45,2024-10-16,Ternate
CUST02686,Perempuan,26-35,2025-08-15,Sukabumi
CUST02687,Laki-laki,18-25,2025-12-16,Parepare
CUST02688,Laki-laki,18-25,2026-05-13,Tomohon
CUST02689,Laki-laki,18-25,2025-09-05,Salatiga
CUST02690,Laki-laki,18-25,2026-01-03,Makassar
CUST02691,Laki-laki,46+,2025-12-04,Tegal
CUST02692,Laki-laki,18-25,2025-06-24,Bogor
CUST02693,Laki-laki,36-45,2025-11-25,Lhokseumawe
CUST02694,Perempuan,46+,2024-07-06,Solok
CUST02695,Laki-laki,46+,2026-04-01,Palopo
CUST02696,Perempuan,46+,2025-03-21,Madiun
CUST02697,Perempuan,36-45,2024-07-29,Sawahlunto
CUST02698,Laki-laki,18-25,2025-07-30,Yogyakarta
CUST02699,Perempuan,18-25,2025-01-18,Banda Aceh
CUST02700,Perempuan,46+,2024-08-20,Tangerang
CUST02701,Perempuan,18-25,2025-11-20,Pekanbaru
CUST02702,Perempuan,36-45,2025-04-19,Pasuruan
CUST02703,Laki-laki,46+,2025-02-18,Surakarta
CUST02704,Laki-laki,46+,2025-03-24,Bontang
CUST02705,Laki-laki,46+,2025-12-25,Medan
CUST02706,Laki-laki,46+,2025-04-12,Balikpapan
CUST02707,Laki-laki,26-35,2025-01-24,Malang
CUST02708,Perempuan,26-35,2025-02-11,Sabang
CUST02709,Laki-laki,46+,2024-08-24,Tegal
CUST02710,Perempuan,18-25,2026-05-07,Ternate
CUST02711,Laki-laki,18-25,2025-05-05,Kotamobagu
CUST02712,Laki-laki,36-45,2024-10-22,Tegal
CUST02713,Perempuan,18-25,2026-05-14,Bogor
CUST02714,Perempuan,26-35,2026-03-27,Bontang
CUST02715,Laki-laki,18-25,2024-11-25,Parepare
CUST02716,Perempuan,36-45,2026-04-21,Batam
CUST02717,Laki-laki,36-45,2026-06-11,Bekasi
CUST02718,Perempuan,18-25,2024-06-22,Subulussalam
CUST02719,Perempuan,46+,2026-05-28,Padangpanjang
CUST02720,Perempuan,46+,2024-10-30,Tarakan
CUST02721,Laki-laki,26-35,2025-09-01,Dumai
CUST02722,Laki-laki,46+,2024-11-08,Kupang
CUST02723,Perempuan,18-25,2025-08-21,Banjar
CUST02724,Perempuan,36-45,2026-03-18,Sawahlunto
CUST02725,Perempuan,46+,2025-02-08,Sabang
CUST02726,Laki-laki,18-25,2026-01-12,Jayapura
CUST02727,Perempuan,36-45,2024-07-07,Bukittinggi
CUST02728,Laki-laki,46+,2025-01-07,Subulussalam
CUST02729,Perempuan,26-35,2026-03-26,Bitung
CUST02730,Laki-laki,18-25,2025-11-06,Padangpanjang
CUST02731,Perempuan,26-35,2024-11-03,Tanjungbalai
CUST02732,Perempuan,46+,2025-10-30,Bandar Lampung
CUST02733,Laki-laki,36-45,2024-09-17,Payakumbuh
CUST02734,Perempuan,18-25,2024-08-07,Sawahlunto
CUST02735,Perempuan,26-35,2025-06-25,Kota Administrasi Jakarta Selatan
CUST02736,Laki-laki,18-25,2025-10-17,Tanjungbalai
CUST02737,Laki-laki,18-25,2026-03-14,Medan
CUST02738,Laki-laki,46+,2025-07-20,Kota Administrasi Jakarta Selatan
CUST02739,Perempuan,18-25,2024-10-21,Bontang
CUST02740,Perempuan,46+,2025-02-20,Tanjungbalai
CUST02741,Perempuan,18-25,2024-09-30,Cilegon
CUST02742,Laki-laki,36-45,2024-07-28,Mataram
CUST02743,Laki-laki,36-45,2025-05-08,Banjarbaru
CUST02744,Laki-laki,46+,2025-01-28,Pontianak
CUST02745,Laki-laki,26-35,2025-10-26,Pekanbaru
CUST02746,Perempuan,26-35,2024-11-14,Tual
CUST02747,Laki-laki,18-25,2024-08-29,Probolinggo
CUST02748,Laki-laki,26-35,2025-02-22,Tangerang Selatan
CUST02749,Perempuan,18-25,2026-02-28,Kota Administrasi Jakarta Timur
CUST02750,Perempuan,18-25,2025-12-01,Bengkulu
CUST02751,Laki-laki,26-35,2025-08-06,Bontang
CUST02752,Laki-laki,26-35,2024-06-27,Pematangsiantar
CUST02753,Laki-laki,36-45,2025-01-21,Pasuruan
CUST02754,Laki-laki,46+,2025-05-03,Cilegon
CUST02755,Laki-laki,18-25,2024-09-04,Bukittinggi
CUST02756,Laki-laki,18-25,2025-07-12,Depok
CUST02757,Perempuan,26-35,2026-02-24,Padangpanjang
CUST02758,Laki-laki,26-35,2025-06-09,Binjai
CUST02759,Perempuan,36-45,2026-03-15,Banda Aceh
CUST02760,Perempuan,36-45,2025-06-24,Lhokseumawe
CUST02761,Laki-laki,26-35,2025-12-05,Bogor
CUST02762,Perempuan,26-35,2026-03-13,Serang
CUST02763,Laki-laki,26-35,2025-07-28,Cirebon
CUST02764,Perempuan,18-25,2025-12-20,Bandar Lampung
CUST02765,Laki-laki,36-45,2026-01-16,Jayapura
CUST02766,Laki-laki,46+,2024-09-24,Tanjungbalai
CUST02767,Laki-laki,36-45,2024-12-09,Blitar
CUST02768,Laki-laki,46+,2024-11-26,Bau-Bau
CUST02769,Laki-laki,18-25,2025-05-12,Batu
CUST02770,Laki-laki,18-25,2024-07-01,Tomohon
CUST02771,Perempuan,26-35,2025-05-17,Dumai
CUST02772,Laki-laki,46+,2024-09-08,Surabaya
CUST02773,Laki-laki,18-25,2025-07-20,Parepare
CUST02774,Laki-laki,26-35,2024-09-17,Banjar
CUST02775,Laki-laki,36-45,2024-08-07,Surakarta
CUST02776,Perempuan,46+,2024-06-24,Bitung
CUST02777,Laki-laki,26-35,2026-06-01,Semarang
CUST02778,Laki-laki,36-45,2026-05-17,Denpasar
CUST02779,Perempuan,46+,2025-11-19,Bandar Lampung
CUST02780,Laki-laki,26-35,2024-08-26,Tidore Kepulauan
CUST02781,Laki-laki,26-35,2025-01-18,Manado
CUST02782,Perempuan,18-25,2024-10-19,Pekalongan
CUST02783,Perempuan,36-45,2025-09-02,Bengkulu
CUST02784,Perempuan,18-25,2026-03-15,Pontianak
CUST02785,Laki-laki,26-35,2024-12-02,Kotamobagu
CUST02786,Laki-laki,18-25,2024-10-28,Tebingtinggi
CUST02787,Perempuan,26-35,2024-09-01,Pekalongan
CUST02788,Perempuan,26-35,2026-04-09,Mataram
CUST02789,Perempuan,18-25,2025-12-11,Palembang
CUST02790,Laki-laki,18-25,2025-11-22,Denpasar
CUST02791,Laki-laki,46+,2026-03-27,Metro
CUST02792,Perempuan,26-35,2025-05-12,Pekanbaru
CUST02793,Laki-laki,18-25,2024-12-10,Binjai
CUST02794,Laki-laki,36-45,2026-01-29,Bitung
CUST02795,Perempuan,26-35,2025-06-13,Pematangsiantar
CUST02796,Perempuan,36-45,2024-09-30,Tual
CUST02797,Perempuan,46+,2025-03-24,Sabang
CUST02798,Laki-laki,18-25,2025-12-29,Bau-Bau
CUST02799,Laki-laki,26-35,2025-02-26,Binjai
CUST02800,Laki-laki,18-25,2025-04-11,Palu
CUST02801,Perempuan,18-25,2025-09-26,Tangerang Selatan
CUST02802,Laki-laki,26-35,2026-04-01,Jayapura
CUST02803,Perempuan,36-45,2025-08-21,Kupang
CUST02804,Perempuan,26-35,2026-04-12,Depok
CUST02805,Perempuan,26-35,2026-04-13,Parepare
CUST02806,Laki-laki,36-45,2026-06-16,Cirebon
CUST02807,Laki-laki,18-25,2024-06-26,Tangerang
CUST02808,Laki-laki,46+,2024-09-06,Palembang
CUST02809,Laki-laki,46+,2025-07-27,Bitung
CUST02810,Laki-laki,18-25,2024-10-06,Padang
CUST02811,Perempuan,46+,2025-12-08,Ternate
CUST02812,Laki-laki,46+,2026-06-05,Batam
CUST02813,Laki-laki,26-35,2025-03-26,Makassar
CUST02814,Perempuan,26-35,2024-11-19,Bitung
CUST02815,Perempuan,36-45,2024-12-14,Tebingtinggi
CUST02816,Laki-laki,46+,2025-07-09,Tual
CUST02817,Laki-laki,36-45,2025-12-23,Tomohon
CUST02818,Perempuan,26-35,2026-02-20,Manado
CUST02819,Perempuan,26-35,2025-06-21,Pasuruan
CUST02820,Laki-laki,18-25,2025-07-19,Bontang
CUST02821,Perempuan,26-35,2026-02-03,Bima
CUST02822,Laki-laki,46+,2024-09-19,Pasuruan
CUST02823,Perempuan,46+,2025-07-08,Sorong
CUST02824,Laki-laki,36-45,2024-09-29,Bengkulu
CUST02825,Laki-laki,36-45,2026-01-11,Batam
CUST02826,Laki-laki,26-35,2025-07-08,Cirebon
CUST02827,Laki-laki,18-25,2025-04-10,Bukittinggi
CUST02828,Perempuan,46+,2025-02-07,Tual
CUST02829,Laki-laki,46+,2024-08-15,Pangkalpinang
CUST02830,Perempuan,36-45,2024-11-20,Surabaya
CUST02831,Laki-laki,46+,2025-07-08,Pekalongan
CUST02832,Laki-laki,26-35,2025-01-06,Probolinggo
CUST02833,Perempuan,46+,2025-08-15,Tual
CUST02834,Laki-laki,26-35,2024-07-11,Bitung
CUST02835,Laki-laki,46+,2025-04-10,Lubuklinggau
CUST02836,Laki-laki,18-25,2026-04-10,Palembang
CUST02837,Perempuan,18-25,2025-06-09,Bandung
CUST02838,Perempuan,46+,2024-11-01,Tarakan
CUST02839,Perempuan,18-25,2024-10-22,Palangkaraya
CUST02840,Perempuan,46+,2024-09-29,Tasikmalaya
CUST02841,Laki-laki,18-25,2025-04-15,Tual
CUST02842,Laki-laki,46+,2024-09-09,Surabaya
CUST02843,Laki-laki,26-35,2025-08-21,Parepare
CUST02844,Perempuan,36-45,2025-08-27,Pekalongan
CUST02845,Laki-laki,18-25,2024-07-30,Kota Administrasi Jakarta Selatan
CUST02846,Laki-laki,46+,2025-07-06,Singkawang
CUST02847,Perempuan,26-35,2025-11-24,Yogyakarta
CUST02848,Perempuan,18-25,2025-01-23,Banjarmasin
CUST02849,Perempuan,46+,2024-07-08,Blitar
CUST02850,Laki-laki,46+,2026-03-29,Malang
CUST02851,Laki-laki,36-45,2026-03-07,Tual
CUST02852,Perempuan,18-25,2026-05-10,Metro
CUST02853,Laki-laki,46+,2024-08-31,Malang
CUST02854,Perempuan,18-25,2025-03-21,Malang
CUST02855,Perempuan,46+,2024-07-30,Kota Administrasi Jakarta Barat
CUST02856,Perempuan,26-35,2024-12-16,Semarang
CUST02857,Laki-laki,36-45,2024-08-21,Lhokseumawe
CUST02858,Laki-laki,36-45,2024-09-13,Cimahi
CUST02859,Laki-laki,18-25,2024-07-02,Bandung
CUST02860,Perempuan,36-45,2025-06-09,Salatiga
CUST02861,Perempuan,18-25,2025-07-21,Kota Administrasi Jakarta Timur
CUST02862,Perempuan,36-45,2024-07-02,Semarang
CUST02863,Laki-laki,18-25,2024-07-04,Metro
CUST02864,Laki-laki,26-35,2025-09-03,Madiun
CUST02865,Perempuan,26-35,2025-09-04,Pasuruan
CUST02866,Laki-laki,46+,2024-09-02,Makassar
CUST02867,Laki-laki,26-35,2025-07-07,Cimahi
CUST02868,Perempuan,36-45,2025-10-07,Mataram
CUST02869,Perempuan,46+,2025-05-21,Payakumbuh
CUST02870,Perempuan,18-25,2025-10-23,Prabumulih
CUST02871,Laki-laki,36-45,2024-11-30,Kota Administrasi Jakarta Selatan
CUST02872,Perempuan,46+,2024-07-23,Samarinda
CUST02873,Perempuan,18-25,2025-04-25,Solok
CUST02874,Perempuan,36-45,2026-01-15,Tasikmalaya
CUST02875,Perempuan,36-45,2026-04-03,Semarang
CUST02876,Laki-laki,26-35,2025-03-05,Batam
CUST02877,Perempuan,18-25,2025-08-30,Pagaralam
CUST02878,Laki-laki,46+,2024-11-26,Batu
CUST02879,Laki-laki,36-45,2025-11-05,Pekalongan
CUST02880,Laki-laki,18-25,2026-03-03,Palangkaraya
CUST02881,Laki-laki,36-45,2025-11-14,Dumai
CUST02882,Laki-laki,26-35,2025-05-04,Kota Administrasi Jakarta Pusat
CUST02883,Perempuan,26-35,2025-10-15,Surakarta
CUST02884,Laki-laki,18-25,2026-01-30,Banda Aceh
CUST02885,Perempuan,46+,2025-10-17,Samarinda
CUST02886,Laki-laki,46+,2025-07-09,Surabaya
CUST02887,Perempuan,46+,2026-03-18,Kota Administrasi Jakarta Timur
CUST02888,Perempuan,18-25,2026-06-14,Salatiga
CUST02889,Perempuan,26-35,2026-01-02,Pematangsiantar
CUST02890,Laki-laki,18-25,2024-11-19,Pangkalpinang
CUST02891,Laki-laki,36-45,2024-10-09,Bukittinggi
CUST02892,Perempuan,36-45,2026-01-17,Palangkaraya
CUST02893,Perempuan,46+,2025-05-01,Batam
CUST02894,Perempuan,46+,2025-10-22,Padang Sidempuan
CUST02895,Perempuan,26-35,2025-01-10,Sukabumi
CUST02896,Perempuan,26-35,2024-10-19,Tangerang Selatan
CUST02897,Perempuan,26-35,2025-09-26,Padang
CUST02898,Perempuan,36-45,2024-12-19,Bukittinggi
CUST02899,Perempuan,18-25,2024-11-13,Kota Administrasi Jakarta Barat
CUST02900,Laki-laki,36-45,2026-02-26,Pangkalpinang
CUST02901,Perempuan,46+,2025-06-29,Pagaralam
CUST02902,Laki-laki,26-35,2025-11-01,Dumai
CUST02903,Perempuan,26-35,2024-10-18,Bogor
CUST02904,Laki-laki,26-35,2024-07-09,Kota Administrasi Jakarta Utara
CUST02905,Laki-laki,26-35,2025-11-10,Sukabumi
CUST02906,Laki-laki,18-25,2026-04-10,Tebingtinggi
CUST02907,Perempuan,26-35,2025-06-29,Banjarmasin
CUST02908,Perempuan,36-45,2026-04-15,Lubuklinggau
CUST02909,Perempuan,26-35,2025-09-27,Batam
CUST02910,Laki-laki,18-25,2026-05-17,Mataram
CUST02911,Perempuan,36-45,2025-11-20,Mojokerto
CUST02912,Laki-laki,36-45,2026-03-31,Kendari
CUST02913,Perempuan,26-35,2024-09-11,Pematangsiantar
CUST02914,Perempuan,18-25,2025-11-14,Payakumbuh
CUST02915,Laki-laki,46+,2026-05-05,Kendari
CUST02916,Perempuan,26-35,2025-09-25,Yogyakarta
CUST02917,Perempuan,36-45,2026-03-05,Magelang
CUST02918,Laki-laki,18-25,2026-03-25,Tidore Kepulauan
CUST02919,Perempuan,36-45,2026-01-15,Pagaralam
CUST02920,Perempuan,36-45,2024-12-03,Bima
CUST02921,Laki-laki,46+,2024-10-31,Kota Administrasi Jakarta Utara
CUST02922,Perempuan,18-25,2025-05-24,Kota Administrasi Jakarta Pusat
CUST02923,Perempuan,18-25,2026-04-18,Pasuruan
CUST02924,Laki-laki,18-25,2025-08-05,Tanjungpinang
CUST02925,Perempuan,18-25,2024-09-12,Probolinggo
CUST02926,Perempuan,26-35,2025-05-12,Tangerang Selatan
CUST02927,Perempuan,36-45,2024-12-25,Bontang
CUST02928,Laki-laki,36-45,2025-03-25,Tasikmalaya
CUST02929,Laki-laki,26-35,2025-03-29,Banda Aceh
CUST02930,Laki-laki,36-45,2025-10-31,Ternate
CUST02931,Laki-laki,18-25,2025-11-13,Tanjungbalai
CUST02932,Laki-laki,46+,2026-05-30,Kota Administrasi Jakarta Pusat
CUST02933,Laki-laki,46+,2025-08-20,Lhokseumawe
CUST02934,Laki-laki,46+,2025-10-26,Tangerang Selatan
CUST02935,Perempuan,18-25,2024-09-19,Palembang
CUST02936,Perempuan,46+,2025-04-14,Mojokerto
CUST02937,Laki-laki,46+,2026-06-07,Langsa
CUST02938,Perempuan,46+,2024-08-26,Langsa
CUST02939,Perempuan,18-25,2024-11-27,Palembang
CUST02940,Perempuan,36-45,2025-10-20,Yogyakarta
CUST02941,Perempuan,36-45,2025-10-30,Bandung
CUST02942,Perempuan,18-25,2025-01-15,Pasuruan
CUST02943,Laki-laki,46+,2025-06-17,Magelang
CUST02944,Perempuan,46+,2025-12-26,Bengkulu
CUST02945,Perempuan,26-35,2026-03-19,Tanjungpinang
CUST02946,Perempuan,46+,2025-01-05,Manado
CUST02947,Laki-laki,18-25,2025-05-09,Palu
CUST02948,Laki-laki,26-35,2025-12-08,Tual
CUST02949,Perempuan,46+,2024-07-27,Sorong
CUST02950,Perempuan,18-25,2025-05-27,Ambon
CUST02951,Perempuan,18-25,2025-04-24,Sorong
CUST02952,Laki-laki,46+,2025-02-09,Samarinda
CUST02953,Perempuan,46+,2024-08-19,Cilegon
CUST02954,Laki-laki,46+,2024-12-27,Serang
CUST02955,Laki-laki,26-35,2025-12-01,Lubuklinggau
CUST02956,Laki-laki,46+,2025-06-02,Ternate
CUST02957,Perempuan,46+,2024-09-28,Cirebon
CUST02958,Laki-laki,36-45,2025-12-02,Kotamobagu
CUST02959,Perempuan,46+,2024-11-18,Padangpanjang
CUST02960,Perempuan,26-35,2025-03-29,Mojokerto
CUST02961,Laki-laki,18-25,2026-04-28,Samarinda
CUST02962,Laki-laki,36-45,2024-12-08,Banda Aceh
CUST02963,Perempuan,46+,2026-06-04,Bekasi
CUST02964,Laki-laki,36-45,2025-06-11,Kota Administrasi Jakarta Selatan
CUST02965,Perempuan,26-35,2025-12-13,Banjarbaru
CUST02966,Perempuan,26-35,2025-04-24,Serang
CUST02967,Laki-laki,18-25,2025-01-05,Bekasi
CUST02968,Perempuan,46+,2025-03-29,Salatiga
CUST02969,Laki-laki,36-45,2024-09-16,Tasikmalaya
CUST02970,Perempuan,46+,2025-07-30,Yogyakarta
CUST02971,Perempuan,46+,2026-06-01,Tangerang
CUST02972,Laki-laki,36-45,2025-07-05,Jayapura
CUST02973,Laki-laki,36-45,2025-12-23,Depok
CUST02974,Laki-laki,18-25,2026-04-17,Kotamobagu
CUST02975,Laki-laki,36-45,2026-01-17,Metro
CUST02976,Perempuan,26-35,2024-09-26,Gorontalo
CUST02977,Perempuan,26-35,2025-09-26,Kotamobagu
CUST02978,Laki-laki,36-45,2026-01-02,Padangpanjang
CUST02979,Perempuan,46+,2024-11-04,Bontang
CUST02980,Perempuan,18-25,2024-07-09,Kota Administrasi Jakarta Selatan
CUST02981,Perempuan,36-45,2024-12-16,Kota Administrasi Jakarta Barat
CUST02982,Laki-laki,26-35,2025-03-31,Bau-Bau
CUST02983,Laki-laki,18-25,2024-06-25,Bogor
CUST02984,Laki-laki,36-45,2026-04-24,Tanjungbalai
CUST02985,Perempuan,36-45,2025-04-21,Tasikmalaya
CUST02986,Perempuan,36-45,2025-04-10,Ternate
CUST02987,Laki-laki,36-45,2025-09-23,Batu
CUST02988,Laki-laki,18-25,2024-08-30,Banjarbaru
CUST02989,Laki-laki,36-45,2025-03-02,Parepare
CUST02990,Perempuan,46+,2026-05-23,Sibolga
CUST02991,Perempuan,36-45,2026-06-16,Ambon
CUST02992,Laki-laki,18-25,2024-12-31,Langsa
CUST02993,Laki-laki,26-35,2025-04-19,Blitar
CUST02994,Laki-laki,26-35,2026-05-11,Sawahlunto
CUST02995,Laki-laki,46+,2024-11-03,Cimahi
CUST02996,Perempuan,18-25,2025-07-13,Makassar
CUST02997,Laki-laki,26-35,2026-04-29,Blitar
CUST02998,Laki-laki,46+,2024-08-25,Tarakan
CUST02999,Perempuan,36-45,2025-08-02,Bontang
CUST03000,Perempuan,26-35,2025-01-05,Lubuklinggau
CUST03001,Perempuan,36-45,2024-07-21,Payakumbuh
CUST03002,Laki-laki,36-45,2026-04-25,Tidore Kepulauan
CUST03003,Laki-laki,18-25,2025-03-24,Kotamobagu
CUST03004,Laki-laki,26-35,2026-05-19,Singkawang
CUST03005,Laki-laki,26-35,2026-03-23,Pematangsiantar
CUST03006,Perempuan,26-35,2025-02-15,Cimahi
CUST03007,Laki-laki,26-35,2025-02-17,Tual
CUST03008,Laki-laki,46+,2024-10-12,Banjarbaru
CUST03009,Laki-laki,18-25,2024-11-10,Banjarbaru
CUST03010,Laki-laki,46+,2024-12-12,Bandung
CUST03011,Perempuan,18-25,2025-06-17,Cilegon
CUST03012,Laki-laki,18-25,2025-12-17,Palangkaraya
CUST03013,Laki-laki,18-25,2024-09-15,Banjar
CUST03014,Perempuan,18-25,2025-05-25,Tarakan
CUST03015,Perempuan,18-25,2025-08-26,Palu
CUST03016,Laki-laki,36-45,2025-07-04,Tebingtinggi
CUST03017,Laki-laki,18-25,2026-04-21,Bitung
CUST03018,Laki-laki,26-35,2025-03-15,Gorontalo
CUST03019,Laki-laki,26-35,2026-04-22,Denpasar
CUST03020,Perempuan,18-25,2026-03-27,Tidore Kepulauan
CUST03021,Laki-laki,26-35,2025-07-17,Salatiga
CUST03022,Perempuan,36-45,2026-05-09,Sawahlunto
CUST03023,Perempuan,26-35,2024-06-20,Padangpanjang
CUST03024,Laki-laki,18-25,2026-06-01,Kota Administrasi Jakarta Barat
CUST03025,Laki-laki,18-25,2026-02-03,Tangerang
CUST03026,Laki-laki,26-35,2024-08-29,Bandar Lampung
CUST03027,Perempuan,26-35,2025-01-23,Mojokerto
CUST03028,Laki-laki,18-25,2025-04-03,Madiun
CUST03029,Laki-laki,46+,2024-10-14,Bau-Bau
CUST03030,Perempuan,26-35,2025-06-09,Palu
CUST03031,Perempuan,18-25,2025-10-18,Serang
CUST03032,Laki-laki,36-45,2025-11-10,Magelang
CUST03033,Perempuan,46+,2024-07-21,Madiun
CUST03034,Laki-laki,26-35,2026-01-06,Jambi
CUST03035,Perempuan,18-25,2026-04-18,Sukabumi
CUST03036,Perempuan,18-25,2025-01-22,Banjarmasin
CUST03037,Perempuan,18-25,2026-01-15,Purwokerto
CUST03038,Laki-laki,46+,2025-09-27,Bekasi
CUST03039,Perempuan,36-45,2025-04-22,Cirebon
CUST03040,Laki-laki,18-25,2024-12-20,Bekasi
CUST03041,Perempuan,46+,2024-07-02,Cilegon
CUST03042,Laki-laki,46+,2025-04-14,Kotamobagu
CUST03043,Perempuan,46+,2025-11-01,Bitung
CUST03044,Perempuan,46+,2025-02-03,Palangkaraya
CUST03045,Laki-laki,46+,2026-01-09,Tangerang Selatan
CUST03046,Perempuan,46+,2025-09-28,Manado
CUST03047,Laki-laki,18-25,2025-11-15,Medan
CUST03048,Perempuan,36-45,2025-07-20,Pasuruan
CUST03049,Laki-laki,18-25,2025-05-28,Parepare
CUST03050,Perempuan,18-25,2025-01-11,Bekasi
CUST03051,Perempuan,46+,2026-01-25,Medan
CUST03052,Laki-laki,18-25,2025-10-06,Palangkaraya
CUST03053,Laki-laki,46+,2025-10-19,Bekasi
CUST03054,Perempuan,18-25,2024-07-18,Pangkalpinang
CUST03055,Laki-laki,18-25,2025-11-24,Sukabumi
CUST03056,Perempuan,26-35,2025-12-02,Payakumbuh
CUST03057,Perempuan,26-35,2025-07-31,Kupang
CUST03058,Perempuan,18-25,2025-06-15,Bau-Bau
CUST03059,Laki-laki,46+,2026-05-22,Langsa
CUST03060,Perempuan,36-45,2024-10-10,Tangerang Selatan
CUST03061,Perempuan,46+,2026-05-19,Kota Administrasi Jakarta Barat
CUST03062,Perempuan,46+,2025-07-28,Kupang
CUST03063,Perempuan,46+,2025-09-01,Purwokerto
CUST03064,Perempuan,26-35,2024-08-15,Pekanbaru
CUST03065,Perempuan,18-25,2024-09-08,Padang Sidempuan
CUST03066,Laki-laki,36-45,2024-08-29,Surabaya
CUST03067,Perempuan,46+,2025-12-28,Manado
CUST03068,Laki-laki,26-35,2024-12-31,Yogyakarta
CUST03069,Laki-laki,18-25,2025-07-13,Binjai
CUST03070,Laki-laki,18-25,2026-01-13,Cirebon
CUST03071,Perempuan,18-25,2026-02-17,Mojokerto
CUST03072,Laki-laki,46+,2024-07-22,Padangpanjang
CUST03073,Perempuan,26-35,2026-04-28,Lubuklinggau
CUST03074,Perempuan,18-25,2025-09-16,Tomohon
CUST03075,Laki-laki,46+,2025-11-19,Solok
CUST03076,Perempuan,26-35,2026-03-06,Makassar
CUST03077,Perempuan,46+,2026-05-31,Jambi
CUST03078,Perempuan,36-45,2024-11-07,Tidore Kepulauan
CUST03079,Perempuan,18-25,2025-09-29,Tangerang
CUST03080,Laki-laki,46+,2024-09-07,Prabumulih
CUST03081,Laki-laki,46+,2024-06-30,Mojokerto
CUST03082,Perempuan,36-45,2024-09-15,Cimahi
CUST03083,Perempuan,46+,2025-11-08,Palu
CUST03084,Perempuan,18-25,2025-12-06,Surabaya
CUST03085,Laki-laki,26-35,2026-01-16,Langsa
CUST03086,Perempuan,26-35,2025-10-10,Tanjungbalai
CUST03087,Perempuan,46+,2025-11-22,Langsa
CUST03088,Laki-laki,36-45,2024-08-24,Bogor
CUST03089,Perempuan,46+,2024-06-27,Binjai
CUST03090,Laki-laki,46+,2026-03-12,Tanjungpinang
CUST03091,Perempuan,46+,2024-11-10,Gorontalo
CUST03092,Laki-laki,18-25,2025-06-25,Sungai Penuh
CUST03093,Perempuan,36-45,2024-12-21,Sorong
CUST03094,Perempuan,46+,2026-04-14,Bekasi
CUST03095,Perempuan,36-45,2025-02-05,Bontang
CUST03096,Perempuan,18-25,2025-06-20,Banda Aceh
CUST03097,Laki-laki,18-25,2024-09-15,Bukittinggi
CUST03098,Laki-laki,36-45,2026-01-11,Pasuruan
CUST03099,Perempuan,18-25,2025-06-18,Palopo
CUST03100,Perempuan,46+,2025-09-14,Dumai
CUST03101,Laki-laki,46+,2025-02-01,Banjarbaru
CUST03102,Perempuan,36-45,2025-03-03,Bima
CUST03103,Perempuan,36-45,2025-10-19,Padangpanjang
CUST03104,Laki-laki,26-35,2026-04-07,Ternate
CUST03105,Laki-laki,26-35,2025-09-09,Bandung
CUST03106,Perempuan,18-25,2025-06-30,Pasuruan
CUST03107,Laki-laki,36-45,2025-07-20,Kediri
CUST03108,Laki-laki,36-45,2025-12-23,Pontianak
CUST03109,Laki-laki,18-25,2024-07-01,Samarinda
CUST03110,Perempuan,18-25,2025-02-17,Kota Administrasi Jakarta Timur
CUST03111,Perempuan,46+,2026-05-11,Parepare
CUST03112,Perempuan,36-45,2024-09-15,Solok
CUST03113,Laki-laki,46+,2026-06-16,Palopo
CUST03114,Laki-laki,36-45,2025-12-10,Banda Aceh
CUST03115,Perempuan,46+,2024-10-20,Tebingtinggi
CUST03116,Perempuan,18-25,2024-11-13,Malang
CUST03117,Perempuan,18-25,2025-05-23,Pekalongan
CUST03118,Laki-laki,36-45,2024-12-04,Sibolga
CUST03119,Perempuan,36-45,2026-04-10,Blitar
CUST03120,Laki-laki,36-45,2026-05-03,Tebingtinggi
CUST03121,Perempuan,46+,2025-12-21,Padangpanjang
CUST03122,Laki-laki,46+,2026-03-26,Parepare
CUST03123,Laki-laki,26-35,2026-02-28,Solok
CUST03124,Perempuan,36-45,2024-11-24,Tanjungbalai
CUST03125,Laki-laki,36-45,2026-01-19,Surakarta
CUST03126,Perempuan,26-35,2025-06-27,Cirebon
CUST03127,Laki-laki,18-25,2024-11-18,Sibolga
CUST03128,Perempuan,36-45,2025-07-04,Padangpanjang
CUST03129,Laki-laki,46+,2025-07-05,Kendari
CUST03130,Perempuan,26-35,2024-11-26,Banda Aceh
CUST03131,Perempuan,18-25,2025-03-22,Manado
CUST03132,Perempuan,36-45,2025-11-24,Cirebon
CUST03133,Perempuan,36-45,2026-03-22,Batam
CUST03134,Laki-laki,46+,2025-03-06,Binjai
CUST03135,Perempuan,36-45,2025-10-09,Bitung
CUST03136,Perempuan,26-35,2025-08-27,Pasuruan
CUST03137,Laki-laki,26-35,2025-01-03,Manado
CUST03138,Perempuan,26-35,2026-02-04,Yogyakarta
CUST03139,Perempuan,36-45,2026-04-29,Bukittinggi
CUST03140,Perempuan,18-25,2026-04-10,Tarakan
CUST03141,Laki-laki,36-45,2024-07-26,Palu
CUST03142,Perempuan,26-35,2026-04-01,Bima
CUST03143,Laki-laki,26-35,2026-02-14,Sabang
CUST03144,Perempuan,46+,2024-07-19,Cimahi
CUST03145,Perempuan,36-45,2025-10-19,Gorontalo
CUST03146,Laki-laki,26-35,2026-05-25,Cilegon
CUST03147,Perempuan,36-45,2026-01-03,Tarakan
CUST03148,Perempuan,26-35,2025-05-25,Tegal
CUST03149,Perempuan,26-35,2026-04-24,Bukittinggi
CUST03150,Perempuan,26-35,2025-11-01,Magelang
CUST03151,Laki-laki,26-35,2026-03-15,Bitung
CUST03152,Laki-laki,18-25,2026-04-07,Palembang
CUST03153,Laki-laki,36-45,2025-05-05,Kota Administrasi Jakarta Barat
CUST03154,Perempuan,46+,2026-03-27,Makassar
CUST03155,Perempuan,46+,2025-01-25,Bau-Bau
CUST03156,Laki-laki,26-35,2025-01-09,Tasikmalaya
CUST03157,Laki-laki,36-45,2026-01-24,Mataram
CUST03158,Laki-laki,18-25,2025-10-18,Bukittinggi
CUST03159,Perempuan,36-45,2026-01-23,Kediri
CUST03160,Laki-laki,18-25,2024-10-02,Padang Sidempuan
CUST03161,Perempuan,18-25,2026-05-31,Palu
CUST03162,Laki-laki,18-25,2026-04-10,Bandar Lampung
CUST03163,Perempuan,36-45,2025-05-26,Yogyakarta
CUST03164,Laki-laki,46+,2024-06-24,Bau-Bau
CUST03165,Perempuan,18-25,2025-03-06,Padang
CUST03166,Perempuan,26-35,2026-02-06,Palangkaraya
CUST03167,Laki-laki,18-25,2024-08-03,Tual
CUST03168,Laki-laki,36-45,2024-07-15,Samarinda
CUST03169,Perempuan,18-25,2024-07-31,Padangpanjang
CUST03170,Laki-laki,18-25,2025-04-25,Tebingtinggi
CUST03171,Perempuan,36-45,2026-01-14,Malang
CUST03172,Perempuan,26-35,2024-06-23,Pontianak
CUST03173,Perempuan,26-35,2025-10-04,Tanjungpinang
CUST03174,Laki-laki,18-25,2025-04-26,Sukabumi
CUST03175,Laki-laki,26-35,2024-11-23,Tanjungpinang
CUST03176,Perempuan,46+,2025-03-12,Dumai
CUST03177,Perempuan,36-45,2026-05-02,Bau-Bau
CUST03178,Laki-laki,46+,2024-07-15,Meulaboh
CUST03179,Perempuan,18-25,2026-01-01,Pematangsiantar
CUST03180,Perempuan,46+,2025-08-11,Jambi
CUST03181,Perempuan,26-35,2024-08-28,Pematangsiantar
CUST03182,Perempuan,26-35,2025-03-08,Banda Aceh
CUST03183,Perempuan,46+,2024-07-08,Kendari
CUST03184,Perempuan,36-45,2026-03-25,Tebingtinggi
CUST03185,Laki-laki,18-25,2025-05-11,Tegal
CUST03186,Laki-laki,26-35,2024-08-02,Kota Administrasi Jakarta Selatan
CUST03187,Perempuan,46+,2025-10-16,Bitung
CUST03188,Perempuan,36-45,2024-07-24,Palopo
CUST03189,Laki-laki,26-35,2025-02-03,Palu
CUST03190,Perempuan,46+,2025-03-07,Tidore Kepulauan
CUST03191,Laki-laki,46+,2025-09-11,Malang
CUST03192,Perempuan,36-45,2025-02-04,Surakarta
CUST03193,Laki-laki,26-35,2026-02-16,Tasikmalaya
CUST03194,Perempuan,26-35,2025-04-06,Bima
CUST03195,Laki-laki,46+,2025-02-26,Mataram
CUST03196,Perempuan,46+,2025-06-04,Bontang
CUST03197,Laki-laki,36-45,2025-12-21,Padang Sidempuan
CUST03198,Laki-laki,46+,2024-08-19,Banjarmasin
CUST03199,Perempuan,46+,2025-05-13,Parepare
CUST03200,Perempuan,46+,2024-11-30,Batu
CUST03201,Laki-laki,26-35,2025-03-30,Semarang
CUST03202,Perempuan,18-25,2025-08-25,Kota Administrasi Jakarta Selatan
CUST03203,Perempuan,46+,2025-09-13,Subulussalam
CUST03204,Perempuan,46+,2025-05-11,Tanjungbalai
CUST03205,Laki-laki,18-25,2026-06-10,Tegal
CUST03206,Laki-laki,46+,2025-05-06,Bontang
CUST03207,Laki-laki,18-25,2025-07-14,Pasuruan
CUST03208,Perempuan,26-35,2025-12-21,Blitar
CUST03209,Perempuan,36-45,2025-12-16,Tanjungbalai
CUST03210,Laki-laki,18-25,2024-11-29,Parepare
CUST03211,Laki-laki,26-35,2024-07-12,Sabang
CUST03212,Laki-laki,46+,2025-03-30,Sibolga
CUST03213,Perempuan,46+,2026-04-10,Binjai
CUST03214,Perempuan,26-35,2024-09-18,Samarinda
CUST03215,Perempuan,26-35,2025-01-27,Pematangsiantar
CUST03216,Perempuan,36-45,2024-10-14,Medan
CUST03217,Laki-laki,18-25,2025-02-08,Langsa
CUST03218,Perempuan,36-45,2025-01-31,Bandar Lampung
CUST03219,Laki-laki,46+,2026-02-21,Bontang
CUST03220,Perempuan,26-35,2026-02-15,Banjarbaru
CUST03221,Laki-laki,18-25,2026-06-14,Kotamobagu
CUST03222,Laki-laki,18-25,2024-12-01,Ternate
CUST03223,Perempuan,26-35,2025-07-01,Bitung
CUST03224,Perempuan,26-35,2025-08-16,Batam
CUST03225,Laki-laki,46+,2026-04-24,Padangpanjang
CUST03226,Perempuan,36-45,2025-06-25,Salatiga
CUST03227,Laki-laki,18-25,2025-06-03,Metro
CUST03228,Perempuan,26-35,2025-06-21,Tual
CUST03229,Laki-laki,18-25,2024-10-02,Tual
CUST03230,Perempuan,46+,2025-06-01,Bukittinggi
CUST03231,Perempuan,18-25,2026-04-20,Bekasi
CUST03232,Laki-laki,26-35,2026-02-28,Meulaboh
CUST03233,Laki-laki,36-45,2024-12-14,Makassar
CUST03234,Perempuan,46+,2025-08-11,Surakarta
CUST03235,Perempuan,26-35,2026-05-09,Ternate
CUST03236,Perempuan,26-35,2025-01-18,Cimahi
CUST03237,Laki-laki,36-45,2025-12-18,Samarinda
CUST03238,Laki-laki,46+,2025-10-19,Sabang
CUST03239,Laki-laki,46+,2025-10-31,Sukabumi
CUST03240,Laki-laki,18-25,2025-08-25,Depok
CUST03241,Perempuan,36-45,2025-10-10,Salatiga
CUST03242,Laki-laki,46+,2025-07-27,Tomohon
CUST03243,Laki-laki,36-45,2025-06-21,Bitung
CUST03244,Perempuan,18-25,2025-11-10,Banda Aceh
CUST03245,Laki-laki,46+,2025-01-16,Kota Administrasi Jakarta Barat
CUST03246,Laki-laki,36-45,2026-03-23,Bau-Bau
CUST03247,Perempuan,26-35,2026-03-05,Padang
CUST03248,Perempuan,46+,2025-09-17,Pasuruan
CUST03249,Perempuan,18-25,2026-04-17,Makassar
CUST03250,Laki-laki,18-25,2025-05-22,Padangpanjang
CUST03251,Laki-laki,36-45,2024-07-05,Metro
CUST03252,Laki-laki,46+,2025-01-02,Binjai
CUST03253,Perempuan,18-25,2024-09-02,Kotamobagu
CUST03254,Laki-laki,36-45,2024-10-06,Kota Administrasi Jakarta Pusat
CUST03255,Perempuan,36-45,2026-02-03,Bukittinggi
CUST03256,Perempuan,36-45,2025-02-10,Tangerang
CUST03257,Laki-laki,18-25,2024-10-26,Singkawang
CUST03258,Laki-laki,36-45,2025-02-24,Bandar Lampung
CUST03259,Laki-laki,46+,2025-12-23,Langsa
CUST03260,Perempuan,46+,2025-04-15,Lubuklinggau
CUST03261,Laki-laki,18-25,2024-10-05,Madiun
CUST03262,Perempuan,46+,2025-01-03,Bitung
CUST03263,Laki-laki,36-45,2024-07-27,Kendari
CUST03264,Laki-laki,36-45,2026-01-22,Payakumbuh
CUST03265,Laki-laki,26-35,2025-07-17,Binjai
CUST03266,Perempuan,36-45,2025-01-12,Lubuklinggau
CUST03267,Perempuan,46+,2025-06-13,Batam
CUST03268,Perempuan,36-45,2025-06-28,Padang Sidempuan
CUST03269,Perempuan,36-45,2025-10-22,Banda Aceh
CUST03270,Perempuan,26-35,2025-01-12,Kota Administrasi Jakarta Barat
CUST03271,Perempuan,46+,2026-01-30,Langsa
CUST03272,Laki-laki,46+,2025-09-01,Palopo
CUST03273,Laki-laki,26-35,2024-08-21,Bontang
CUST03274,Laki-laki,18-25,2025-04-02,Kota Administrasi Jakarta Barat
CUST03275,Laki-laki,26-35,2025-08-08,Sabang
CUST03276,Laki-laki,46+,2025-06-02,Ambon
CUST03277,Perempuan,26-35,2026-03-10,Solok
CUST03278,Perempuan,46+,2025-01-27,Ambon
CUST03279,Laki-laki,46+,2024-08-02,Kota Administrasi Jakarta Timur
CUST03280,Laki-laki,46+,2025-09-24,Tangerang Selatan
CUST03281,Perempuan,46+,2025-04-08,Sorong
CUST03282,Perempuan,46+,2024-11-29,Banjar
CUST03283,Laki-laki,26-35,2024-10-20,Langsa
CUST03284,Laki-laki,36-45,2024-08-25,Tanjungpinang
CUST03285,Laki-laki,26-35,2024-09-20,Tebingtinggi
CUST03286,Perempuan,26-35,2025-08-23,Palangkaraya
CUST03287,Laki-laki,36-45,2024-11-27,Tangerang Selatan
CUST03288,Laki-laki,18-25,2025-03-10,Tomohon
CUST03289,Laki-laki,46+,2025-12-18,Kota Administrasi Jakarta Timur
CUST03290,Laki-laki,26-35,2024-12-25,Makassar
CUST03291,Perempuan,18-25,2024-11-27,Serang
CUST03292,Perempuan,18-25,2025-02-27,Tanjungbalai
CUST03293,Perempuan,18-25,2024-09-28,Sibolga
CUST03294,Perempuan,36-45,2025-06-22,Balikpapan
CUST03295,Laki-laki,36-45,2025-11-21,Padang Sidempuan
CUST03296,Laki-laki,18-25,2025-08-22,Tual
CUST03297,Laki-laki,46+,2025-04-18,Sungai Penuh
CUST03298,Perempuan,46+,2025-11-04,Prabumulih
CUST03299,Perempuan,18-25,2024-07-11,Tangerang
CUST03300,Perempuan,18-25,2024-09-20,Metro
CUST03301,Perempuan,36-45,2026-03-21,Meulaboh
CUST03302,Laki-laki,26-35,2024-11-01,Bitung
CUST03303,Laki-laki,36-45,2025-06-11,Depok
CUST03304,Perempuan,18-25,2025-05-28,Jayapura
CUST03305,Laki-laki,46+,2026-01-15,Tual
CUST03306,Laki-laki,46+,2025-01-21,Depok
CUST03307,Perempuan,26-35,2024-08-25,Tasikmalaya
CUST03308,Laki-laki,46+,2024-12-05,Payakumbuh
CUST03309,Laki-laki,18-25,2025-03-25,Kota Administrasi Jakarta Utara
CUST03310,Laki-laki,26-35,2025-07-04,Ambon
CUST03311,Perempuan,46+,2024-11-16,Binjai
CUST03312,Perempuan,26-35,2026-04-23,Salatiga
CUST03313,Laki-laki,36-45,2025-07-10,Cimahi
CUST03314,Perempuan,46+,2025-08-19,Surabaya
CUST03315,Perempuan,26-35,2026-01-11,Batam
CUST03316,Perempuan,18-25,2025-09-16,Tidore Kepulauan
CUST03317,Perempuan,26-35,2024-08-06,Kota Administrasi Jakarta Selatan
CUST03318,Perempuan,46+,2026-06-12,Pematangsiantar
CUST03319,Perempuan,46+,2026-01-04,Depok
CUST03320,Perempuan,46+,2026-04-06,Tanjungbalai
CUST03321,Laki-laki,46+,2025-11-25,Tangerang Selatan
CUST03322,Perempuan,26-35,2025-08-26,Ambon
CUST03323,Perempuan,46+,2026-06-15,Sukabumi
CUST03324,Laki-laki,18-25,2025-11-21,Madiun
CUST03325,Perempuan,46+,2025-05-18,Kota Administrasi Jakarta Utara
CUST03326,Laki-laki,26-35,2024-09-19,Payakumbuh
CUST03327,Perempuan,18-25,2025-03-24,Tebingtinggi
CUST03328,Perempuan,46+,2024-12-08,Kota Administrasi Jakarta Utara
CUST03329,Perempuan,18-25,2026-05-31,Prabumulih
CUST03330,Perempuan,36-45,2025-05-31,Ambon
CUST03331,Laki-laki,26-35,2025-04-17,Magelang
CUST03332,Perempuan,26-35,2024-08-19,Ternate
CUST03333,Perempuan,36-45,2024-12-09,Batu
CUST03334,Laki-laki,18-25,2026-05-30,Dumai
CUST03335,Laki-laki,18-25,2024-10-22,Lhokseumawe
CUST03336,Perempuan,46+,2024-08-04,Bandar Lampung
CUST03337,Laki-laki,46+,2025-06-24,Bandar Lampung
CUST03338,Perempuan,36-45,2025-09-20,Kota Administrasi Jakarta Pusat
CUST03339,Perempuan,18-25,2024-12-25,Parepare
CUST03340,Laki-laki,18-25,2024-12-19,Banjarbaru
CUST03341,Perempuan,26-35,2026-03-17,Pematangsiantar
CUST03342,Laki-laki,46+,2026-02-23,Batu
CUST03343,Laki-laki,18-25,2026-02-09,Tual
CUST03344,Perempuan,36-45,2024-08-30,Sawahlunto
CUST03345,Perempuan,46+,2024-09-21,Banjarmasin
CUST03346,Perempuan,36-45,2026-05-30,Metro
CUST03347,Perempuan,26-35,2025-02-15,Blitar
CUST03348,Laki-laki,26-35,2024-08-04,Banjarmasin
CUST03349,Laki-laki,36-45,2025-02-06,Batam
CUST03350,Laki-laki,46+,2024-09-04,Sabang
CUST03351,Laki-laki,18-25,2024-07-27,Metro
CUST03352,Perempuan,18-25,2025-04-24,Solok
CUST03353,Laki-laki,26-35,2026-01-22,Kediri
CUST03354,Perempuan,46+,2026-04-19,Palu
CUST03355,Perempuan,46+,2025-04-11,Pagaralam
CUST03356,Perempuan,36-45,2026-05-01,Makassar
CUST03357,Perempuan,36-45,2025-11-04,Palu
CUST03358,Laki-laki,26-35,2025-07-23,Semarang
CUST03359,Laki-laki,18-25,2024-11-13,Bima
CUST03360,Laki-laki,18-25,2024-06-26,Semarang
CUST03361,Laki-laki,26-35,2026-02-20,Samarinda
CUST03362,Laki-laki,26-35,2024-09-22,Manado
CUST03363,Perempuan,26-35,2025-05-10,Tebingtinggi
CUST03364,Laki-laki,46+,2025-10-12,Denpasar
CUST03365,Laki-laki,18-25,2024-12-22,Banjar
CUST03366,Perempuan,46+,2024-08-02,Lhokseumawe
CUST03367,Laki-laki,46+,2025-09-14,Pekanbaru
CUST03368,Perempuan,18-25,2025-11-05,Lhokseumawe
CUST03369,Laki-laki,26-35,2025-09-13,Bontang
CUST03370,Laki-laki,46+,2025-06-16,Sibolga
CUST03371,Perempuan,46+,2025-03-10,Medan
CUST03372,Laki-laki,46+,2024-06-23,Banjarmasin
CUST03373,Laki-laki,26-35,2024-12-18,Pagaralam
CUST03374,Perempuan,46+,2025-03-11,Dumai
CUST03375,Laki-laki,36-45,2025-10-27,Batam
CUST03376,Laki-laki,18-25,2025-03-09,Surakarta
CUST03377,Perempuan,46+,2025-06-21,Serang
CUST03378,Perempuan,36-45,2025-12-06,Sawahlunto
CUST03379,Laki-laki,46+,2025-08-30,Singkawang
CUST03380,Perempuan,46+,2025-02-04,Magelang
CUST03381,Perempuan,26-35,2024-10-21,Palu
CUST03382,Laki-laki,18-25,2026-04-28,Payakumbuh
CUST03383,Perempuan,36-45,2024-12-04,Subulussalam
CUST03384,Laki-laki,36-45,2024-12-07,Pangkalpinang
CUST03385,Perempuan,46+,2025-10-14,Kendari
CUST03386,Laki-laki,46+,2025-06-25,Ternate
CUST03387,Perempuan,46+,2025-04-04,Padang
CUST03388,Perempuan,18-25,2024-11-07,Mataram
CUST03389,Laki-laki,36-45,2024-06-24,Manado
CUST03390,Laki-laki,46+,2024-07-10,Bontang
CUST03391,Perempuan,46+,2025-01-28,Depok
CUST03392,Laki-laki,26-35,2025-10-20,Banjar
CUST03393,Perempuan,46+,2024-07-10,Dumai
CUST03394,Laki-laki,36-45,2025-01-23,Jayapura
CUST03395,Perempuan,46+,2026-05-05,Tebingtinggi
CUST03396,Perempuan,46+,2024-10-30,Purwokerto
CUST03397,Laki-laki,26-35,2024-12-25,Dumai
CUST03398,Perempuan,18-25,2024-07-03,Kota Administrasi Jakarta Selatan
CUST03399,Perempuan,26-35,2026-05-25,Banda Aceh
CUST03400,Laki-laki,26-35,2026-03-24,Metro
CUST03401,Laki-laki,46+,2025-11-07,Makassar
CUST03402,Laki-laki,46+,2026-06-14,Lhokseumawe
CUST03403,Perempuan,36-45,2025-06-06,Medan
CUST03404,Laki-laki,26-35,2026-03-07,Surabaya
CUST03405,Laki-laki,18-25,2024-10-28,Tasikmalaya
CUST03406,Perempuan,36-45,2024-08-06,Bontang
CUST03407,Perempuan,26-35,2026-05-03,Depok
CUST03408,Laki-laki,18-25,2024-11-12,Tanjungbalai
CUST03409,Laki-laki,36-45,2025-04-03,Serang
CUST03410,Perempuan,18-25,2025-05-16,Banjar
CUST03411,Laki-laki,18-25,2026-01-30,Prabumulih
CUST03412,Laki-laki,46+,2025-01-31,Madiun
CUST03413,Perempuan,36-45,2024-12-25,Sorong
CUST03414,Perempuan,18-25,2026-02-24,Blitar
CUST03415,Perempuan,26-35,2026-04-09,Gorontalo
CUST03416,Laki-laki,18-25,2026-01-02,Parepare
CUST03417,Perempuan,46+,2026-02-21,Cimahi
CUST03418,Laki-laki,18-25,2025-07-17,Tomohon
CUST03419,Laki-laki,18-25,2026-05-03,Payakumbuh
CUST03420,Laki-laki,26-35,2025-07-25,Cirebon
CUST03421,Laki-laki,26-35,2025-02-21,Pontianak
CUST03422,Perempuan,26-35,2025-12-08,Tasikmalaya
CUST03423,Perempuan,46+,2025-07-06,Kota Administrasi Jakarta Timur
CUST03424,Perempuan,18-25,2025-09-11,Subulussalam
CUST03425,Laki-laki,36-45,2026-06-02,Gorontalo
CUST03426,Perempuan,26-35,2024-12-04,Palopo
CUST03427,Laki-laki,26-35,2026-04-18,Mojokerto
CUST03428,Perempuan,46+,2024-12-03,Pagaralam
CUST03429,Laki-laki,26-35,2026-05-08,Samarinda
CUST03430,Perempuan,36-45,2024-10-17,Kota Administrasi Jakarta Pusat
CUST03431,Perempuan,26-35,2025-08-18,Bogor
CUST03432,Laki-laki,36-45,2026-01-21,Kupang
CUST03433,Perempuan,46+,2025-05-28,Kediri
CUST03434,Perempuan,26-35,2025-09-13,Pangkalpinang
CUST03435,Laki-laki,46+,2025-07-19,Pagaralam
CUST03436,Laki-laki,26-35,2025-06-02,Palangkaraya
CUST03437,Perempuan,46+,2025-04-30,Payakumbuh
CUST03438,Perempuan,46+,2025-02-18,Metro
CUST03439,Perempuan,18-25,2024-07-06,Palembang
CUST03440,Perempuan,26-35,2024-12-15,Sukabumi
CUST03441,Laki-laki,18-25,2024-08-14,Bau-Bau
CUST03442,Laki-laki,36-45,2025-01-31,Kota Administrasi Jakarta Utara
CUST03443,Perempuan,46+,2026-06-06,Bengkulu
CUST03444,Laki-laki,46+,2024-09-17,Mataram
CUST03445,Laki-laki,46+,2024-07-16,Magelang
CUST03446,Laki-laki,26-35,2024-11-16,Kota Administrasi Jakarta Pusat
CUST03447,Laki-laki,36-45,2025-02-07,Depok
CUST03448,Perempuan,46+,2025-12-17,Tomohon
CUST03449,Perempuan,36-45,2025-12-25,Balikpapan
CUST03450,Perempuan,18-25,2026-02-05,Kotamobagu
CUST03451,Perempuan,26-35,2026-03-17,Padang
CUST03452,Perempuan,46+,2025-04-28,Parepare
CUST03453,Laki-laki,46+,2025-11-07,Mojokerto
CUST03454,Perempuan,46+,2024-12-10,Tebingtinggi
CUST03455,Laki-laki,36-45,2026-01-19,Parepare
CUST03456,Laki-laki,18-25,2024-12-15,Tebingtinggi
CUST03457,Perempuan,46+,2026-03-11,Makassar
CUST03458,Laki-laki,36-45,2026-02-22,Lubuklinggau
CUST03459,Laki-laki,18-25,2026-04-04,Pagaralam
CUST03460,Perempuan,36-45,2026-02-05,Gorontalo
CUST03461,Laki-laki,18-25,2025-05-23,Sabang
CUST03462,Laki-laki,36-45,2024-07-10,Bogor
CUST03463,Laki-laki,36-45,2025-09-08,Lhokseumawe
CUST03464,Perempuan,18-25,2026-01-11,Payakumbuh
CUST03465,Laki-laki,36-45,2026-03-08,Makassar
CUST03466,Perempuan,36-45,2024-12-09,Pagaralam
CUST03467,Laki-laki,18-25,2025-12-01,Tual
CUST03468,Laki-laki,46+,2026-02-11,Madiun
CUST03469,Perempuan,18-25,2025-09-15,Salatiga
CUST03470,Perempuan,36-45,2026-02-17,Bogor
CUST03471,Laki-laki,26-35,2024-10-14,Salatiga
CUST03472,Perempuan,36-45,2025-10-19,Metro
CUST03473,Perempuan,26-35,2024-11-22,Batam
CUST03474,Perempuan,26-35,2025-08-06,Depok
CUST03475,Laki-laki,36-45,2025-06-20,Magelang
CUST03476,Laki-laki,36-45,2025-09-02,Subulussalam
CUST03477,Perempuan,18-25,2026-05-12,Bekasi
CUST03478,Laki-laki,46+,2024-10-28,Tangerang
CUST03479,Perempuan,18-25,2025-08-20,Bandung
CUST03480,Laki-laki,18-25,2026-03-20,Bandar Lampung
CUST03481,Perempuan,26-35,2024-11-09,Batam
CUST03482,Perempuan,26-35,2026-05-25,Kotamobagu
CUST03483,Perempuan,18-25,2024-11-23,Kupang
CUST03484,Perempuan,46+,2025-11-11,Palu
CUST03485,Perempuan,36-45,2024-07-31,Pematangsiantar
CUST03486,Perempuan,46+,2024-06-25,Madiun
CUST03487,Perempuan,46+,2026-04-15,Mojokerto
CUST03488,Perempuan,26-35,2024-10-16,Blitar
CUST03489,Laki-laki,26-35,2025-08-07,Pariaman
CUST03490,Perempuan,46+,2026-01-15,Meulaboh
CUST03491,Laki-laki,18-25,2026-05-19,Blitar
CUST03492,Laki-laki,46+,2026-04-24,Lhokseumawe
CUST03493,Perempuan,18-25,2025-05-18,Cilegon
CUST03494,Laki-laki,36-45,2025-09-28,Semarang
CUST03495,Laki-laki,46+,2024-11-21,Kota Administrasi Jakarta Utara
CUST03496,Laki-laki,18-25,2024-11-20,Bontang
CUST03497,Perempuan,36-45,2025-05-29,Padang
CUST03498,Laki-laki,26-35,2025-09-29,Pontianak
CUST03499,Laki-laki,36-45,2025-02-27,Palu
CUST03500,Perempuan,36-45,2025-06-11,Ternate
CUST03501,Perempuan,36-45,2024-08-26,Sukabumi
CUST03502,Perempuan,18-25,2026-05-02,Malang
CUST03503,Laki-laki,26-35,2025-12-12,Mojokerto
CUST03504,Perempuan,18-25,2025-10-06,Padangpanjang
CUST03505,Perempuan,36-45,2024-12-27,Solok
CUST03506,Laki-laki,26-35,2026-01-07,Palu
CUST03507,Perempuan,18-25,2025-04-11,Tanjungpinang
CUST03508,Laki-laki,36-45,2025-09-01,Mojokerto
CUST03509,Laki-laki,18-25,2025-12-11,Kendari
CUST03510,Perempuan,46+,2026-05-05,Kota Administrasi Jakarta Utara
CUST03511,Perempuan,46+,2026-05-03,Surakarta
CUST03512,Perempuan,46+,2026-05-29,Tanjungpinang
CUST03513,Perempuan,26-35,2026-01-02,Payakumbuh
CUST03514,Laki-laki,46+,2025-05-02,Medan
CUST03515,Perempuan,46+,2024-08-15,Pekalongan
CUST03516,Laki-laki,36-45,2026-02-02,Padang Sidempuan
CUST03517,Laki-laki,46+,2025-06-02,Kota Administrasi Jakarta Pusat
CUST03518,Perempuan,26-35,2024-11-25,Pangkalpinang
CUST03519,Perempuan,36-45,2024-07-07,Subulussalam
CUST03520,Laki-laki,46+,2025-12-08,Metro
CUST03521,Perempuan,18-25,2025-03-10,Depok
CUST03522,Laki-laki,18-25,2025-04-21,Balikpapan
CUST03523,Perempuan,18-25,2024-12-28,Tarakan
CUST03524,Laki-laki,26-35,2026-05-30,Madiun
CUST03525,Laki-laki,26-35,2025-11-19,Pasuruan
CUST03526,Perempuan,18-25,2025-06-10,Bau-Bau
CUST03527,Laki-laki,26-35,2025-08-16,Tasikmalaya
CUST03528,Laki-laki,36-45,2025-05-22,Parepare
CUST03529,Laki-laki,26-35,2026-03-16,Cilegon
CUST03530,Perempuan,18-25,2024-10-27,Sibolga
CUST03531,Perempuan,46+,2024-09-03,Kupang
CUST03532,Laki-laki,46+,2024-09-21,Cimahi
CUST03533,Laki-laki,36-45,2024-08-16,Tangerang
CUST03534,Perempuan,26-35,2025-01-15,Palembang
CUST03535,Perempuan,18-25,2025-03-22,Jambi
CUST03536,Perempuan,46+,2025-12-23,Tangerang
CUST03537,Perempuan,18-25,2025-08-04,Palembang
CUST03538,Laki-laki,18-25,2025-12-10,Subulussalam
CUST03539,Laki-laki,36-45,2026-03-09,Meulaboh
CUST03540,Laki-laki,26-35,2025-12-05,Palembang
CUST03541,Perempuan,18-25,2024-07-27,Banjarbaru
CUST03542,Laki-laki,36-45,2026-02-06,Yogyakarta
CUST03543,Perempuan,26-35,2024-11-20,Medan
CUST03544,Laki-laki,36-45,2026-05-23,Dumai
CUST03545,Laki-laki,18-25,2024-08-26,Padangpanjang
CUST03546,Laki-laki,36-45,2024-07-08,Makassar
CUST03547,Perempuan,18-25,2026-03-16,Tangerang Selatan
CUST03548,Perempuan,26-35,2025-11-18,Jayapura
CUST03549,Perempuan,36-45,2026-05-03,Surakarta
CUST03550,Perempuan,46+,2024-10-25,Banjar
CUST03551,Laki-laki,18-25,2025-05-05,Madiun
CUST03552,Laki-laki,26-35,2025-02-22,Solok
CUST03553,Laki-laki,46+,2024-11-24,Pagaralam
CUST03554,Perempuan,18-25,2024-09-18,Jambi
CUST03555,Perempuan,18-25,2024-09-07,Madiun
CUST03556,Perempuan,46+,2024-10-29,Padang
CUST03557,Perempuan,18-25,2025-11-06,Balikpapan
CUST03558,Perempuan,18-25,2025-04-15,Palu
CUST03559,Perempuan,26-35,2024-12-04,Surabaya
CUST03560,Laki-laki,36-45,2026-03-12,Sungai Penuh
CUST03561,Laki-laki,26-35,2025-10-14,Banjar
CUST03562,Laki-laki,36-45,2024-08-08,Padang Sidempuan
CUST03563,Perempuan,46+,2025-02-06,Bima
CUST03564,Laki-laki,26-35,2025-12-22,Kota Administrasi Jakarta Pusat
CUST03565,Laki-laki,36-45,2024-08-29,Sorong
CUST03566,Laki-laki,26-35,2025-12-09,Tangerang
CUST03567,Perempuan,46+,2026-06-05,Magelang
CUST03568,Laki-laki,18-25,2024-10-31,Surakarta
CUST03569,Perempuan,36-45,2025-06-26,Magelang
CUST03570,Laki-laki,18-25,2024-06-30,Metro
CUST03571,Laki-laki,46+,2025-07-18,Pekalongan
CUST03572,Perempuan,36-45,2025-09-16,Kediri
CUST03573,Perempuan,36-45,2024-07-03,Lhokseumawe
CUST03574,Laki-laki,36-45,2024-12-17,Tomohon
CUST03575,Laki-laki,26-35,2024-12-23,Banjarmasin
CUST03576,Laki-laki,36-45,2024-10-01,Payakumbuh
CUST03577,Laki-laki,46+,2025-02-02,Bukittinggi
CUST03578,Laki-laki,26-35,2025-04-04,Sukabumi
CUST03579,Perempuan,46+,2024-07-16,Tebingtinggi
CUST03580,Laki-laki,36-45,2025-09-24,Ternate
CUST03581,Perempuan,36-45,2026-04-29,Bogor
CUST03582,Perempuan,36-45,2025-01-19,Sukabumi
CUST03583,Laki-laki,36-45,2026-02-18,Pematangsiantar
CUST03584,Perempuan,26-35,2026-02-21,Sukabumi
CUST03585,Perempuan,36-45,2026-03-10,Tomohon
CUST03586,Laki-laki,26-35,2024-07-05,Tegal
CUST03587,Laki-laki,46+,2025-03-01,Kota Administrasi Jakarta Barat
CUST03588,Laki-laki,18-25,2024-11-23,Surakarta
CUST03589,Laki-laki,46+,2024-12-26,Sibolga
CUST03590,Perempuan,46+,2026-04-25,Pematangsiantar
CUST03591,Laki-laki,18-25,2025-02-21,Palembang
CUST03592,Laki-laki,46+,2025-10-19,Batam
CUST03593,Laki-laki,36-45,2026-04-23,Batam
CUST03594,Perempuan,36-45,2024-11-13,Subulussalam
CUST03595,Perempuan,26-35,2024-10-04,Blitar
CUST03596,Laki-laki,18-25,2024-08-27,Semarang
CUST03597,Perempuan,36-45,2025-08-17,Kendari
CUST03598,Laki-laki,46+,2025-07-16,Pagaralam
CUST03599,Laki-laki,26-35,2026-01-01,Lhokseumawe
CUST03600,Laki-laki,36-45,2024-10-22,Kota Administrasi Jakarta Barat
CUST03601,Perempuan,26-35,2025-05-12,Sibolga
CUST03602,Laki-laki,36-45,2024-12-27,Kotamobagu
CUST03603,Laki-laki,26-35,2025-09-07,Subulussalam
CUST03604,Perempuan,36-45,2024-11-20,Pariaman
CUST03605,Laki-laki,36-45,2024-08-18,Mojokerto
CUST03606,Perempuan,26-35,2025-04-06,Parepare
CUST03607,Laki-laki,26-35,2025-05-25,Pekalongan
CUST03608,Perempuan,18-25,2025-10-03,Tual
CUST03609,Perempuan,46+,2024-10-16,Banda Aceh
CUST03610,Laki-laki,26-35,2026-01-29,Pagaralam
CUST03611,Laki-laki,18-25,2026-04-11,Tual
CUST03612,Laki-laki,18-25,2026-05-22,Serang
CUST03613,Laki-laki,36-45,2025-08-08,Purwokerto
CUST03614,Laki-laki,36-45,2026-01-02,Kota Administrasi Jakarta Pusat
CUST03615,Laki-laki,18-25,2025-04-08,Lhokseumawe
CUST03616,Perempuan,46+,2025-06-04,Metro
CUST03617,Laki-laki,46+,2025-08-27,Batu
CUST03618,Laki-laki,36-45,2025-03-02,Tasikmalaya
CUST03619,Perempuan,46+,2025-06-16,Bukittinggi
CUST03620,Perempuan,18-25,2026-05-29,Ambon
CUST03621,Perempuan,46+,2024-06-26,Pasuruan
CUST03622,Perempuan,18-25,2025-04-27,Mojokerto
CUST03623,Laki-laki,18-25,2026-01-14,Meulaboh
CUST03624,Perempuan,46+,2025-07-02,Sukabumi
CUST03625,Perempuan,36-45,2025-09-16,Padang Sidempuan
CUST03626,Laki-laki,46+,2026-05-05,Bitung
CUST03627,Laki-laki,36-45,2025-04-11,Depok
CUST03628,Laki-laki,18-25,2026-01-30,Kota Administrasi Jakarta Pusat
CUST03629,Laki-laki,46+,2026-02-06,Pekanbaru
CUST03630,Laki-laki,26-35,2025-12-19,Subulussalam
CUST03631,Laki-laki,26-35,2025-12-03,Tanjungpinang
CUST03632,Perempuan,36-45,2024-07-31,Pagaralam
CUST03633,Laki-laki,18-25,2026-01-09,Kota Administrasi Jakarta Barat
CUST03634,Laki-laki,46+,2025-06-23,Mataram
CUST03635,Perempuan,18-25,2025-10-20,Tanjungpinang
CUST03636,Perempuan,36-45,2025-11-16,Kota Administrasi Jakarta Selatan
CUST03637,Laki-laki,18-25,2025-09-30,Tangerang Selatan
CUST03638,Perempuan,26-35,2024-10-09,Kota Administrasi Jakarta Barat
CUST03639,Perempuan,18-25,2025-09-27,Balikpapan
CUST03640,Perempuan,26-35,2024-09-15,Sukabumi
CUST03641,Laki-laki,46+,2025-12-21,Mojokerto
CUST03642,Laki-laki,46+,2025-12-17,Pematangsiantar
CUST03643,Laki-laki,18-25,2026-05-24,Pagaralam
CUST03644,Laki-laki,18-25,2024-10-23,Kota Administrasi Jakarta Pusat
CUST03645,Perempuan,36-45,2025-12-06,Pekalongan
CUST03646,Laki-laki,26-35,2025-08-05,Semarang
CUST03647,Laki-laki,46+,2025-02-11,Tomohon
CUST03648,Laki-laki,36-45,2026-04-28,Bima
CUST03649,Perempuan,18-25,2025-10-24,Bontang
CUST03650,Laki-laki,18-25,2025-01-11,Tidore Kepulauan
CUST03651,Laki-laki,36-45,2025-04-22,Ambon
CUST03652,Perempuan,46+,2024-10-25,Ambon
CUST03653,Laki-laki,46+,2024-08-31,Tanjungpinang
CUST03654,Laki-laki,18-25,2025-05-07,Sungai Penuh
CUST03655,Perempuan,46+,2025-01-26,Cimahi
CUST03656,Perempuan,46+,2024-11-01,Denpasar
CUST03657,Laki-laki,36-45,2025-12-15,Dumai
CUST03658,Laki-laki,46+,2025-06-29,Pekalongan
CUST03659,Perempuan,26-35,2024-09-10,Salatiga
CUST03660,Laki-laki,18-25,2026-03-11,Denpasar
CUST03661,Laki-laki,18-25,2024-11-20,Tidore Kepulauan
CUST03662,Laki-laki,26-35,2024-11-05,Kota Administrasi Jakarta Selatan
CUST03663,Perempuan,36-45,2026-05-18,Palembang
CUST03664,Perempuan,46+,2025-10-16,Subulussalam
CUST03665,Perempuan,26-35,2024-10-24,Kupang
CUST03666,Laki-laki,26-35,2024-08-22,Bitung
CUST03667,Laki-laki,18-25,2025-01-17,Makassar
CUST03668,Laki-laki,36-45,2024-07-10,Pariaman
CUST03669,Perempuan,36-45,2025-06-28,Balikpapan
CUST03670,Perempuan,26-35,2024-08-03,Tomohon
CUST03671,Laki-laki,46+,2024-06-22,Bengkulu
CUST03672,Perempuan,36-45,2024-11-27,Metro
CUST03673,Perempuan,36-45,2025-09-28,Pasuruan
CUST03674,Laki-laki,26-35,2025-06-19,Sibolga
CUST03675,Laki-laki,26-35,2025-05-16,Medan
CUST03676,Laki-laki,46+,2025-11-28,Lubuklinggau
CUST03677,Perempuan,26-35,2026-03-13,Mataram
CUST03678,Laki-laki,26-35,2025-11-15,Metro
CUST03679,Laki-laki,36-45,2025-10-04,Manado
CUST03680,Laki-laki,46+,2026-04-26,Bengkulu
CUST03681,Perempuan,36-45,2024-06-19,Tanjungpinang
CUST03682,Perempuan,36-45,2025-04-25,Bandar Lampung
CUST03683,Perempuan,36-45,2025-09-27,Pontianak
CUST03684,Laki-laki,18-25,2025-01-20,Medan
CUST03685,Perempuan,18-25,2025-06-03,Pekanbaru
CUST03686,Perempuan,26-35,2025-05-03,Ambon
CUST03687,Laki-laki,26-35,2025-10-25,Banda Aceh
CUST03688,Laki-laki,46+,2025-10-22,Banjar
CUST03689,Laki-laki,26-35,2026-03-06,Tangerang
CUST03690,Perempuan,36-45,2025-05-28,Sibolga
CUST03691,Perempuan,26-35,2025-06-28,Ternate
CUST03692,Perempuan,26-35,2025-10-05,Malang
CUST03693,Laki-laki,36-45,2025-05-15,Surabaya
CUST03694,Laki-laki,18-25,2026-04-13,Tegal
CUST03695,Perempuan,18-25,2025-04-11,Sibolga
CUST03696,Laki-laki,26-35,2024-11-15,Pematangsiantar
CUST03697,Perempuan,46+,2026-04-28,Blitar
CUST03698,Laki-laki,36-45,2025-07-08,Langsa
CUST03699,Laki-laki,18-25,2026-03-25,Cimahi
CUST03700,Laki-laki,26-35,2026-05-14,Binjai
CUST03701,Perempuan,26-35,2025-06-26,Kota Administrasi Jakarta Barat
CUST03702,Laki-laki,36-45,2024-11-28,Tomohon
CUST03703,Laki-laki,36-45,2025-11-11,Bima
CUST03704,Laki-laki,26-35,2025-05-20,Cilegon
CUST03705,Laki-laki,18-25,2026-06-08,Meulaboh
CUST03706,Laki-laki,36-45,2026-02-02,Jayapura
CUST03707,Laki-laki,18-25,2025-12-27,Surakarta
CUST03708,Laki-laki,46+,2025-06-21,Surakarta
CUST03709,Laki-laki,36-45,2024-09-30,Bekasi
CUST03710,Laki-laki,36-45,2026-02-24,Jayapura
CUST03711,Perempuan,26-35,2026-06-10,Sukabumi
CUST03712,Perempuan,36-45,2025-03-10,Tasikmalaya
CUST03713,Laki-laki,46+,2026-01-15,Sungai Penuh
CUST03714,Laki-laki,18-25,2025-10-28,Kediri
CUST03715,Laki-laki,26-35,2024-12-07,Binjai
CUST03716,Laki-laki,26-35,2025-01-29,Binjai
CUST03717,Perempuan,36-45,2024-08-25,Ternate
CUST03718,Perempuan,46+,2025-09-19,Tidore Kepulauan
CUST03719,Laki-laki,18-25,2024-09-15,Blitar
CUST03720,Laki-laki,36-45,2026-04-10,Metro
CUST03721,Laki-laki,36-45,2025-09-08,Lhokseumawe
CUST03722,Laki-laki,18-25,2024-08-04,Meulaboh
CUST03723,Perempuan,26-35,2025-05-12,Yogyakarta
CUST03724,Perempuan,26-35,2025-03-27,Pematangsiantar
CUST03725,Laki-laki,46+,2025-11-14,Bima
CUST03726,Laki-laki,26-35,2025-04-20,Prabumulih
CUST03727,Perempuan,36-45,2026-04-10,Lubuklinggau
CUST03728,Perempuan,46+,2024-10-07,Jayapura
CUST03729,Laki-laki,36-45,2025-07-10,Bontang
CUST03730,Perempuan,46+,2025-09-27,Bontang
CUST03731,Perempuan,46+,2026-01-18,Serang
CUST03732,Perempuan,46+,2025-02-20,Pekalongan
CUST03733,Laki-laki,26-35,2025-12-03,Kota Administrasi Jakarta Utara
CUST03734,Laki-laki,26-35,2026-04-06,Sorong
CUST03735,Perempuan,26-35,2026-03-22,Payakumbuh
CUST03736,Perempuan,26-35,2025-01-29,Banjarmasin
CUST03737,Perempuan,46+,2026-03-08,Bukittinggi
CUST03738,Perempuan,26-35,2026-03-22,Tegal
CUST03739,Perempuan,36-45,2026-06-12,Tanjungpinang
CUST03740,Laki-laki,26-35,2026-01-09,Cirebon
CUST03741,Laki-laki,36-45,2026-04-13,Tegal
CUST03742,Perempuan,36-45,2025-04-17,Surabaya
CUST03743,Laki-laki,18-25,2026-05-26,Banda Aceh
CUST03744,Perempuan,36-45,2025-08-16,Makassar
CUST03745,Perempuan,46+,2025-05-11,Malang
CUST03746,Perempuan,46+,2026-01-26,Mojokerto
CUST03747,Perempuan,36-45,2024-08-11,Kotamobagu
CUST03748,Perempuan,36-45,2025-12-09,Tanjungpinang
CUST03749,Perempuan,46+,2026-04-13,Bengkulu
CUST03750,Laki-laki,26-35,2024-09-26,Tomohon
CUST03751,Perempuan,26-35,2026-02-21,Tarakan
CUST03752,Perempuan,18-25,2025-02-08,Sungai Penuh
CUST03753,Perempuan,18-25,2024-10-22,Palembang
CUST03754,Perempuan,18-25,2025-12-09,Kupang
CUST03755,Perempuan,26-35,2026-05-14,Gorontalo
CUST03756,Laki-laki,18-25,2024-12-03,Ternate
CUST03757,Laki-laki,36-45,2025-11-04,Mataram
CUST03758,Laki-laki,26-35,2026-01-01,Tangerang
CUST03759,Perempuan,26-35,2026-02-17,Metro
CUST03760,Perempuan,36-45,2025-05-14,Banjarmasin
CUST03761,Perempuan,36-45,2024-08-30,Parepare
CUST03762,Laki-laki,26-35,2024-11-03,Bitung
CUST03763,Perempuan,18-25,2025-07-22,Semarang
CUST03764,Perempuan,36-45,2025-05-19,Sorong
CUST03765,Perempuan,46+,2025-12-30,Kota Administrasi Jakarta Barat
CUST03766,Perempuan,18-25,2024-07-13,Kendari
CUST03767,Perempuan,26-35,2025-04-21,Langsa
CUST03768,Perempuan,26-35,2025-12-03,Sungai Penuh
CUST03769,Laki-laki,26-35,2026-01-16,Tanjungbalai
CUST03770,Perempuan,26-35,2026-02-24,Pangkalpinang
CUST03771,Perempuan,46+,2026-04-19,Kota Administrasi Jakarta Utara
CUST03772,Perempuan,18-25,2025-10-21,Medan
CUST03773,Perempuan,26-35,2024-06-26,Binjai
CUST03774,Perempuan,46+,2024-08-20,Pasuruan
CUST03775,Laki-laki,46+,2025-10-28,Banda Aceh
CUST03776,Perempuan,18-25,2025-09-15,Kota Administrasi Jakarta Utara
CUST03777,Perempuan,26-35,2025-12-07,Semarang
CUST03778,Laki-laki,36-45,2024-11-04,Pariaman
CUST03779,Laki-laki,46+,2025-10-30,Langsa
CUST03780,Perempuan,36-45,2025-09-03,Bengkulu
CUST03781,Laki-laki,46+,2025-02-24,Tasikmalaya
CUST03782,Perempuan,46+,2026-05-23,Padang
CUST03783,Perempuan,36-45,2026-03-10,Mojokerto
CUST03784,Laki-laki,18-25,2025-08-22,Batam
CUST03785,Laki-laki,26-35,2025-07-25,Tomohon
CUST03786,Perempuan,46+,2026-01-22,Surabaya
CUST03787,Perempuan,26-35,2026-05-15,Denpasar
CUST03788,Perempuan,18-25,2026-04-17,Ambon
CUST03789,Perempuan,26-35,2025-08-21,Lubuklinggau
CUST03790,Perempuan,18-25,2024-09-20,Blitar
CUST03791,Perempuan,46+,2025-09-06,Sungai Penuh
CUST03792,Perempuan,18-25,2024-10-20,Sabang
CUST03793,Laki-laki,18-25,2025-01-02,Bau-Bau
CUST03794,Laki-laki,18-25,2024-09-21,Mataram
CUST03795,Perempuan,18-25,2025-08-13,Pagaralam
CUST03796,Laki-laki,26-35,2025-11-10,Kota Administrasi Jakarta Barat
CUST03797,Laki-laki,46+,2025-02-05,Pematangsiantar
CUST03798,Perempuan,26-35,2026-05-20,Surabaya
CUST03799,Laki-laki,36-45,2025-08-05,Bogor
CUST03800,Laki-laki,46+,2025-09-08,Tanjungbalai
CUST03801,Laki-laki,36-45,2025-02-15,Sibolga
CUST03802,Laki-laki,26-35,2025-08-09,Tanjungbalai
CUST03803,Perempuan,46+,2024-09-01,Kendari
CUST03804,Perempuan,26-35,2024-07-15,Bontang
CUST03805,Laki-laki,26-35,2025-02-04,Bogor
CUST03806,Perempuan,46+,2025-09-27,Semarang
CUST03807,Laki-laki,46+,2025-03-22,Blitar
CUST03808,Laki-laki,26-35,2026-01-04,Batu
CUST03809,Laki-laki,36-45,2025-08-18,Kota Administrasi Jakarta Selatan
CUST03810,Perempuan,46+,2025-04-09,Padang
CUST03811,Laki-laki,36-45,2025-06-06,Kota Administrasi Jakarta Pusat
CUST03812,Laki-laki,46+,2025-11-24,Tanjungbalai
CUST03813,Perempuan,26-35,2024-10-06,Batu
CUST03814,Laki-laki,26-35,2025-10-19,Subulussalam
CUST03815,Perempuan,18-25,2025-12-10,Tasikmalaya
CUST03816,Perempuan,26-35,2025-04-02,Padangpanjang
CUST03817,Perempuan,46+,2026-03-17,Lubuklinggau
CUST03818,Perempuan,46+,2026-02-18,Metro
CUST03819,Laki-laki,18-25,2024-07-07,Batu
CUST03820,Perempuan,46+,2025-01-12,Prabumulih
CUST03821,Perempuan,36-45,2024-09-10,Batam
CUST03822,Perempuan,26-35,2025-02-27,Mataram
CUST03823,Perempuan,26-35,2026-05-24,Kota Administrasi Jakarta Timur
CUST03824,Laki-laki,46+,2024-10-08,Kota Administrasi Jakarta Utara
CUST03825,Perempuan,46+,2024-06-24,Metro
CUST03826,Laki-laki,18-25,2024-12-06,Bima
CUST03827,Perempuan,18-25,2026-02-14,Cirebon
CUST03828,Laki-laki,26-35,2025-07-30,Semarang
CUST03829,Perempuan,36-45,2026-03-16,Bengkulu
CUST03830,Laki-laki,26-35,2025-08-01,Tanjungpinang
CUST03831,Perempuan,46+,2025-09-04,Purwokerto
CUST03832,Laki-laki,36-45,2025-01-13,Banjarbaru
CUST03833,Laki-laki,18-25,2024-10-27,Tomohon
CUST03834,Perempuan,46+,2025-04-15,Malang
CUST03835,Perempuan,26-35,2026-03-05,Pariaman
CUST03836,Perempuan,26-35,2025-09-20,Kota Administrasi Jakarta Selatan
CUST03837,Laki-laki,46+,2024-06-24,Surabaya
CUST03838,Laki-laki,18-25,2024-09-23,Metro
CUST03839,Perempuan,46+,2025-08-31,Banjarbaru
CUST03840,Perempuan,46+,2026-05-31,Tarakan
CUST03841,Laki-laki,46+,2026-02-10,Tangerang
CUST03842,Laki-laki,18-25,2025-10-02,Tarakan
CUST03843,Perempuan,18-25,2025-06-07,Palembang
CUST03844,Laki-laki,36-45,2025-03-18,Pekalongan
CUST03845,Perempuan,46+,2025-01-25,Pagaralam
CUST03846,Perempuan,18-25,2025-07-26,Lhokseumawe
CUST03847,Laki-laki,26-35,2025-10-23,Lhokseumawe
CUST03848,Perempuan,26-35,2025-04-28,Bekasi
CUST03849,Perempuan,36-45,2025-10-22,Batu
CUST03850,Laki-laki,26-35,2026-01-04,Bekasi
CUST03851,Laki-laki,18-25,2024-10-23,Bau-Bau
CUST03852,Laki-laki,36-45,2026-01-15,Purwokerto
CUST03853,Laki-laki,46+,2026-06-09,Balikpapan
CUST03854,Laki-laki,18-25,2025-05-12,Pariaman
CUST03855,Laki-laki,36-45,2025-07-08,Padang
CUST03856,Laki-laki,46+,2024-06-27,Tidore Kepulauan
CUST03857,Perempuan,26-35,2024-06-22,Tanjungpinang
CUST03858,Laki-laki,18-25,2025-08-06,Kota Administrasi Jakarta Barat
CUST03859,Laki-laki,46+,2026-01-11,Sibolga
CUST03860,Laki-laki,18-25,2025-05-31,Tangerang
CUST03861,Perempuan,36-45,2026-06-09,Cirebon
CUST03862,Perempuan,18-25,2024-08-14,Bogor
CUST03863,Laki-laki,18-25,2025-07-20,Banjarbaru
CUST03864,Perempuan,26-35,2025-05-11,Metro
CUST03865,Laki-laki,36-45,2024-10-27,Binjai
CUST03866,Laki-laki,26-35,2025-03-06,Probolinggo
CUST03867,Laki-laki,18-25,2026-04-08,Kupang
CUST03868,Perempuan,18-25,2025-02-04,Kupang
CUST03869,Laki-laki,36-45,2025-01-08,Ambon
CUST03870,Laki-laki,18-25,2026-01-11,Jambi
CUST03871,Laki-laki,18-25,2026-06-03,Sukabumi
CUST03872,Laki-laki,26-35,2025-07-22,Pangkalpinang
CUST03873,Laki-laki,46+,2026-05-11,Banjarmasin
CUST03874,Laki-laki,36-45,2025-03-20,Singkawang
CUST03875,Perempuan,26-35,2025-06-09,Langsa
CUST03876,Laki-laki,46+,2025-03-18,Ambon
CUST03877,Perempuan,18-25,2025-03-15,Padang
CUST03878,Laki-laki,26-35,2025-03-19,Bengkulu
CUST03879,Laki-laki,36-45,2025-05-17,Dumai
CUST03880,Perempuan,26-35,2024-08-21,Padang Sidempuan
CUST03881,Laki-laki,46+,2024-09-21,Ambon
CUST03882,Perempuan,18-25,2024-10-15,Jayapura
CUST03883,Perempuan,26-35,2025-06-17,Medan
CUST03884,Perempuan,26-35,2025-02-04,Pagaralam
CUST03885,Laki-laki,36-45,2026-05-10,Prabumulih
CUST03886,Perempuan,18-25,2026-03-09,Bima
CUST03887,Laki-laki,26-35,2025-05-23,Cilegon
CUST03888,Perempuan,36-45,2024-10-03,Tidore Kepulauan
CUST03889,Perempuan,18-25,2025-05-20,Manado
CUST03890,Laki-laki,36-45,2026-05-04,Binjai
CUST03891,Laki-laki,36-45,2024-11-11,Banjar
CUST03892,Perempuan,26-35,2024-09-28,Padangpanjang
CUST03893,Perempuan,26-35,2026-01-15,Bandung
CUST03894,Perempuan,46+,2024-10-19,Pariaman
CUST03895,Laki-laki,36-45,2025-11-15,Bitung
CUST03896,Laki-laki,46+,2025-05-10,Purwokerto
CUST03897,Perempuan,26-35,2025-07-06,Madiun
CUST03898,Laki-laki,26-35,2026-01-21,Pekalongan
CUST03899,Laki-laki,18-25,2026-01-01,Blitar
CUST03900,Perempuan,26-35,2024-09-10,Banda Aceh
CUST03901,Perempuan,26-35,2024-09-22,Malang
CUST03902,Laki-laki,18-25,2025-07-10,Yogyakarta
CUST03903,Laki-laki,36-45,2025-11-30,Banjarbaru
CUST03904,Perempuan,36-45,2025-11-25,Pagaralam
CUST03905,Laki-laki,26-35,2025-09-23,Palangkaraya
CUST03906,Perempuan,26-35,2025-06-24,Kotamobagu
CUST03907,Laki-laki,26-35,2025-06-29,Tual
CUST03908,Perempuan,36-45,2025-05-16,Solok
CUST03909,Laki-laki,36-45,2024-10-13,Kota Administrasi Jakarta Barat
CUST03910,Perempuan,18-25,2025-01-21,Kota Administrasi Jakarta Selatan
CUST03911,Perempuan,36-45,2025-12-13,Surakarta
CUST03912,Laki-laki,26-35,2026-03-16,Dumai
CUST03913,Perempuan,36-45,2025-06-20,Tanjungpinang
CUST03914,Laki-laki,26-35,2026-01-05,Depok
CUST03915,Laki-laki,26-35,2026-04-11,Kediri
CUST03916,Laki-laki,46+,2024-09-18,Padang
CUST03917,Perempuan,26-35,2024-07-16,Depok
CUST03918,Perempuan,18-25,2026-06-08,Pagaralam
CUST03919,Laki-laki,46+,2024-06-30,Bekasi
CUST03920,Laki-laki,26-35,2026-04-19,Metro
CUST03921,Laki-laki,26-35,2025-04-29,Tanjungpinang
CUST03922,Laki-laki,26-35,2025-10-21,Jayapura
CUST03923,Laki-laki,26-35,2025-03-05,Pariaman
CUST03924,Laki-laki,26-35,2024-08-03,Sukabumi
CUST03925,Laki-laki,46+,2024-07-27,Binjai
CUST03926,Perempuan,36-45,2025-01-12,Kota Administrasi Jakarta Utara
CUST03927,Laki-laki,26-35,2025-03-16,Kota Administrasi Jakarta Barat
CUST03928,Laki-laki,46+,2025-02-20,Denpasar
CUST03929,Laki-laki,26-35,2024-07-18,Banjarbaru
CUST03930,Perempuan,36-45,2025-11-11,Jambi
CUST03931,Perempuan,26-35,2025-01-24,Kota Administrasi Jakarta Utara
CUST03932,Perempuan,46+,2026-05-23,Palangkaraya
CUST03933,Laki-laki,36-45,2024-11-07,Pasuruan
CUST03934,Perempuan,46+,2025-03-26,Langsa
CUST03935,Laki-laki,46+,2024-09-11,Surakarta
CUST03936,Perempuan,46+,2024-06-27,Magelang
CUST03937,Perempuan,26-35,2025-03-24,Tidore Kepulauan
CUST03938,Perempuan,18-25,2026-02-11,Kendari
CUST03939,Perempuan,46+,2025-11-04,Gorontalo
CUST03940,Laki-laki,36-45,2025-09-13,Bekasi
CUST03941,Laki-laki,26-35,2026-05-07,Blitar
CUST03942,Perempuan,46+,2025-10-18,Banjar
CUST03943,Perempuan,36-45,2025-09-15,Depok
CUST03944,Perempuan,36-45,2025-12-16,Bengkulu
CUST03945,Perempuan,46+,2024-08-14,Langsa
CUST03946,Laki-laki,36-45,2026-01-01,Tual
CUST03947,Laki-laki,46+,2024-11-20,Banjar
CUST03948,Laki-laki,26-35,2024-09-24,Padangpanjang
CUST03949,Laki-laki,18-25,2025-08-18,Tual
CUST03950,Laki-laki,36-45,2026-04-10,Mataram
CUST03951,Perempuan,46+,2025-05-31,Palangkaraya
CUST03952,Perempuan,46+,2024-08-08,Padangpanjang
CUST03953,Perempuan,46+,2025-07-28,Cimahi
CUST03954,Perempuan,36-45,2025-09-25,Tanjungpinang
CUST03955,Laki-laki,46+,2024-09-25,Banjar
CUST03956,Laki-laki,18-25,2025-08-30,Tanjungbalai
CUST03957,Perempuan,26-35,2024-11-11,Payakumbuh
CUST03958,Laki-laki,46+,2025-11-30,Cimahi
CUST03959,Perempuan,36-45,2025-05-23,Sabang
CUST03960,Perempuan,36-45,2026-02-12,Padang
CUST03961,Laki-laki,46+,2025-10-01,Gorontalo
CUST03962,Perempuan,26-35,2024-11-06,Cilegon
CUST03963,Laki-laki,46+,2025-09-04,Semarang
CUST03964,Laki-laki,36-45,2025-12-10,Pekanbaru
CUST03965,Laki-laki,26-35,2025-06-05,Langsa
CUST03966,Perempuan,46+,2026-04-10,Kupang
CUST03967,Laki-laki,36-45,2025-12-19,Purwokerto
CUST03968,Laki-laki,26-35,2024-09-17,Jayapura
CUST03969,Laki-laki,18-25,2024-07-22,Kupang
CUST03970,Laki-laki,46+,2024-07-17,Kota Administrasi Jakarta Utara
CUST03971,Perempuan,18-25,2026-06-07,Kota Administrasi Jakarta Timur
CUST03972,Laki-laki,46+,2026-04-26,Sukabumi
CUST03973,Laki-laki,46+,2024-12-27,Prabumulih
CUST03974,Perempuan,36-45,2024-09-15,Sungai Penuh
CUST03975,Perempuan,36-45,2025-03-13,Madiun
CUST03976,Perempuan,18-25,2024-08-20,Tebingtinggi
CUST03977,Laki-laki,36-45,2024-09-28,Singkawang
CUST03978,Laki-laki,36-45,2025-02-01,Banjarmasin
CUST03979,Laki-laki,46+,2025-10-16,Manado
CUST03980,Perempuan,18-25,2024-12-04,Cirebon
CUST03981,Laki-laki,46+,2025-01-01,Prabumulih
CUST03982,Laki-laki,18-25,2025-11-09,Tebingtinggi
CUST03983,Laki-laki,46+,2026-01-17,Sungai Penuh
CUST03984,Perempuan,36-45,2025-01-02,Palembang
CUST03985,Perempuan,26-35,2024-12-05,Kota Administrasi Jakarta Timur
CUST03986,Laki-laki,36-45,2024-11-22,Bukittinggi
CUST03987,Laki-laki,26-35,2025-05-29,Tegal
CUST03988,Laki-laki,46+,2026-01-02,Medan
CUST03989,Laki-laki,18-25,2024-10-10,Bekasi
CUST03990,Perempuan,26-35,2025-07-07,Palu
CUST03991,Laki-laki,26-35,2024-11-07,Depok
CUST03992,Laki-laki,26-35,2025-09-02,Tegal
CUST03993,Laki-laki,36-45,2024-11-04,Banda Aceh
CUST03994,Perempuan,46+,2025-02-12,Cirebon
CUST03995,Laki-laki,26-35,2026-03-13,Tangerang Selatan
CUST03996,Laki-laki,36-45,2025-10-02,Batam
CUST03997,Laki-laki,46+,2024-10-06,Pagaralam
CUST03998,Laki-laki,36-45,2024-12-24,Sukabumi
CUST03999,Laki-laki,36-45,2025-04-25,Tebingtinggi
CUST04000,Laki-laki,26-35,2025-07-31,Tegal
CUST04001,Perempuan,46+,2026-01-20,Sibolga
CUST04002,Laki-laki,18-25,2024-09-02,Meulaboh
CUST04003,Laki-laki,36-45,2024-07-03,Balikpapan
CUST04004,Laki-laki,18-25,2026-01-30,Blitar
CUST04005,Laki-laki,26-35,2024-12-26,Kota Administrasi Jakarta Timur
CUST04006,Laki-laki,46+,2024-10-05,Balikpapan
CUST04007,Perempuan,46+,2026-02-21,Probolinggo
CUST04008,Perempuan,36-45,2026-01-09,Tarakan
CUST04009,Perempuan,36-45,2024-08-21,Bogor
CUST04010,Perempuan,36-45,2025-06-25,Cilegon
CUST04011,Perempuan,26-35,2025-02-10,Pariaman
CUST04012,Perempuan,46+,2024-10-15,Banjarmasin
CUST04013,Perempuan,18-25,2025-08-13,Sorong
CUST04014,Perempuan,36-45,2025-08-13,Banda Aceh
CUST04015,Laki-laki,18-25,2026-03-19,Bima
CUST04016,Perempuan,46+,2025-08-14,Bima
CUST04017,Laki-laki,18-25,2025-07-19,Bontang
CUST04018,Laki-laki,36-45,2024-06-17,Bandar Lampung
CUST04019,Laki-laki,36-45,2024-12-10,Meulaboh
CUST04020,Perempuan,46+,2024-10-09,Sungai Penuh
CUST04021,Perempuan,26-35,2025-01-25,Tangerang Selatan
CUST04022,Laki-laki,36-45,2025-04-11,Pasuruan
CUST04023,Laki-laki,36-45,2024-10-26,Jayapura
CUST04024,Laki-laki,36-45,2024-09-04,Manado
CUST04025,Perempuan,26-35,2024-08-15,Bitung
CUST04026,Perempuan,46+,2025-03-24,Banjar
CUST04027,Laki-laki,36-45,2025-09-29,Cirebon
CUST04028,Perempuan,46+,2025-05-15,Serang
CUST04029,Laki-laki,46+,2024-11-04,Bukittinggi
CUST04030,Perempuan,26-35,2026-05-11,Solok
CUST04031,Laki-laki,18-25,2026-03-14,Malang
CUST04032,Laki-laki,46+,2026-04-27,Kota Administrasi Jakarta Timur
CUST04033,Laki-laki,36-45,2026-05-29,Surabaya
CUST04034,Perempuan,26-35,2025-03-30,Tasikmalaya
CUST04035,Perempuan,18-25,2026-02-27,Ambon
CUST04036,Perempuan,26-35,2026-04-17,Sungai Penuh
CUST04037,Laki-laki,26-35,2024-10-08,Bontang
CUST04038,Laki-laki,18-25,2025-04-16,Tebingtinggi
CUST04039,Laki-laki,46+,2026-02-25,Batam
CUST04040,Laki-laki,26-35,2024-09-12,Tegal
CUST04041,Perempuan,46+,2025-01-19,Bekasi
CUST04042,Perempuan,26-35,2025-02-22,Denpasar
CUST04043,Perempuan,46+,2026-02-03,Manado
CUST04044,Laki-laki,26-35,2025-02-20,Pagaralam
CUST04045,Perempuan,18-25,2025-06-25,Sibolga
CUST04046,Perempuan,26-35,2026-02-23,Bogor
CUST04047,Laki-laki,36-45,2026-03-02,Meulaboh
CUST04048,Perempuan,46+,2025-05-08,Prabumulih
CUST04049,Perempuan,26-35,2025-08-05,Prabumulih
CUST04050,Laki-laki,36-45,2025-08-07,Meulaboh
CUST04051,Laki-laki,36-45,2024-08-20,Pontianak
CUST04052,Laki-laki,18-25,2025-09-08,Tanjungpinang
CUST04053,Laki-laki,36-45,2024-08-23,Mataram
CUST04054,Laki-laki,18-25,2024-06-19,Banda Aceh
CUST04055,Perempuan,26-35,2025-03-25,Bogor
CUST04056,Perempuan,46+,2026-06-02,Banjarmasin
CUST04057,Laki-laki,36-45,2026-05-25,Mataram
CUST04058,Laki-laki,26-35,2026-04-07,Kupang
CUST04059,Perempuan,46+,2025-06-09,Purwokerto
CUST04060,Perempuan,36-45,2026-06-10,Kota Administrasi Jakarta Barat
CUST04061,Laki-laki,26-35,2024-11-27,Banjarmasin
CUST04062,Laki-laki,46+,2026-01-18,Bitung
CUST04063,Laki-laki,46+,2025-12-09,Metro
CUST04064,Perempuan,26-35,2026-01-07,Tanjungpinang
CUST04065,Perempuan,26-35,2025-05-12,Banjarbaru
CUST04066,Perempuan,46+,2025-12-13,Surabaya
CUST04067,Laki-laki,36-45,2025-09-11,Pariaman
CUST04068,Laki-laki,18-25,2026-03-29,Bandar Lampung
CUST04069,Perempuan,36-45,2024-10-09,Bontang
CUST04070,Laki-laki,36-45,2024-08-17,Batu
CUST04071,Perempuan,26-35,2024-06-26,Bukittinggi
CUST04072,Perempuan,36-45,2026-02-01,Parepare
CUST04073,Perempuan,18-25,2026-01-15,Tidore Kepulauan
CUST04074,Perempuan,26-35,2025-07-31,Parepare
CUST04075,Laki-laki,26-35,2025-05-02,Palembang
CUST04076,Laki-laki,26-35,2026-02-13,Kotamobagu
CUST04077,Perempuan,46+,2024-09-11,Banjarmasin
CUST04078,Perempuan,26-35,2026-05-02,Sibolga
CUST04079,Laki-laki,46+,2026-01-21,Pekalongan
CUST04080,Perempuan,46+,2024-10-19,Mojokerto
CUST04081,Perempuan,36-45,2026-03-25,Tangerang Selatan
CUST04082,Perempuan,46+,2026-04-28,Purwokerto
CUST04083,Laki-laki,36-45,2025-12-21,Samarinda
CUST04084,Perempuan,26-35,2025-07-11,Tarakan
CUST04085,Perempuan,18-25,2024-12-10,Cilegon
CUST04086,Laki-laki,36-45,2025-01-14,Pematangsiantar
CUST04087,Laki-laki,36-45,2025-04-06,Tidore Kepulauan
CUST04088,Perempuan,26-35,2024-11-28,Solok
CUST04089,Laki-laki,46+,2024-07-30,Mojokerto
CUST04090,Perempuan,36-45,2024-11-06,Tanjungbalai
CUST04091,Laki-laki,26-35,2025-06-15,Lubuklinggau
CUST04092,Laki-laki,26-35,2025-11-05,Metro
CUST04093,Laki-laki,36-45,2024-10-23,Medan
CUST04094,Laki-laki,26-35,2025-11-01,Depok
CUST04095,Perempuan,46+,2025-01-12,Bima
CUST04096,Laki-laki,18-25,2024-08-16,Sibolga
CUST04097,Laki-laki,36-45,2026-02-11,Bandar Lampung
CUST04098,Perempuan,26-35,2024-12-20,Cilegon
CUST04099,Laki-laki,18-25,2025-08-11,Batam
CUST04100,Perempuan,46+,2024-11-28,Tomohon
CUST04101,Laki-laki,46+,2026-05-24,Depok
CUST04102,Laki-laki,18-25,2025-08-19,Subulussalam
CUST04103,Laki-laki,26-35,2026-06-08,Kendari
CUST04104,Perempuan,46+,2025-01-12,Salatiga
CUST04105,Perempuan,26-35,2025-08-29,Salatiga
CUST04106,Perempuan,18-25,2026-02-20,Banjar
CUST04107,Perempuan,46+,2024-07-24,Bekasi
CUST04108,Perempuan,46+,2025-02-11,Manado
CUST04109,Perempuan,18-25,2026-01-21,Mojokerto
CUST04110,Laki-laki,18-25,2025-07-10,Lubuklinggau
CUST04111,Laki-laki,18-25,2026-01-21,Tebingtinggi
CUST04112,Perempuan,26-35,2025-03-20,Tanjungpinang
CUST04113,Laki-laki,46+,2025-11-23,Magelang
CUST04114,Perempuan,18-25,2025-04-29,Pekalongan
CUST04115,Laki-laki,46+,2026-03-06,Bandar Lampung
CUST04116,Perempuan,46+,2025-09-16,Pariaman
CUST04117,Perempuan,26-35,2025-09-15,Kupang
CUST04118,Laki-laki,36-45,2024-10-20,Tangerang Selatan
CUST04119,Laki-laki,26-35,2025-06-11,Sorong
CUST04120,Perempuan,18-25,2024-08-28,Jambi
CUST04121,Perempuan,46+,2026-03-06,Yogyakarta
CUST04122,Laki-laki,18-25,2025-12-27,Pekalongan
CUST04123,Laki-laki,18-25,2025-07-23,Palopo
CUST04124,Laki-laki,26-35,2026-02-17,Makassar
CUST04125,Laki-laki,46+,2025-01-28,Solok
CUST04126,Perempuan,18-25,2026-04-12,Banjar
CUST04127,Laki-laki,26-35,2026-05-09,Kendari
CUST04128,Laki-laki,26-35,2024-11-26,Bukittinggi
CUST04129,Laki-laki,36-45,2025-08-31,Bengkulu
CUST04130,Laki-laki,18-25,2026-03-04,Bontang
CUST04131,Laki-laki,36-45,2026-02-02,Purwokerto
CUST04132,Perempuan,26-35,2026-04-21,Payakumbuh
CUST04133,Perempuan,18-25,2024-08-29,Lubuklinggau
CUST04134,Laki-laki,36-45,2024-10-26,Cilegon
CUST04135,Laki-laki,36-45,2024-08-08,Samarinda
CUST04136,Perempuan,26-35,2025-03-26,Bekasi
CUST04137,Perempuan,36-45,2024-08-11,Tarakan
CUST04138,Perempuan,26-35,2026-02-06,Kota Administrasi Jakarta Selatan
CUST04139,Laki-laki,18-25,2025-06-19,Tual
CUST04140,Laki-laki,18-25,2026-04-28,Sungai Penuh
CUST04141,Laki-laki,26-35,2026-06-04,Bitung
CUST04142,Perempuan,26-35,2025-09-01,Banjar
CUST04143,Laki-laki,26-35,2025-03-26,Padang
CUST04144,Perempuan,36-45,2025-04-30,Palembang
CUST04145,Laki-laki,46+,2025-03-28,Medan
CUST04146,Laki-laki,36-45,2024-08-20,Pekalongan
CUST04147,Perempuan,46+,2025-06-01,Tangerang Selatan
CUST04148,Laki-laki,46+,2024-07-20,Ternate
CUST04149,Perempuan,18-25,2026-02-21,Tanjungpinang
CUST04150,Perempuan,46+,2026-03-16,Bukittinggi
CUST04151,Laki-laki,26-35,2026-04-10,Kupang
CUST04152,Laki-laki,36-45,2025-04-04,Salatiga
CUST04153,Laki-laki,36-45,2025-04-23,Jayapura
CUST04154,Laki-laki,46+,2025-04-14,Surakarta
CUST04155,Laki-laki,36-45,2024-08-28,Pangkalpinang
CUST04156,Perempuan,46+,2025-06-15,Bima
CUST04157,Laki-laki,26-35,2024-08-22,Tegal
CUST04158,Laki-laki,36-45,2024-09-09,Yogyakarta
CUST04159,Laki-laki,18-25,2025-05-19,Padang
CUST04160,Perempuan,18-25,2025-02-27,Lubuklinggau
CUST04161,Perempuan,18-25,2025-03-09,Jambi
CUST04162,Perempuan,36-45,2025-12-14,Binjai
CUST04163,Perempuan,26-35,2025-01-19,Bandung
CUST04164,Laki-laki,36-45,2025-08-14,Parepare
CUST04165,Laki-laki,18-25,2024-10-08,Lubuklinggau
CUST04166,Perempuan,26-35,2025-09-01,Serang
CUST04167,Perempuan,18-25,2026-02-08,Banjarmasin
CUST04168,Laki-laki,26-35,2026-06-14,Palangkaraya
CUST04169,Perempuan,46+,2025-06-19,Banjarbaru
CUST04170,Laki-laki,36-45,2024-11-28,Tual
CUST04171,Perempuan,36-45,2025-11-30,Kota Administrasi Jakarta Timur
CUST04172,Laki-laki,18-25,2024-12-29,Bau-Bau
CUST04173,Laki-laki,36-45,2024-10-05,Kota Administrasi Jakarta Utara
CUST04174,Perempuan,26-35,2025-04-27,Langsa
CUST04175,Perempuan,46+,2026-04-26,Padangpanjang
CUST04176,Perempuan,26-35,2025-07-29,Surakarta
CUST04177,Perempuan,18-25,2026-05-11,Denpasar
CUST04178,Laki-laki,26-35,2026-03-24,Bekasi
CUST04179,Laki-laki,46+,2026-05-13,Makassar
CUST04180,Perempuan,18-25,2026-01-23,Cimahi
CUST04181,Perempuan,26-35,2024-11-18,Padangpanjang
CUST04182,Perempuan,46+,2025-06-26,Prabumulih
CUST04183,Laki-laki,46+,2025-12-04,Tanjungpinang
CUST04184,Perempuan,46+,2025-05-22,Tanjungbalai
CUST04185,Perempuan,36-45,2025-09-02,Balikpapan
CUST04186,Perempuan,26-35,2025-08-26,Batu
CUST04187,Perempuan,18-25,2025-12-30,Madiun
CUST04188,Perempuan,46+,2025-11-14,Balikpapan
CUST04189,Perempuan,18-25,2024-10-11,Bontang
CUST04190,Laki-laki,18-25,2025-07-09,Binjai
CUST04191,Laki-laki,18-25,2026-02-22,Kota Administrasi Jakarta Selatan
CUST04192,Laki-laki,18-25,2025-07-26,Palopo
CUST04193,Laki-laki,36-45,2026-03-25,Subulussalam
CUST04194,Perempuan,18-25,2025-06-01,Bandung
CUST04195,Perempuan,26-35,2024-12-03,Padangpanjang
CUST04196,Perempuan,46+,2025-12-09,Serang
CUST04197,Laki-laki,46+,2025-04-06,Malang
CUST04198,Laki-laki,26-35,2024-11-26,Tangerang
CUST04199,Laki-laki,46+,2025-09-08,Medan
CUST04200,Perempuan,26-35,2026-03-11,Banda Aceh
CUST04201,Laki-laki,46+,2025-02-06,Pekalongan
CUST04202,Laki-laki,26-35,2026-03-15,Tanjungpinang
CUST04203,Laki-laki,18-25,2025-07-09,Padang Sidempuan
CUST04204,Perempuan,26-35,2025-05-01,Manado
CUST04205,Perempuan,18-25,2026-03-22,Pematangsiantar
CUST04206,Perempuan,46+,2026-02-01,Binjai
CUST04207,Perempuan,26-35,2026-06-06,Palu
CUST04208,Perempuan,18-25,2025-05-15,Cirebon
CUST04209,Perempuan,26-35,2025-08-20,Probolinggo
CUST04210,Laki-laki,36-45,2025-05-21,Kotamobagu
CUST04211,Perempuan,46+,2026-04-04,Subulussalam
CUST04212,Perempuan,36-45,2025-01-23,Bekasi
CUST04213,Laki-laki,18-25,2026-03-04,Bekasi
CUST04214,Perempuan,26-35,2025-11-03,Singkawang
CUST04215,Perempuan,18-25,2026-06-11,Bima
CUST04216,Perempuan,46+,2025-07-07,Subulussalam
CUST04217,Laki-laki,36-45,2025-05-27,Surakarta
CUST04218,Laki-laki,46+,2025-01-28,Jambi
CUST04219,Perempuan,36-45,2024-12-07,Purwokerto
CUST04220,Perempuan,18-25,2025-04-08,Dumai
CUST04221,Laki-laki,36-45,2026-04-13,Bitung
CUST04222,Laki-laki,46+,2025-03-16,Padang Sidempuan
CUST04223,Perempuan,18-25,2026-05-23,Ambon
CUST04224,Laki-laki,46+,2026-06-16,Jayapura
CUST04225,Perempuan,26-35,2025-07-16,Kota Administrasi Jakarta Timur
CUST04226,Laki-laki,26-35,2026-05-01,Lhokseumawe
CUST04227,Perempuan,18-25,2026-03-30,Tangerang
CUST04228,Perempuan,18-25,2024-12-21,Padangpanjang
CUST04229,Laki-laki,36-45,2024-07-12,Bandar Lampung
CUST04230,Laki-laki,46+,2024-10-14,Pematangsiantar
CUST04231,Perempuan,36-45,2026-03-15,Magelang
CUST04232,Perempuan,36-45,2024-10-27,Kendari
CUST04233,Perempuan,26-35,2025-08-22,Depok
CUST04234,Perempuan,18-25,2025-10-08,Banjarbaru
CUST04235,Perempuan,46+,2026-03-01,Blitar
CUST04236,Laki-laki,26-35,2026-06-16,Tegal
CUST04237,Perempuan,46+,2024-10-29,Lubuklinggau
CUST04238,Laki-laki,36-45,2025-07-23,Palangkaraya
CUST04239,Laki-laki,18-25,2024-12-13,Tarakan
CUST04240,Laki-laki,36-45,2026-03-01,Pekalongan
CUST04241,Laki-laki,26-35,2024-09-16,Tual
CUST04242,Perempuan,46+,2025-10-17,Purwokerto
CUST04243,Perempuan,18-25,2024-10-18,Gorontalo
CUST04244,Laki-laki,26-35,2024-08-28,Bandar Lampung
CUST04245,Perempuan,36-45,2025-05-22,Sorong
CUST04246,Laki-laki,46+,2026-02-05,Bandar Lampung
CUST04247,Perempuan,46+,2025-10-10,Samarinda
CUST04248,Laki-laki,36-45,2025-04-10,Tidore Kepulauan
CUST04249,Perempuan,46+,2026-01-08,Palu
CUST04250,Laki-laki,18-25,2025-10-22,Denpasar
CUST04251,Laki-laki,18-25,2024-12-20,Langsa
CUST04252,Laki-laki,26-35,2024-11-14,Tebingtinggi
CUST04253,Perempuan,18-25,2026-02-12,Yogyakarta
CUST04254,Laki-laki,18-25,2025-01-05,Kota Administrasi Jakarta Utara
CUST04255,Perempuan,46+,2024-08-20,Sorong
CUST04256,Laki-laki,46+,2024-07-04,Binjai
CUST04257,Perempuan,36-45,2025-06-08,Bima
CUST04258,Perempuan,46+,2024-10-05,Kota Administrasi Jakarta Selatan
CUST04259,Laki-laki,46+,2026-05-12,Bekasi
CUST04260,Laki-laki,26-35,2024-08-16,Mataram
CUST04261,Laki-laki,26-35,2026-05-26,Mojokerto
CUST04262,Perempuan,18-25,2024-09-03,Banda Aceh
CUST04263,Perempuan,26-35,2025-05-04,Pasuruan
CUST04264,Perempuan,26-35,2025-10-15,Gorontalo
CUST04265,Perempuan,18-25,2025-12-02,Metro
CUST04266,Laki-laki,26-35,2026-05-09,Subulussalam
CUST04267,Laki-laki,26-35,2026-05-23,Cilegon
CUST04268,Laki-laki,26-35,2024-11-03,Balikpapan
CUST04269,Perempuan,18-25,2026-05-19,Surabaya
CUST04270,Perempuan,26-35,2025-08-31,Bitung
CUST04271,Laki-laki,46+,2025-03-10,Pariaman
CUST04272,Laki-laki,26-35,2025-10-06,Cilegon
CUST04273,Laki-laki,18-25,2025-07-27,Bitung
CUST04274,Perempuan,46+,2024-11-13,Prabumulih
CUST04275,Perempuan,26-35,2024-07-04,Jambi
CUST04276,Laki-laki,36-45,2026-04-21,Binjai
CUST04277,Perempuan,46+,2026-05-15,Bandar Lampung
CUST04278,Laki-laki,46+,2025-02-26,Jayapura
CUST04279,Laki-laki,36-45,2024-08-20,Kota Administrasi Jakarta Timur
CUST04280,Laki-laki,36-45,2025-01-15,Dumai
CUST04281,Perempuan,36-45,2024-08-27,Tarakan
CUST04282,Perempuan,46+,2025-08-19,Pangkalpinang
CUST04283,Laki-laki,36-45,2026-01-16,Palangkaraya
CUST04284,Laki-laki,26-35,2025-07-20,Depok
CUST04285,Laki-laki,18-25,2024-12-28,Dumai
CUST04286,Laki-laki,36-45,2025-12-02,Mojokerto
CUST04287,Laki-laki,36-45,2024-09-04,Cimahi
CUST04288,Perempuan,36-45,2026-02-23,Tebingtinggi
CUST04289,Laki-laki,46+,2025-06-30,Palopo
CUST04290,Laki-laki,36-45,2025-05-12,Lubuklinggau
CUST04291,Perempuan,36-45,2025-10-13,Sibolga
CUST04292,Perempuan,36-45,2025-04-10,Dumai
CUST04293,Laki-laki,18-25,2025-08-31,Medan
CUST04294,Laki-laki,26-35,2026-05-15,Palopo
CUST04295,Perempuan,36-45,2024-10-24,Pekanbaru
CUST04296,Perempuan,36-45,2024-12-30,Kupang
CUST04297,Laki-laki,36-45,2025-09-29,Mojokerto
CUST04298,Laki-laki,46+,2024-07-10,Denpasar
CUST04299,Laki-laki,18-25,2026-03-07,Pagaralam
CUST04300,Laki-laki,18-25,2026-02-21,Manado
CUST04301,Laki-laki,26-35,2024-12-24,Jambi
CUST04302,Laki-laki,46+,2025-11-09,Medan
CUST04303,Laki-laki,18-25,2024-10-07,Bitung
CUST04304,Perempuan,36-45,2024-06-24,Tanjungbalai
CUST04305,Perempuan,26-35,2024-06-25,Jambi
CUST04306,Laki-laki,18-25,2025-06-13,Kediri
CUST04307,Laki-laki,26-35,2025-08-27,Meulaboh
CUST04308,Perempuan,36-45,2025-01-23,Pontianak
CUST04309,Perempuan,36-45,2024-12-02,Sabang
CUST04310,Perempuan,18-25,2025-01-18,Samarinda
CUST04311,Perempuan,18-25,2026-05-11,Tangerang Selatan
CUST04312,Perempuan,46+,2026-01-25,Lubuklinggau
CUST04313,Laki-laki,26-35,2026-03-10,Dumai
CUST04314,Perempuan,26-35,2024-11-17,Payakumbuh
CUST04315,Perempuan,18-25,2025-07-09,Kota Administrasi Jakarta Utara
CUST04316,Laki-laki,26-35,2025-05-10,Bitung
CUST04317,Perempuan,46+,2025-06-03,Serang
CUST04318,Laki-laki,26-35,2025-02-25,Kendari
CUST04319,Perempuan,46+,2025-09-07,Kotamobagu
CUST04320,Perempuan,46+,2024-06-30,Pangkalpinang
CUST04321,Perempuan,26-35,2025-01-23,Padang
CUST04322,Laki-laki,18-25,2024-07-15,Makassar
CUST04323,Laki-laki,26-35,2025-10-30,Batam
CUST04324,Laki-laki,46+,2025-06-16,Padangpanjang
CUST04325,Perempuan,36-45,2025-12-30,Kota Administrasi Jakarta Utara
CUST04326,Laki-laki,36-45,2025-02-18,Padang
CUST04327,Perempuan,18-25,2024-08-17,Payakumbuh
CUST04328,Laki-laki,26-35,2025-10-05,Mojokerto
CUST04329,Laki-laki,26-35,2025-02-03,Payakumbuh
CUST04330,Perempuan,18-25,2026-04-07,Medan
CUST04331,Laki-laki,36-45,2026-06-15,Bandar Lampung
CUST04332,Laki-laki,36-45,2024-12-07,Balikpapan
CUST04333,Laki-laki,26-35,2024-10-02,Madiun
CUST04334,Laki-laki,18-25,2026-04-17,Jayapura
CUST04335,Laki-laki,36-45,2024-10-27,Depok
CUST04336,Perempuan,36-45,2025-12-31,Prabumulih
CUST04337,Laki-laki,36-45,2024-06-20,Kota Administrasi Jakarta Selatan
CUST04338,Laki-laki,46+,2026-05-04,Binjai
CUST04339,Perempuan,36-45,2024-07-24,Batu
CUST04340,Laki-laki,18-25,2025-01-07,Tanjungbalai
CUST04341,Perempuan,26-35,2025-10-05,Kota Administrasi Jakarta Timur
CUST04342,Perempuan,26-35,2025-12-11,Bogor
CUST04343,Perempuan,18-25,2025-09-13,Bitung
CUST04344,Laki-laki,46+,2024-09-23,Bontang
CUST04345,Perempuan,26-35,2026-01-22,Subulussalam
CUST04346,Perempuan,26-35,2025-05-30,Pematangsiantar
CUST04347,Perempuan,36-45,2025-07-31,Samarinda
CUST04348,Laki-laki,46+,2025-06-23,Kota Administrasi Jakarta Utara
CUST04349,Laki-laki,46+,2025-02-22,Jayapura
CUST04350,Laki-laki,46+,2024-08-27,Yogyakarta
CUST04351,Perempuan,26-35,2025-02-02,Manado
CUST04352,Perempuan,18-25,2025-08-24,Surabaya
CUST04353,Perempuan,26-35,2025-11-01,Tanjungbalai
CUST04354,Perempuan,26-35,2024-08-16,Payakumbuh
CUST04355,Laki-laki,26-35,2024-08-02,Balikpapan
CUST04356,Perempuan,26-35,2025-11-19,Pangkalpinang
CUST04357,Perempuan,18-25,2026-03-14,Depok
CUST04358,Perempuan,26-35,2025-06-30,Makassar
CUST04359,Laki-laki,46+,2024-11-26,Tual
CUST04360,Laki-laki,18-25,2025-02-14,Sungai Penuh
CUST04361,Laki-laki,18-25,2024-10-14,Blitar
CUST04362,Perempuan,26-35,2024-12-03,Meulaboh
CUST04363,Perempuan,46+,2025-06-03,Padang
CUST04364,Laki-laki,26-35,2024-11-09,Kota Administrasi Jakarta Utara
CUST04365,Laki-laki,18-25,2025-05-11,Tangerang Selatan
CUST04366,Perempuan,46+,2025-02-10,Bontang
CUST04367,Laki-laki,18-25,2025-06-10,Tidore Kepulauan
CUST04368,Laki-laki,18-25,2024-09-10,Banda Aceh
CUST04369,Laki-laki,26-35,2026-05-12,Denpasar
CUST04370,Laki-laki,36-45,2025-01-10,Parepare
CUST04371,Laki-laki,18-25,2025-11-13,Manado
CUST04372,Laki-laki,18-25,2025-01-09,Purwokerto
CUST04373,Perempuan,18-25,2024-08-21,Palangkaraya
CUST04374,Laki-laki,26-35,2024-11-28,Mojokerto
CUST04375,Perempuan,46+,2025-07-12,Pekanbaru
CUST04376,Laki-laki,36-45,2025-03-03,Palembang
CUST04377,Perempuan,46+,2025-01-14,Bengkulu
CUST04378,Laki-laki,26-35,2024-07-25,Tegal
CUST04379,Laki-laki,36-45,2026-06-07,Depok
CUST04380,Laki-laki,18-25,2025-01-31,Padang
CUST04381,Laki-laki,18-25,2024-11-01,Pontianak
CUST04382,Perempuan,18-25,2025-10-01,Pematangsiantar
CUST04383,Perempuan,26-35,2025-05-19,Tangerang Selatan
CUST04384,Laki-laki,26-35,2024-07-25,Binjai
CUST04385,Laki-laki,26-35,2024-12-04,Banjarbaru
CUST04386,Perempuan,46+,2026-05-13,Samarinda
CUST04387,Laki-laki,36-45,2025-01-09,Batam
CUST04388,Perempuan,26-35,2025-08-04,Kota Administrasi Jakarta Utara
CUST04389,Perempuan,18-25,2024-12-09,Mojokerto
CUST04390,Perempuan,26-35,2025-04-18,Jayapura
CUST04391,Laki-laki,26-35,2026-01-08,Payakumbuh
CUST04392,Laki-laki,36-45,2024-11-23,Gorontalo
CUST04393,Perempuan,18-25,2025-03-14,Tarakan
CUST04394,Perempuan,18-25,2025-09-23,Tegal
CUST04395,Perempuan,18-25,2024-06-19,Denpasar
CUST04396,Laki-laki,26-35,2025-07-12,Ternate
CUST04397,Laki-laki,46+,2025-02-09,Cimahi
CUST04398,Perempuan,26-35,2025-02-16,Cimahi
CUST04399,Perempuan,26-35,2024-11-09,Palu
CUST04400,Perempuan,36-45,2024-10-05,Surakarta
CUST04401,Perempuan,18-25,2025-06-20,Magelang
CUST04402,Perempuan,46+,2024-07-03,Kota Administrasi Jakarta Selatan
CUST04403,Perempuan,36-45,2026-05-02,Cimahi
CUST04404,Laki-laki,18-25,2025-11-26,Serang
CUST04405,Laki-laki,26-35,2025-03-17,Sawahlunto
CUST04406,Perempuan,26-35,2024-06-17,Kota Administrasi Jakarta Barat
CUST04407,Perempuan,46+,2025-06-19,Banjar
CUST04408,Perempuan,18-25,2026-03-15,Salatiga
CUST04409,Laki-laki,46+,2025-11-27,Kediri
CUST04410,Perempuan,26-35,2025-07-29,Tomohon
CUST04411,Laki-laki,36-45,2024-10-08,Bengkulu
CUST04412,Laki-laki,26-35,2025-02-08,Palopo
CUST04413,Perempuan,36-45,2025-07-03,Probolinggo
CUST04414,Perempuan,46+,2025-01-02,Kota Administrasi Jakarta Pusat
CUST04415,Perempuan,46+,2025-03-26,Balikpapan
CUST04416,Perempuan,36-45,2026-03-21,Langsa
CUST04417,Laki-laki,26-35,2025-12-20,Pematangsiantar
CUST04418,Perempuan,46+,2026-02-08,Binjai
CUST04419,Perempuan,46+,2025-01-12,Bontang
CUST04420,Laki-laki,46+,2025-05-01,Surabaya
CUST04421,Laki-laki,46+,2024-10-05,Payakumbuh
CUST04422,Laki-laki,18-25,2024-07-11,Samarinda
CUST04423,Laki-laki,36-45,2026-01-13,Mataram
CUST04424,Laki-laki,26-35,2024-11-24,Depok
CUST04425,Laki-laki,36-45,2026-06-02,Subulussalam
CUST04426,Perempuan,26-35,2024-09-08,Sorong
CUST04427,Laki-laki,18-25,2025-11-26,Pontianak
CUST04428,Perempuan,36-45,2024-10-30,Tangerang
CUST04429,Laki-laki,36-45,2025-03-14,Mojokerto
CUST04430,Perempuan,26-35,2025-09-17,Kota Administrasi Jakarta Utara
CUST04431,Perempuan,26-35,2025-02-12,Banjar
CUST04432,Laki-laki,26-35,2025-09-10,Singkawang
CUST04433,Laki-laki,26-35,2024-09-20,Palu
CUST04434,Laki-laki,26-35,2025-08-31,Kotamobagu
CUST04435,Perempuan,18-25,2024-09-10,Payakumbuh
CUST04436,Perempuan,36-45,2026-06-07,Pangkalpinang
CUST04437,Laki-laki,18-25,2025-11-27,Pematangsiantar
CUST04438,Laki-laki,46+,2025-01-28,Langsa
CUST04439,Laki-laki,18-25,2025-06-30,Batam
CUST04440,Laki-laki,36-45,2026-02-28,Balikpapan
CUST04441,Laki-laki,18-25,2025-06-04,Jambi
CUST04442,Laki-laki,18-25,2025-01-22,Banjarbaru
CUST04443,Laki-laki,46+,2025-07-01,Ambon
CUST04444,Laki-laki,26-35,2025-05-17,Surabaya
CUST04445,Perempuan,26-35,2026-03-26,Banjarbaru
CUST04446,Perempuan,46+,2024-12-29,Malang
CUST04447,Perempuan,36-45,2026-04-30,Pekalongan
CUST04448,Perempuan,18-25,2025-11-15,Bekasi
CUST04449,Perempuan,18-25,2025-12-22,Bontang
CUST04450,Laki-laki,18-25,2026-01-07,Palangkaraya
CUST04451,Laki-laki,26-35,2025-09-14,Kupang
CUST04452,Laki-laki,18-25,2024-12-03,Parepare
CUST04453,Perempuan,46+,2026-06-11,Kota Administrasi Jakarta Barat
CUST04454,Perempuan,36-45,2026-03-09,Pagaralam
CUST04455,Perempuan,26-35,2025-04-23,Kota Administrasi Jakarta Selatan
CUST04456,Perempuan,26-35,2026-06-01,Serang
CUST04457,Perempuan,18-25,2025-02-13,Salatiga
CUST04458,Perempuan,26-35,2025-05-21,Sawahlunto
CUST04459,Laki-laki,46+,2024-10-03,Kota Administrasi Jakarta Pusat
CUST04460,Laki-laki,26-35,2024-09-30,Purwokerto
CUST04461,Perempuan,26-35,2024-11-18,Lhokseumawe
CUST04462,Laki-laki,46+,2024-08-22,Salatiga
CUST04463,Perempuan,36-45,2026-06-07,Probolinggo
CUST04464,Perempuan,46+,2024-11-06,Palangkaraya
CUST04465,Laki-laki,18-25,2024-08-30,Pontianak
CUST04466,Perempuan,46+,2025-05-26,Pekalongan
CUST04467,Laki-laki,36-45,2026-06-13,Pangkalpinang
CUST04468,Laki-laki,18-25,2025-03-19,Pangkalpinang
CUST04469,Laki-laki,36-45,2025-05-09,Pangkalpinang
CUST04470,Perempuan,18-25,2024-07-08,Yogyakarta
CUST04471,Laki-laki,36-45,2025-05-09,Tomohon
CUST04472,Laki-laki,18-25,2024-10-04,Kota Administrasi Jakarta Barat
CUST04473,Laki-laki,26-35,2025-09-10,Blitar
CUST04474,Laki-laki,36-45,2025-10-12,Banjarbaru
CUST04475,Laki-laki,26-35,2026-01-24,Blitar
CUST04476,Laki-laki,26-35,2025-04-25,Pangkalpinang
CUST04477,Perempuan,18-25,2026-03-06,Banjarbaru
CUST04478,Laki-laki,46+,2024-08-21,Kota Administrasi Jakarta Timur
CUST04479,Laki-laki,18-25,2026-03-23,Magelang
CUST04480,Perempuan,18-25,2025-09-21,Kupang
CUST04481,Perempuan,18-25,2025-08-30,Tanjungbalai
CUST04482,Perempuan,36-45,2025-03-01,Bitung
CUST04483,Perempuan,26-35,2026-01-13,Tanjungpinang
CUST04484,Perempuan,46+,2024-11-23,Sabang
CUST04485,Perempuan,26-35,2026-01-13,Bogor
CUST04486,Laki-laki,36-45,2024-12-07,Langsa
CUST04487,Perempuan,18-25,2025-10-17,Tebingtinggi
CUST04488,Laki-laki,18-25,2026-06-14,Pasuruan
CUST04489,Perempuan,46+,2025-10-14,Binjai
CUST04490,Laki-laki,36-45,2024-08-08,Bukittinggi
CUST04491,Laki-laki,26-35,2025-09-28,Pematangsiantar
CUST04492,Perempuan,18-25,2024-08-31,Gorontalo
CUST04493,Laki-laki,26-35,2024-09-05,Bandar Lampung
CUST04494,Laki-laki,26-35,2026-03-25,Mojokerto
CUST04495,Laki-laki,36-45,2024-07-30,Langsa
CUST04496,Perempuan,26-35,2025-04-27,Denpasar
CUST04497,Perempuan,36-45,2026-03-16,Probolinggo
CUST04498,Perempuan,46+,2025-01-05,Surabaya
CUST04499,Laki-laki,46+,2025-10-09,Palangkaraya
CUST04500,Laki-laki,26-35,2024-10-08,Denpasar
CUST04501,Laki-laki,26-35,2024-10-05,Cimahi
CUST04502,Perempuan,18-25,2025-07-19,Parepare
CUST04503,Laki-laki,26-35,2025-06-25,Kupang
CUST04504,Perempuan,18-25,2025-11-17,Semarang
CUST04505,Perempuan,18-25,2025-07-04,Surakarta
CUST04506,Perempuan,36-45,2025-01-16,Meulaboh
CUST04507,Laki-laki,36-45,2025-12-10,Pangkalpinang
CUST04508,Laki-laki,18-25,2025-05-06,Bontang
CUST04509,Perempuan,36-45,2024-07-08,Palu
CUST04510,Perempuan,18-25,2024-09-18,Balikpapan
CUST04511,Laki-laki,26-35,2025-09-10,Bandung
CUST04512,Perempuan,36-45,2025-10-31,Banjar
CUST04513,Perempuan,36-45,2026-05-23,Bogor
CUST04514,Perempuan,26-35,2025-06-15,Kota Administrasi Jakarta Utara
CUST04515,Laki-laki,46+,2024-06-24,Manado
CUST04516,Laki-laki,36-45,2025-07-10,Malang
CUST04517,Perempuan,46+,2026-05-19,Pekanbaru
CUST04518,Perempuan,26-35,2024-08-04,Sungai Penuh
CUST04519,Perempuan,36-45,2024-10-12,Sungai Penuh
CUST04520,Perempuan,36-45,2025-12-27,Palu
CUST04521,Laki-laki,46+,2025-12-24,Kota Administrasi Jakarta Utara
CUST04522,Perempuan,36-45,2026-02-16,Mojokerto
CUST04523,Laki-laki,18-25,2024-08-08,Metro
CUST04524,Laki-laki,18-25,2025-06-18,Samarinda
CUST04525,Laki-laki,18-25,2025-12-19,Blitar
CUST04526,Perempuan,46+,2025-12-10,Semarang
CUST04527,Laki-laki,46+,2025-09-11,Sawahlunto
CUST04528,Laki-laki,26-35,2025-10-09,Batam
CUST04529,Perempuan,46+,2024-07-21,Tegal
CUST04530,Laki-laki,36-45,2024-10-18,Bengkulu
CUST04531,Perempuan,46+,2025-11-15,Payakumbuh
CUST04532,Perempuan,18-25,2026-06-12,Madiun
CUST04533,Laki-laki,26-35,2026-01-28,Yogyakarta
CUST04534,Laki-laki,46+,2026-03-07,Bima
CUST04535,Perempuan,26-35,2026-05-16,Tegal
CUST04536,Perempuan,36-45,2026-05-11,Tomohon
CUST04537,Laki-laki,36-45,2025-05-09,Banjarmasin
CUST04538,Perempuan,46+,2025-10-05,Binjai
CUST04539,Laki-laki,46+,2024-07-16,Palembang
CUST04540,Laki-laki,36-45,2026-01-30,Sibolga
CUST04541,Perempuan,18-25,2025-10-20,Cirebon
CUST04542,Laki-laki,46+,2025-02-21,Tanjungpinang
CUST04543,Laki-laki,26-35,2025-06-01,Bogor
CUST04544,Perempuan,18-25,2025-10-25,Dumai
CUST04545,Perempuan,18-25,2024-12-30,Palembang
CUST04546,Perempuan,46+,2025-11-26,Jayapura
CUST04547,Perempuan,26-35,2024-11-20,Palangkaraya
CUST04548,Laki-laki,26-35,2026-03-11,Bekasi
CUST04549,Laki-laki,46+,2025-09-12,Sorong
CUST04550,Perempuan,36-45,2025-11-18,Gorontalo
CUST04551,Laki-laki,18-25,2024-07-12,Ambon
CUST04552,Laki-laki,18-25,2025-03-23,Salatiga
CUST04553,Perempuan,46+,2025-08-15,Makassar
CUST04554,Laki-laki,36-45,2024-11-07,Depok
CUST04555,Perempuan,46+,2026-03-25,Samarinda
CUST04556,Laki-laki,36-45,2026-03-21,Pekalongan
CUST04557,Laki-laki,18-25,2025-03-17,Solok
CUST04558,Laki-laki,46+,2026-05-16,Batam
CUST04559,Perempuan,36-45,2025-05-23,Sorong
CUST04560,Laki-laki,26-35,2025-04-05,Salatiga
CUST04561,Perempuan,46+,2024-08-16,Pematangsiantar
CUST04562,Perempuan,46+,2025-02-03,Bitung
CUST04563,Laki-laki,46+,2025-07-09,Banjarbaru
CUST04564,Perempuan,46+,2025-09-27,Banda Aceh
CUST04565,Laki-laki,26-35,2024-12-08,Kota Administrasi Jakarta Pusat
CUST04566,Laki-laki,26-35,2025-04-16,Batam
CUST04567,Perempuan,36-45,2026-04-25,Kotamobagu
CUST04568,Laki-laki,26-35,2024-08-14,Pematangsiantar
CUST04569,Perempuan,26-35,2026-06-10,Padang
CUST04570,Perempuan,36-45,2025-10-10,Probolinggo
CUST04571,Laki-laki,46+,2025-12-10,Sawahlunto
CUST04572,Perempuan,18-25,2025-06-17,Sungai Penuh
CUST04573,Perempuan,26-35,2024-07-10,Makassar
CUST04574,Perempuan,18-25,2025-05-10,Dumai
CUST04575,Laki-laki,26-35,2025-03-03,Bogor
CUST04576,Laki-laki,46+,2024-11-22,Tomohon
CUST04577,Laki-laki,46+,2025-11-14,Kendari
CUST04578,Laki-laki,36-45,2025-07-05,Salatiga
CUST04579,Laki-laki,26-35,2026-05-20,Malang
CUST04580,Laki-laki,36-45,2024-08-10,Serang
CUST04581,Perempuan,18-25,2026-01-12,Purwokerto
CUST04582,Perempuan,36-45,2025-06-23,Kota Administrasi Jakarta Timur
CUST04583,Laki-laki,46+,2025-12-30,Bima
CUST04584,Perempuan,46+,2024-07-14,Pekalongan
CUST04585,Perempuan,36-45,2024-12-08,Palangkaraya
CUST04586,Perempuan,46+,2025-06-22,Kediri
CUST04587,Perempuan,18-25,2024-07-03,Bandar Lampung
CUST04588,Laki-laki,46+,2026-02-07,Prabumulih
CUST04589,Perempuan,36-45,2025-10-02,Tangerang Selatan
CUST04590,Laki-laki,26-35,2025-11-29,Purwokerto
CUST04591,Perempuan,46+,2025-06-26,Meulaboh
CUST04592,Perempuan,46+,2026-02-01,Tanjungpinang
CUST04593,Perempuan,18-25,2024-09-22,Tanjungpinang
CUST04594,Laki-laki,18-25,2025-05-14,Binjai
CUST04595,Laki-laki,18-25,2025-05-23,Singkawang
CUST04596,Perempuan,18-25,2026-05-19,Manado
CUST04597,Perempuan,18-25,2024-11-14,Palangkaraya
CUST04598,Perempuan,18-25,2026-05-31,Kendari
CUST04599,Perempuan,46+,2024-12-14,Semarang
CUST04600,Laki-laki,26-35,2024-06-24,Padang Sidempuan
CUST04601,Perempuan,46+,2026-01-18,Balikpapan
CUST04602,Laki-laki,26-35,2026-04-26,Banjarmasin
CUST04603,Perempuan,18-25,2024-08-15,Blitar
CUST04604,Perempuan,46+,2025-05-23,Kotamobagu
CUST04605,Perempuan,46+,2024-07-20,Malang
CUST04606,Laki-laki,36-45,2025-09-27,Kupang
CUST04607,Laki-laki,36-45,2024-09-25,Pariaman
CUST04608,Perempuan,36-45,2025-11-09,Surabaya
CUST04609,Perempuan,46+,2024-08-15,Kota Administrasi Jakarta Pusat
CUST04610,Laki-laki,18-25,2026-06-15,Payakumbuh
CUST04611,Perempuan,18-25,2025-12-16,Jayapura
CUST04612,Laki-laki,18-25,2025-05-27,Mataram
CUST04613,Laki-laki,36-45,2026-02-13,Sungai Penuh
CUST04614,Perempuan,36-45,2024-12-23,Lubuklinggau
CUST04615,Laki-laki,46+,2025-12-10,Banjarbaru
CUST04616,Laki-laki,46+,2025-03-13,Tarakan
CUST04617,Laki-laki,46+,2025-10-13,Kota Administrasi Jakarta Utara
CUST04618,Laki-laki,46+,2024-08-16,Bogor
CUST04619,Laki-laki,46+,2026-04-01,Lhokseumawe
CUST04620,Laki-laki,46+,2026-01-14,Bitung
CUST04621,Perempuan,26-35,2025-04-02,Bandung
CUST04622,Perempuan,26-35,2024-12-16,Sungai Penuh
CUST04623,Laki-laki,26-35,2026-01-31,Binjai
CUST04624,Laki-laki,46+,2024-07-03,Bandung
CUST04625,Perempuan,26-35,2025-01-12,Semarang
CUST04626,Perempuan,26-35,2025-04-11,Bau-Bau
CUST04627,Laki-laki,18-25,2024-08-02,Singkawang
CUST04628,Laki-laki,46+,2025-04-11,Banda Aceh
CUST04629,Laki-laki,26-35,2026-04-18,Meulaboh
CUST04630,Laki-laki,18-25,2025-05-27,Jayapura
CUST04631,Perempuan,18-25,2024-11-23,Denpasar
CUST04632,Laki-laki,46+,2025-11-11,Prabumulih
CUST04633,Perempuan,26-35,2024-07-27,Bandung
CUST04634,Laki-laki,26-35,2025-08-11,Bandar Lampung
CUST04635,Perempuan,26-35,2026-05-24,Kota Administrasi Jakarta Selatan
CUST04636,Laki-laki,46+,2026-03-08,Tomohon
CUST04637,Perempuan,18-25,2024-07-08,Tebingtinggi
CUST04638,Perempuan,18-25,2026-03-23,Pagaralam
CUST04639,Laki-laki,18-25,2026-02-14,Bima
CUST04640,Laki-laki,18-25,2025-08-20,Tebingtinggi
CUST04641,Perempuan,18-25,2026-06-11,Prabumulih
CUST04642,Laki-laki,26-35,2025-06-12,Samarinda
CUST04643,Perempuan,36-45,2025-12-27,Cilegon
CUST04644,Laki-laki,18-25,2025-04-09,Tidore Kepulauan
CUST04645,Laki-laki,46+,2026-06-05,Blitar
CUST04646,Perempuan,26-35,2026-05-23,Kota Administrasi Jakarta Utara
CUST04647,Perempuan,18-25,2026-02-28,Bau-Bau
CUST04648,Perempuan,18-25,2024-12-28,Makassar
CUST04649,Perempuan,18-25,2025-09-03,Bandung
CUST04650,Perempuan,18-25,2025-10-08,Mataram
CUST04651,Laki-laki,46+,2025-01-11,Sungai Penuh
CUST04652,Perempuan,36-45,2026-03-08,Bitung
CUST04653,Perempuan,26-35,2025-02-10,Kota Administrasi Jakarta Selatan
CUST04654,Laki-laki,36-45,2026-04-06,Palembang
CUST04655,Laki-laki,26-35,2025-06-11,Palembang
CUST04656,Laki-laki,18-25,2024-06-23,Bandung
CUST04657,Perempuan,36-45,2025-03-22,Subulussalam
CUST04658,Perempuan,18-25,2026-04-03,Padang Sidempuan
CUST04659,Laki-laki,36-45,2024-08-01,Kota Administrasi Jakarta Utara
CUST04660,Laki-laki,26-35,2026-05-14,Batam
CUST04661,Laki-laki,18-25,2025-05-25,Kota Administrasi Jakarta Selatan
CUST04662,Laki-laki,26-35,2026-02-01,Kota Administrasi Jakarta Selatan
CUST04663,Perempuan,18-25,2026-04-23,Blitar
CUST04664,Laki-laki,18-25,2024-12-10,Bontang
CUST04665,Perempuan,26-35,2026-04-24,Kediri
CUST04666,Laki-laki,18-25,2024-09-13,Denpasar
CUST04667,Laki-laki,36-45,2025-11-30,Sawahlunto
CUST04668,Perempuan,46+,2025-02-18,Purwokerto
CUST04669,Laki-laki,18-25,2025-12-26,Banjarmasin
CUST04670,Perempuan,36-45,2025-12-24,Kota Administrasi Jakarta Pusat
CUST04671,Perempuan,46+,2024-06-29,Probolinggo
CUST04672,Perempuan,46+,2025-12-26,Serang
CUST04673,Laki-laki,36-45,2024-12-16,Bima
CUST04674,Laki-laki,26-35,2024-08-16,Binjai
CUST04675,Perempuan,46+,2025-07-18,Kendari
CUST04676,Laki-laki,36-45,2024-11-22,Samarinda
CUST04677,Laki-laki,26-35,2025-04-01,Batu
CUST04678,Perempuan,46+,2025-10-28,Kotamobagu
CUST04679,Perempuan,46+,2024-10-06,Madiun
CUST04680,Perempuan,36-45,2025-10-01,Magelang
CUST04681,Laki-laki,46+,2025-04-30,Parepare
CUST04682,Perempuan,26-35,2025-01-31,Cilegon
CUST04683,Perempuan,36-45,2025-03-30,Kupang
CUST04684,Laki-laki,46+,2026-06-09,Semarang
CUST04685,Laki-laki,18-25,2024-07-06,Sibolga
CUST04686,Perempuan,46+,2024-11-28,Pekanbaru
CUST04687,Perempuan,36-45,2025-12-24,Jambi
CUST04688,Perempuan,18-25,2025-04-07,Surabaya
CUST04689,Laki-laki,26-35,2026-01-02,Metro
CUST04690,Perempuan,46+,2026-01-30,Batu
CUST04691,Laki-laki,36-45,2026-06-13,Salatiga
CUST04692,Laki-laki,18-25,2025-07-13,Prabumulih
CUST04693,Laki-laki,36-45,2026-01-07,Pontianak
CUST04694,Perempuan,26-35,2026-02-26,Sibolga
CUST04695,Perempuan,18-25,2025-06-18,Lubuklinggau
CUST04696,Laki-laki,36-45,2025-01-12,Samarinda
CUST04697,Laki-laki,36-45,2025-01-30,Magelang
CUST04698,Laki-laki,46+,2024-12-22,Kediri
CUST04699,Perempuan,26-35,2025-06-06,Tidore Kepulauan
CUST04700,Laki-laki,46+,2024-09-14,Palembang
CUST04701,Perempuan,26-35,2026-01-07,Mataram
CUST04702,Laki-laki,18-25,2024-08-17,Sabang
CUST04703,Perempuan,18-25,2025-07-14,Mataram
CUST04704,Perempuan,46+,2025-11-06,Sibolga
CUST04705,Perempuan,36-45,2024-12-12,Padangpanjang
CUST04706,Laki-laki,26-35,2024-12-12,Prabumulih
CUST04707,Laki-laki,46+,2024-12-24,Tangerang
CUST04708,Perempuan,18-25,2025-09-14,Sibolga
CUST04709,Perempuan,46+,2025-01-05,Makassar
CUST04710,Laki-laki,18-25,2025-02-15,Bau-Bau
CUST04711,Perempuan,26-35,2025-04-30,Pekalongan
CUST04712,Perempuan,46+,2024-10-10,Sorong
CUST04713,Laki-laki,18-25,2026-05-02,Denpasar
CUST04714,Perempuan,18-25,2026-04-28,Balikpapan
CUST04715,Laki-laki,46+,2024-10-24,Padangpanjang
CUST04716,Perempuan,26-35,2025-01-07,Tidore Kepulauan
CUST04717,Perempuan,18-25,2024-09-03,Bandung
CUST04718,Laki-laki,36-45,2026-03-26,Bandar Lampung
CUST04719,Laki-laki,18-25,2025-12-04,Batu
CUST04720,Perempuan,18-25,2024-09-27,Pagaralam
CUST04721,Perempuan,36-45,2025-03-19,Padang
CUST04722,Perempuan,36-45,2025-12-10,Tasikmalaya
CUST04723,Perempuan,46+,2025-01-30,Makassar
CUST04724,Laki-laki,36-45,2026-05-15,Semarang
CUST04725,Perempuan,18-25,2025-10-02,Tebingtinggi
CUST04726,Perempuan,36-45,2024-07-22,Ternate
CUST04727,Perempuan,46+,2026-06-02,Palopo
CUST04728,Laki-laki,36-45,2026-05-25,Sorong
CUST04729,Laki-laki,18-25,2025-06-01,Kupang
CUST04730,Laki-laki,18-25,2026-01-26,Tanjungpinang
CUST04731,Laki-laki,26-35,2024-09-29,Tebingtinggi
CUST04732,Laki-laki,36-45,2026-02-01,Bukittinggi
CUST04733,Perempuan,26-35,2026-05-13,Semarang
CUST04734,Laki-laki,18-25,2025-09-20,Tangerang
CUST04735,Laki-laki,36-45,2025-11-03,Metro
CUST04736,Laki-laki,18-25,2025-02-20,Cirebon
CUST04737,Perempuan,18-25,2025-07-17,Yogyakarta
CUST04738,Laki-laki,18-25,2024-08-31,Langsa
CUST04739,Perempuan,18-25,2025-07-05,Banjarbaru
CUST04740,Perempuan,36-45,2025-08-29,Kotamobagu
CUST04741,Perempuan,36-45,2025-02-22,Lubuklinggau
CUST04742,Laki-laki,26-35,2026-01-26,Bontang
CUST04743,Perempuan,18-25,2024-07-19,Palangkaraya
CUST04744,Laki-laki,36-45,2025-07-25,Samarinda
CUST04745,Laki-laki,46+,2026-05-01,Bengkulu
CUST04746,Perempuan,18-25,2025-03-13,Cimahi
CUST04747,Laki-laki,46+,2024-09-17,Kota Administrasi Jakarta Utara
CUST04748,Perempuan,36-45,2025-06-29,Jayapura
CUST04749,Perempuan,46+,2026-05-05,Kotamobagu
CUST04750,Laki-laki,18-25,2026-06-16,Sibolga
CUST04751,Perempuan,36-45,2026-01-23,Kediri
CUST04752,Laki-laki,36-45,2025-11-16,Bontang
CUST04753,Laki-laki,26-35,2024-08-30,Purwokerto
CUST04754,Laki-laki,18-25,2026-03-30,Bandar Lampung
CUST04755,Perempuan,18-25,2025-09-24,Probolinggo
CUST04756,Laki-laki,18-25,2025-08-08,Ambon
CUST04757,Laki-laki,46+,2025-07-01,Medan
CUST04758,Perempuan,26-35,2024-11-21,Samarinda
CUST04759,Perempuan,18-25,2025-05-14,Pematangsiantar
CUST04760,Perempuan,26-35,2024-09-23,Kupang
CUST04761,Perempuan,36-45,2026-05-31,Tasikmalaya
CUST04762,Perempuan,26-35,2025-12-17,Palembang
CUST04763,Laki-laki,26-35,2026-05-08,Payakumbuh
CUST04764,Laki-laki,36-45,2025-01-07,Bogor
CUST04765,Perempuan,46+,2025-01-19,Manado
CUST04766,Laki-laki,46+,2026-03-03,Tidore Kepulauan
CUST04767,Laki-laki,18-25,2026-02-23,Tegal
CUST04768,Perempuan,46+,2024-08-13,Cilegon
CUST04769,Laki-laki,36-45,2025-07-15,Kota Administrasi Jakarta Utara
CUST04770,Laki-laki,26-35,2025-06-04,Tarakan
CUST04771,Perempuan,18-25,2025-12-03,Bandung
CUST04772,Laki-laki,26-35,2025-05-19,Tarakan
CUST04773,Laki-laki,46+,2026-02-23,Depok
CUST04774,Laki-laki,36-45,2026-04-01,Subulussalam
CUST04775,Laki-laki,46+,2025-10-17,Kota Administrasi Jakarta Barat
CUST04776,Perempuan,36-45,2024-10-01,Jayapura
CUST04777,Perempuan,18-25,2025-11-22,Kota Administrasi Jakarta Selatan
CUST04778,Laki-laki,36-45,2025-06-17,Pasuruan
CUST04779,Perempuan,26-35,2026-03-11,Tegal
CUST04780,Laki-laki,46+,2025-07-07,Blitar
CUST04781,Perempuan,36-45,2024-11-18,Pematangsiantar
CUST04782,Laki-laki,46+,2026-04-13,Ambon
CUST04783,Perempuan,36-45,2025-05-20,Pasuruan
CUST04784,Laki-laki,18-25,2025-08-24,Tarakan
CUST04785,Perempuan,46+,2024-11-02,Padangpanjang
CUST04786,Laki-laki,36-45,2025-12-03,Singkawang
CUST04787,Laki-laki,46+,2025-04-08,Subulussalam
CUST04788,Laki-laki,36-45,2025-03-14,Pontianak
CUST04789,Perempuan,46+,2025-11-09,Langsa
CUST04790,Laki-laki,18-25,2026-03-31,Kupang
CUST04791,Laki-laki,18-25,2025-11-17,Pasuruan
CUST04792,Laki-laki,18-25,2026-02-25,Serang
CUST04793,Laki-laki,18-25,2025-03-21,Kupang
CUST04794,Perempuan,26-35,2024-08-30,Binjai
CUST04795,Laki-laki,18-25,2026-05-02,Padangpanjang
CUST04796,Perempuan,26-35,2025-05-30,Kota Administrasi Jakarta Barat
CUST04797,Perempuan,46+,2025-11-13,Binjai
CUST04798,Perempuan,18-25,2024-10-31,Lubuklinggau
CUST04799,Laki-laki,36-45,2025-11-12,Malang
CUST04800,Perempuan,26-35,2025-12-10,Tarakan
CUST04801,Laki-laki,26-35,2024-09-24,Pasuruan
CUST04802,Perempuan,36-45,2025-09-26,Tangerang Selatan
CUST04803,Perempuan,18-25,2024-12-16,Kupang
CUST04804,Laki-laki,26-35,2025-01-11,Padang Sidempuan
CUST04805,Perempuan,36-45,2024-08-03,Kota Administrasi Jakarta Selatan
CUST04806,Laki-laki,26-35,2025-11-23,Padang Sidempuan
CUST04807,Perempuan,18-25,2025-04-16,Pagaralam
CUST04808,Laki-laki,26-35,2025-04-22,Banjarbaru
CUST04809,Perempuan,46+,2025-01-11,Tegal
CUST04810,Laki-laki,18-25,2024-12-04,Subulussalam
CUST04811,Perempuan,46+,2026-03-14,Lhokseumawe
CUST04812,Perempuan,18-25,2025-05-30,Jayapura
CUST04813,Laki-laki,36-45,2025-09-04,Prabumulih
CUST04814,Laki-laki,26-35,2024-11-24,Singkawang
CUST04815,Laki-laki,36-45,2025-10-04,Blitar
CUST04816,Perempuan,18-25,2025-09-29,Tebingtinggi
CUST04817,Perempuan,26-35,2024-07-03,Bekasi
CUST04818,Perempuan,18-25,2026-02-13,Manado
CUST04819,Laki-laki,18-25,2026-02-02,Sungai Penuh
CUST04820,Perempuan,26-35,2024-07-25,Mataram
CUST04821,Laki-laki,26-35,2025-08-06,Cilegon
CUST04822,Laki-laki,18-25,2026-03-30,Tasikmalaya
CUST04823,Perempuan,36-45,2024-12-12,Cilegon
CUST04824,Perempuan,46+,2026-05-25,Magelang
CUST04825,Perempuan,36-45,2025-05-04,Purwokerto
CUST04826,Perempuan,36-45,2026-01-07,Balikpapan
CUST04827,Perempuan,46+,2024-07-15,Tomohon
CUST04828,Laki-laki,36-45,2026-06-17,Pekalongan
CUST04829,Perempuan,36-45,2025-04-22,Banjar
CUST04830,Perempuan,18-25,2024-10-16,Langsa
CUST04831,Perempuan,18-25,2024-07-05,Sorong
CUST04832,Laki-laki,46+,2026-02-06,Bandung
CUST04833,Laki-laki,26-35,2025-01-14,Metro
CUST04834,Perempuan,46+,2025-11-07,Blitar
CUST04835,Laki-laki,26-35,2026-03-14,Bau-Bau
CUST04836,Perempuan,36-45,2024-08-15,Pekalongan
CUST04837,Laki-laki,18-25,2025-12-29,Banda Aceh
CUST04838,Laki-laki,46+,2024-06-28,Bengkulu
CUST04839,Laki-laki,36-45,2026-01-09,Depok
CUST04840,Perempuan,26-35,2026-03-24,Madiun
CUST04841,Perempuan,36-45,2025-05-13,Langsa
CUST04842,Perempuan,46+,2025-01-15,Dumai
CUST04843,Perempuan,36-45,2024-09-02,Sungai Penuh
CUST04844,Perempuan,26-35,2025-09-07,Metro
CUST04845,Laki-laki,36-45,2025-01-29,Bekasi
CUST04846,Laki-laki,46+,2024-12-06,Sabang
CUST04847,Perempuan,36-45,2025-01-19,Kotamobagu
CUST04848,Perempuan,18-25,2026-05-23,Metro
CUST04849,Laki-laki,46+,2024-06-30,Tegal
CUST04850,Laki-laki,46+,2025-04-18,Tual
CUST04851,Laki-laki,36-45,2025-08-15,Palopo
CUST04852,Laki-laki,36-45,2024-12-08,Mojokerto
CUST04853,Perempuan,36-45,2026-02-06,Palopo
CUST04854,Laki-laki,36-45,2025-03-31,Salatiga
CUST04855,Laki-laki,46+,2024-09-09,Magelang
CUST04856,Laki-laki,26-35,2024-10-06,Bengkulu
CUST04857,Perempuan,18-25,2025-08-26,Gorontalo
CUST04858,Laki-laki,46+,2026-04-19,Semarang
CUST04859,Perempuan,18-25,2024-12-28,Bontang
CUST04860,Perempuan,36-45,2025-04-26,Pematangsiantar
CUST04861,Laki-laki,18-25,2025-12-30,Banjarmasin
CUST04862,Perempuan,26-35,2026-02-03,Kota Administrasi Jakarta Pusat
CUST04863,Perempuan,36-45,2025-05-02,Ternate
CUST04864,Laki-laki,18-25,2025-03-06,Bandung
CUST04865,Perempuan,26-35,2025-02-21,Ambon
CUST04866,Laki-laki,46+,2025-01-11,Tomohon
CUST04867,Laki-laki,36-45,2025-08-27,Probolinggo
CUST04868,Laki-laki,18-25,2025-07-10,Sungai Penuh
CUST04869,Perempuan,36-45,2024-12-17,Pangkalpinang
CUST04870,Laki-laki,46+,2025-12-19,Pekanbaru
CUST04871,Perempuan,46+,2025-08-21,Bima
CUST04872,Laki-laki,36-45,2025-05-13,Metro
CUST04873,Perempuan,36-45,2024-09-23,Cilegon
CUST04874,Laki-laki,46+,2025-07-25,Cimahi
CUST04875,Perempuan,26-35,2024-11-17,Binjai
CUST04876,Laki-laki,36-45,2024-07-17,Payakumbuh
CUST04877,Laki-laki,46+,2024-10-27,Bogor
CUST04878,Laki-laki,36-45,2026-01-19,Padang
CUST04879,Perempuan,18-25,2024-06-24,Bitung
CUST04880,Perempuan,46+,2025-05-21,Tebingtinggi
CUST04881,Laki-laki,46+,2026-06-03,Pematangsiantar
CUST04882,Perempuan,18-25,2025-02-22,Salatiga
CUST04883,Laki-laki,46+,2025-11-04,Bontang
CUST04884,Perempuan,36-45,2025-01-28,Singkawang
CUST04885,Perempuan,36-45,2025-12-23,Pematangsiantar
CUST04886,Perempuan,46+,2025-09-29,Parepare
CUST04887,Perempuan,46+,2025-06-11,Magelang
CUST04888,Perempuan,18-25,2026-06-07,Cimahi
CUST04889,Laki-laki,46+,2025-07-29,Balikpapan
CUST04890,Laki-laki,26-35,2025-02-18,Cirebon
CUST04891,Perempuan,26-35,2024-10-11,Batam
CUST04892,Perempuan,26-35,2024-06-21,Tanjungpinang
CUST04893,Perempuan,18-25,2024-11-09,Tanjungbalai
CUST04894,Perempuan,26-35,2024-08-28,Magelang
CUST04895,Perempuan,18-25,2024-08-29,Solok
CUST04896,Perempuan,46+,2025-06-16,Batam
CUST04897,Laki-laki,18-25,2025-03-16,Malang
CUST04898,Laki-laki,36-45,2025-10-18,Depok
CUST04899,Laki-laki,36-45,2025-01-16,Pagaralam
CUST04900,Laki-laki,36-45,2025-09-13,Medan
CUST04901,Perempuan,36-45,2025-10-15,Kota Administrasi Jakarta Pusat
CUST04902,Laki-laki,18-25,2025-08-26,Batu
CUST04903,Laki-laki,26-35,2025-09-20,Bima
CUST04904,Laki-laki,46+,2026-01-05,Kota Administrasi Jakarta Utara
CUST04905,Laki-laki,26-35,2024-11-02,Salatiga
CUST04906,Laki-laki,36-45,2024-09-04,Pematangsiantar
CUST04907,Perempuan,18-25,2025-09-16,Magelang
CUST04908,Perempuan,26-35,2025-09-07,Ternate
CUST04909,Laki-laki,18-25,2026-04-24,Gorontalo
CUST04910,Laki-laki,26-35,2024-10-25,Kediri
CUST04911,Laki-laki,18-25,2024-12-02,Singkawang
CUST04912,Laki-laki,26-35,2024-10-08,Cimahi
CUST04913,Laki-laki,46+,2025-06-21,Madiun
CUST04914,Laki-laki,46+,2024-08-16,Bogor
CUST04915,Perempuan,18-25,2025-07-19,Pagaralam
CUST04916,Laki-laki,36-45,2025-11-15,Madiun
CUST04917,Perempuan,46+,2025-02-07,Kendari
CUST04918,Laki-laki,26-35,2025-08-26,Metro
CUST04919,Perempuan,46+,2026-02-08,Tarakan
CUST04920,Laki-laki,46+,2025-06-20,Lhokseumawe
CUST04921,Laki-laki,18-25,2026-03-30,Pontianak
CUST04922,Laki-laki,26-35,2024-08-16,Cimahi
CUST04923,Laki-laki,26-35,2025-10-22,Tasikmalaya
CUST04924,Laki-laki,46+,2024-10-05,Sabang
CUST04925,Perempuan,36-45,2025-05-26,Tanjungbalai
CUST04926,Perempuan,18-25,2026-02-19,Tangerang Selatan
CUST04927,Perempuan,36-45,2024-09-18,Sungai Penuh
CUST04928,Perempuan,46+,2025-03-14,Bandar Lampung
CUST04929,Perempuan,18-25,2026-04-20,Pangkalpinang
CUST04930,Perempuan,46+,2026-02-05,Tegal
CUST04931,Perempuan,26-35,2025-05-12,Singkawang
CUST04932,Laki-laki,36-45,2025-08-25,Metro
CUST04933,Perempuan,18-25,2025-04-03,Tidore Kepulauan
CUST04934,Perempuan,18-25,2024-06-25,Palembang
CUST04935,Perempuan,18-25,2025-03-24,Ambon
CUST04936,Perempuan,18-25,2025-09-15,Magelang
CUST04937,Perempuan,26-35,2024-08-29,Kota Administrasi Jakarta Pusat
CUST04938,Perempuan,46+,2025-07-12,Sibolga
CUST04939,Perempuan,18-25,2025-01-15,Sukabumi
CUST04940,Laki-laki,36-45,2025-01-16,Mojokerto
CUST04941,Laki-laki,36-45,2024-07-21,Kota Administrasi Jakarta Utara
CUST04942,Perempuan,18-25,2025-10-15,Samarinda
CUST04943,Laki-laki,26-35,2026-03-18,Tasikmalaya
CUST04944,Perempuan,36-45,2026-06-07,Sibolga
CUST04945,Perempuan,26-35,2025-10-21,Pasuruan
CUST04946,Perempuan,36-45,2024-10-29,Tidore Kepulauan
CUST04947,Perempuan,18-25,2026-04-27,Bandung
CUST04948,Perempuan,46+,2025-03-31,Singkawang
CUST04949,Perempuan,26-35,2026-05-12,Tarakan
CUST04950,Perempuan,26-35,2026-01-09,Blitar
CUST04951,Perempuan,36-45,2024-08-20,Bitung
CUST04952,Perempuan,18-25,2024-07-30,Subulussalam
CUST04953,Laki-laki,18-25,2025-12-20,Lubuklinggau
CUST04954,Laki-laki,26-35,2024-08-31,Depok
CUST04955,Laki-laki,18-25,2025-11-07,Magelang
CUST04956,Perempuan,46+,2026-03-29,Tarakan
CUST04957,Perempuan,26-35,2024-10-26,Pematangsiantar
CUST04958,Laki-laki,18-25,2024-06-28,Padangpanjang
CUST04959,Laki-laki,46+,2026-03-29,Batam
CUST04960,Perempuan,18-25,2024-11-13,Tegal
CUST04961,Laki-laki,36-45,2025-01-10,Cirebon
CUST04962,Laki-laki,18-25,2025-05-27,Kota Administrasi Jakarta Utara
CUST04963,Laki-laki,46+,2025-10-02,Tanjungbalai
CUST04964,Perempuan,18-25,2025-07-14,Cirebon
CUST04965,Laki-laki,36-45,2025-10-23,Lhokseumawe
CUST04966,Laki-laki,46+,2025-01-15,Bitung
CUST04967,Perempuan,26-35,2025-03-09,Salatiga
CUST04968,Laki-laki,26-35,2026-03-28,Salatiga
CUST04969,Perempuan,46+,2026-06-09,Bekasi
CUST04970,Perempuan,36-45,2024-09-15,Denpasar
CUST04971,Laki-laki,26-35,2026-01-04,Denpasar
CUST04972,Laki-laki,46+,2025-02-18,Yogyakarta
CUST04973,Laki-laki,18-25,2024-10-26,Jambi
CUST04974,Laki-laki,18-25,2025-10-25,Palu
CUST04975,Laki-laki,18-25,2024-08-19,Lhokseumawe
CUST04976,Laki-laki,18-25,2026-03-29,Tidore Kepulauan
CUST04977,Perempuan,46+,2026-01-25,Lhokseumawe
CUST04978,Laki-laki,36-45,2024-07-28,Tarakan
CUST04979,Laki-laki,46+,2025-01-25,Kota Administrasi Jakarta Utara
CUST04980,Laki-laki,26-35,2024-10-04,Padang Sidempuan
CUST04981,Perempuan,36-45,2024-12-09,Kota Administrasi Jakarta Timur
CUST04982,Perempuan,26-35,2026-05-04,Cirebon
CUST04983,Laki-laki,46+,2025-02-01,Tanjungpinang
CUST04984,Perempuan,46+,2025-05-24,Bekasi
CUST04985,Laki-laki,18-25,2025-07-02,Sawahlunto
CUST04986,Laki-laki,36-45,2025-03-26,Yogyakarta
CUST04987,Laki-laki,18-25,2025-10-28,Sorong
CUST04988,Perempuan,26-35,2025-12-02,Bandung
CUST04989,Laki-laki,36-45,2026-03-27,Bukittinggi
CUST04990,Laki-laki,26-35,2025-08-08,Tanjungpinang
CUST04991,Perempuan,36-45,2025-05-19,Sukabumi
CUST04992,Perempuan,36-45,2026-03-08,Gorontalo
CUST04993,Laki-laki,26-35,2025-03-09,Bekasi
CUST04994,Perempuan,18-25,2025-07-20,Kota Administrasi Jakarta Selatan
CUST04995,Laki-laki,36-45,2024-12-03,Kota Administrasi Jakarta Selatan
CUST04996,Perempuan,18-25,2024-07-11,Pematangsiantar
CUST04997,Laki-laki,46+,2025-11-10,Parepare
CUST04998,Perempuan,18-25,2024-10-03,Semarang
CUST04999,Laki-laki,36-45,2025-02-22,Salatiga
CUST05000,Perempuan,36-45,2025-04-06,Madiun
CUST05001,Laki-laki,36-45,2025-12-13,Sorong
CUST05002,Laki-laki,26-35,2025-03-22,Cilegon
CUST05003,Laki-laki,36-45,2025-05-10,Magelang
CUST05004,Laki-laki,26-35,2025-03-05,Denpasar
CUST05005,Perempuan,18-25,2026-05-27,Lhokseumawe
CUST05006,Laki-laki,36-45,2024-10-21,Probolinggo
CUST05007,Laki-laki,46+,2024-11-08,Palembang
CUST05008,Laki-laki,46+,2026-03-07,Semarang
CUST05009,Laki-laki,36-45,2025-09-07,Tegal
CUST05010,Laki-laki,18-25,2025-04-23,Kota Administrasi Jakarta Barat
CUST05011,Laki-laki,46+,2024-12-30,Serang
CUST05012,Laki-laki,36-45,2025-03-06,Tangerang
CUST05013,Perempuan,46+,2025-04-24,Banjar
CUST05014,Perempuan,26-35,2026-06-08,Tual
CUST05015,Laki-laki,18-25,2026-06-13,Padangpanjang
CUST05016,Laki-laki,26-35,2025-05-13,Samarinda
CUST05017,Perempuan,18-25,2025-04-24,Cilegon
CUST05018,Perempuan,18-25,2025-07-19,Langsa
CUST05019,Perempuan,46+,2026-05-06,Salatiga
CUST05020,Laki-laki,46+,2026-01-21,Blitar
CUST05021,Perempuan,26-35,2025-11-14,Banjarbaru
CUST05022,Laki-laki,46+,2024-08-26,Yogyakarta
CUST05023,Laki-laki,36-45,2024-10-04,Palu
CUST05024,Perempuan,26-35,2025-04-20,Palu
CUST05025,Perempuan,46+,2024-06-17,Dumai
CUST05026,Laki-laki,26-35,2026-05-03,Langsa
CUST05027,Laki-laki,18-25,2025-02-10,Denpasar
CUST05028,Laki-laki,26-35,2024-12-17,Palangkaraya
CUST05029,Perempuan,18-25,2024-08-26,Bukittinggi
CUST05030,Laki-laki,26-35,2025-11-30,Ambon
CUST05031,Laki-laki,18-25,2025-06-22,Malang
CUST05032,Laki-laki,26-35,2024-09-02,Purwokerto
CUST05033,Perempuan,26-35,2025-12-02,Tanjungpinang
CUST05034,Perempuan,18-25,2024-11-29,Surakarta
CUST05035,Perempuan,36-45,2025-04-05,Tarakan
CUST05036,Laki-laki,36-45,2024-12-22,Meulaboh
CUST05037,Laki-laki,46+,2024-09-24,Tual
CUST05038,Perempuan,18-25,2026-06-13,Padang
CUST05039,Laki-laki,18-25,2026-02-07,Kotamobagu
CUST05040,Perempuan,26-35,2026-03-15,Serang
CUST05041,Perempuan,36-45,2025-04-18,Malang
CUST05042,Laki-laki,46+,2025-07-01,Jayapura
CUST05043,Perempuan,36-45,2026-05-05,Yogyakarta
CUST05044,Perempuan,26-35,2024-12-16,Mataram
CUST05045,Perempuan,36-45,2025-03-07,Singkawang
CUST05046,Laki-laki,18-25,2025-09-25,Batu
CUST05047,Perempuan,46+,2025-10-31,Bogor
CUST05048,Perempuan,36-45,2025-07-10,Banjar
CUST05049,Laki-laki,26-35,2024-11-28,Palangkaraya
CUST05050,Laki-laki,26-35,2024-08-28,Meulaboh
CUST05051,Perempuan,26-35,2025-11-07,Pagaralam
CUST05052,Laki-laki,36-45,2024-10-12,Lhokseumawe
CUST05053,Laki-laki,18-25,2025-04-13,Bandung
CUST05054,Laki-laki,46+,2025-01-05,Cirebon
CUST05055,Perempuan,18-25,2024-10-22,Tangerang Selatan
CUST05056,Laki-laki,46+,2025-07-23,Pangkalpinang
CUST05057,Laki-laki,36-45,2026-03-05,Malang
CUST05058,Perempuan,46+,2025-12-01,Sungai Penuh
CUST05059,Perempuan,18-25,2026-04-17,Balikpapan
CUST05060,Laki-laki,36-45,2024-10-19,Blitar
CUST05061,Perempuan,46+,2025-09-06,Tangerang Selatan
CUST05062,Laki-laki,46+,2025-06-05,Pasuruan
CUST05063,Perempuan,46+,2025-11-06,Pagaralam
CUST05064,Laki-laki,26-35,2026-02-06,Langsa
CUST05065,Laki-laki,46+,2025-05-13,Ternate
CUST05066,Laki-laki,46+,2025-10-22,Sibolga
CUST05067,Laki-laki,36-45,2026-03-05,Pekalongan
CUST05068,Laki-laki,36-45,2025-04-02,Tasikmalaya
CUST05069,Laki-laki,36-45,2025-03-04,Binjai
CUST05070,Perempuan,26-35,2026-02-17,Pagaralam
CUST05071,Laki-laki,36-45,2025-08-03,Tangerang
CUST05072,Perempuan,46+,2024-08-18,Ambon
CUST05073,Laki-laki,18-25,2025-03-05,Dumai
CUST05074,Perempuan,36-45,2025-07-21,Palangkaraya
CUST05075,Perempuan,46+,2024-07-24,Kotamobagu
CUST05076,Perempuan,26-35,2024-07-17,Pasuruan
CUST05077,Perempuan,46+,2025-06-09,Banjarbaru
CUST05078,Laki-laki,26-35,2026-05-08,Kota Administrasi Jakarta Pusat
CUST05079,Laki-laki,36-45,2025-05-13,Tangerang
CUST05080,Perempuan,18-25,2025-02-02,Probolinggo
CUST05081,Laki-laki,36-45,2025-01-10,Kupang
CUST05082,Perempuan,46+,2025-03-21,Banda Aceh
CUST05083,Laki-laki,36-45,2025-05-30,Langsa
CUST05084,Perempuan,36-45,2025-10-23,Serang
CUST05085,Perempuan,18-25,2024-09-11,Tegal
CUST05086,Laki-laki,36-45,2024-07-15,Kota Administrasi Jakarta Barat
CUST05087,Perempuan,36-45,2024-10-31,Prabumulih
CUST05088,Laki-laki,46+,2024-08-29,Tegal
CUST05089,Perempuan,18-25,2024-10-07,Palangkaraya
CUST05090,Perempuan,18-25,2026-05-11,Malang
CUST05091,Perempuan,18-25,2025-06-07,Tegal
CUST05092,Perempuan,46+,2026-03-16,Banjar
CUST05093,Laki-laki,46+,2024-08-15,Medan
CUST05094,Laki-laki,18-25,2024-07-16,Sibolga
CUST05095,Perempuan,36-45,2025-12-31,Metro
CUST05096,Laki-laki,46+,2025-07-20,Makassar
CUST05097,Laki-laki,36-45,2026-06-07,Pagaralam
CUST05098,Perempuan,36-45,2025-04-24,Denpasar
CUST05099,Perempuan,26-35,2026-01-18,Tebingtinggi
CUST05100,Laki-laki,26-35,2025-11-06,Palangkaraya
CUST05101,Laki-laki,18-25,2024-09-15,Samarinda
CUST05102,Laki-laki,18-25,2025-01-05,Singkawang
CUST05103,Laki-laki,26-35,2025-07-21,Tanjungbalai
CUST05104,Perempuan,36-45,2026-02-27,Medan
CUST05105,Laki-laki,26-35,2025-09-05,Jambi
CUST05106,Laki-laki,36-45,2026-01-28,Kota Administrasi Jakarta Utara
CUST05107,Perempuan,18-25,2026-01-18,Kota Administrasi Jakarta Utara
CUST05108,Perempuan,18-25,2025-07-11,Sibolga
CUST05109,Laki-laki,36-45,2025-04-22,Tangerang
CUST05110,Laki-laki,18-25,2025-01-24,Ambon
CUST05111,Perempuan,18-25,2025-04-29,Banda Aceh
CUST05112,Laki-laki,26-35,2026-02-14,Surabaya
CUST05113,Laki-laki,36-45,2024-09-25,Kota Administrasi Jakarta Timur
CUST05114,Perempuan,46+,2025-06-11,Bengkulu
CUST05115,Laki-laki,46+,2024-12-05,Banda Aceh
CUST05116,Perempuan,26-35,2025-12-19,Jayapura
CUST05117,Laki-laki,36-45,2024-08-05,Tegal
CUST05118,Perempuan,36-45,2025-12-22,Semarang
CUST05119,Perempuan,36-45,2025-05-09,Probolinggo
CUST05120,Perempuan,36-45,2025-04-15,Sabang
CUST05121,Laki-laki,26-35,2024-06-26,Makassar
CUST05122,Perempuan,18-25,2025-02-20,Palembang
CUST05123,Perempuan,26-35,2024-10-12,Tidore Kepulauan
CUST05124,Laki-laki,18-25,2025-07-09,Prabumulih
CUST05125,Laki-laki,36-45,2025-12-10,Tangerang
CUST05126,Perempuan,26-35,2025-04-15,Padang
CUST05127,Perempuan,18-25,2024-07-12,Sorong
CUST05128,Laki-laki,46+,2025-06-29,Bau-Bau
CUST05129,Laki-laki,18-25,2024-11-25,Langsa
CUST05130,Laki-laki,46+,2025-01-29,Palopo
CUST05131,Laki-laki,18-25,2025-11-22,Bandar Lampung
CUST05132,Perempuan,46+,2024-10-16,Solok
CUST05133,Perempuan,36-45,2025-03-17,Padangpanjang
CUST05134,Laki-laki,36-45,2026-02-01,Tomohon
CUST05135,Laki-laki,36-45,2025-01-23,Kendari
CUST05136,Laki-laki,36-45,2025-04-04,Metro
CUST05137,Laki-laki,46+,2025-10-01,Bengkulu
CUST05138,Perempuan,18-25,2025-04-20,Jambi
CUST05139,Laki-laki,46+,2024-09-10,Cirebon
CUST05140,Perempuan,36-45,2026-04-19,Yogyakarta
CUST05141,Laki-laki,36-45,2026-02-10,Purwokerto
CUST05142,Laki-laki,36-45,2025-04-30,Tomohon
CUST05143,Perempuan,26-35,2024-12-03,Serang
CUST05144,Perempuan,46+,2025-01-19,Yogyakarta
CUST05145,Laki-laki,26-35,2025-03-26,Surakarta
CUST05146,Laki-laki,46+,2026-05-05,Pekalongan
CUST05147,Laki-laki,36-45,2025-08-07,Jayapura
CUST05148,Perempuan,36-45,2026-04-15,Payakumbuh
CUST05149,Perempuan,18-25,2026-01-25,Kotamobagu
CUST05150,Laki-laki,46+,2026-03-20,Cilegon
CUST05151,Perempuan,26-35,2026-06-04,Padang
CUST05152,Perempuan,26-35,2025-01-27,Prabumulih
CUST05153,Laki-laki,46+,2026-03-23,Tual
CUST05154,Laki-laki,26-35,2025-06-12,Tangerang Selatan
CUST05155,Laki-laki,46+,2026-05-22,Meulaboh
CUST05156,Perempuan,46+,2025-09-10,Padangpanjang
CUST05157,Laki-laki,26-35,2025-05-01,Subulussalam
CUST05158,Laki-laki,46+,2024-07-09,Bogor
CUST05159,Laki-laki,26-35,2025-10-03,Serang
CUST05160,Laki-laki,26-35,2025-09-03,Banda Aceh
CUST05161,Perempuan,46+,2025-02-24,Cimahi
CUST05162,Perempuan,26-35,2025-09-02,Tangerang Selatan
CUST05163,Perempuan,26-35,2024-08-26,Banda Aceh
CUST05164,Perempuan,18-25,2026-01-15,Purwokerto
CUST05165,Perempuan,36-45,2025-07-19,Cilegon
CUST05166,Laki-laki,18-25,2025-06-07,Tebingtinggi
CUST05167,Laki-laki,36-45,2026-04-27,Cirebon
CUST05168,Perempuan,46+,2025-06-18,Madiun
CUST05169,Perempuan,46+,2024-09-28,Batam
CUST05170,Perempuan,46+,2026-05-12,Gorontalo
CUST05171,Laki-laki,26-35,2025-09-08,Palu
CUST05172,Laki-laki,26-35,2024-12-24,Kendari
CUST05173,Laki-laki,36-45,2026-02-25,Pangkalpinang
CUST05174,Perempuan,46+,2025-07-10,Sibolga
CUST05175,Perempuan,46+,2026-03-29,Cilegon
CUST05176,Laki-laki,36-45,2024-12-24,Tebingtinggi
CUST05177,Laki-laki,26-35,2024-08-10,Tidore Kepulauan
CUST05178,Perempuan,46+,2024-07-12,Pematangsiantar
CUST05179,Perempuan,18-25,2025-06-17,Batu
CUST05180,Perempuan,36-45,2026-02-15,Kota Administrasi Jakarta Selatan
CUST05181,Perempuan,46+,2026-05-04,Tasikmalaya
CUST05182,Perempuan,26-35,2026-02-10,Palembang
CUST05183,Laki-laki,18-25,2025-06-25,Kupang
CUST05184,Laki-laki,46+,2026-03-09,Tebingtinggi
CUST05185,Perempuan,36-45,2026-02-04,Mataram
CUST05186,Laki-laki,36-45,2025-04-23,Pagaralam
CUST05187,Perempuan,26-35,2026-02-18,Bima
CUST05188,Laki-laki,36-45,2024-10-08,Tual
CUST05189,Perempuan,46+,2026-03-19,Tebingtinggi
CUST05190,Perempuan,26-35,2024-10-26,Padang Sidempuan
CUST05191,Laki-laki,36-45,2025-11-08,Bontang
CUST05192,Perempuan,18-25,2026-05-27,Pariaman
CUST05193,Laki-laki,36-45,2024-11-27,Bengkulu
CUST05194,Laki-laki,18-25,2025-02-28,Palu
CUST05195,Laki-laki,26-35,2026-05-16,Tomohon
CUST05196,Laki-laki,18-25,2024-12-24,Makassar
CUST05197,Laki-laki,18-25,2025-02-01,Magelang
CUST05198,Perempuan,18-25,2026-02-18,Tanjungpinang
CUST05199,Perempuan,26-35,2025-01-03,Serang
CUST05200,Perempuan,46+,2024-07-14,Bontang
CUST05201,Perempuan,26-35,2025-07-27,Bandar Lampung
CUST05202,Perempuan,36-45,2024-12-05,Salatiga
CUST05203,Laki-laki,18-25,2025-03-25,Lhokseumawe
CUST05204,Perempuan,46+,2025-12-25,Salatiga
CUST05205,Perempuan,36-45,2025-10-22,Parepare
CUST05206,Laki-laki,26-35,2025-12-22,Tangerang
CUST05207,Perempuan,18-25,2025-02-01,Tidore Kepulauan
CUST05208,Perempuan,18-25,2026-03-04,Bontang
CUST05209,Laki-laki,18-25,2025-10-01,Meulaboh
CUST05210,Perempuan,26-35,2025-01-02,Bandar Lampung
CUST05211,Perempuan,36-45,2026-04-08,Sawahlunto
CUST05212,Perempuan,18-25,2025-02-07,Sawahlunto
CUST05213,Perempuan,18-25,2024-06-26,Mataram
CUST05214,Perempuan,18-25,2025-12-29,Pariaman
CUST05215,Perempuan,26-35,2025-10-10,Malang
CUST05216,Laki-laki,18-25,2025-10-30,Semarang
CUST05217,Laki-laki,26-35,2026-04-10,Pematangsiantar
CUST05218,Perempuan,26-35,2025-04-03,Pasuruan
CUST05219,Laki-laki,36-45,2025-11-02,Pontianak
CUST05220,Perempuan,26-35,2025-06-26,Pariaman
CUST05221,Perempuan,26-35,2026-05-14,Balikpapan
CUST05222,Perempuan,36-45,2025-11-18,Makassar
CUST05223,Laki-laki,26-35,2024-12-08,Gorontalo
CUST05224,Laki-laki,26-35,2024-12-08,Kota Administrasi Jakarta Utara
CUST05225,Laki-laki,46+,2025-10-02,Sungai Penuh
CUST05226,Laki-laki,46+,2024-11-16,Payakumbuh
CUST05227,Laki-laki,26-35,2025-06-08,Tidore Kepulauan
CUST05228,Laki-laki,46+,2026-04-04,Ternate
CUST05229,Perempuan,46+,2024-11-21,Surakarta
CUST05230,Laki-laki,36-45,2024-07-12,Sorong
CUST05231,Perempuan,26-35,2024-09-01,Pekalongan
CUST05232,Perempuan,26-35,2024-08-08,Purwokerto
CUST05233,Perempuan,46+,2025-08-06,Banjarmasin
CUST05234,Perempuan,46+,2025-05-29,Kota Administrasi Jakarta Barat
CUST05235,Perempuan,46+,2025-01-01,Tanjungbalai
CUST05236,Perempuan,18-25,2026-06-14,Kediri
CUST05237,Laki-laki,18-25,2025-12-04,Cirebon
CUST05238,Perempuan,46+,2024-07-18,Purwokerto
CUST05239,Perempuan,36-45,2025-01-18,Tidore Kepulauan
CUST05240,Laki-laki,46+,2024-11-11,Blitar
CUST05241,Laki-laki,26-35,2025-07-27,Banjarmasin
CUST05242,Perempuan,36-45,2024-11-25,Kota Administrasi Jakarta Barat
CUST05243,Laki-laki,36-45,2025-09-14,Pangkalpinang
CUST05244,Perempuan,26-35,2024-09-01,Lubuklinggau
CUST05245,Perempuan,46+,2026-02-20,Dumai
CUST05246,Perempuan,26-35,2025-06-23,Palembang
CUST05247,Laki-laki,36-45,2024-08-20,Dumai
CUST05248,Perempuan,26-35,2024-09-02,Serang
CUST05249,Perempuan,18-25,2025-06-30,Salatiga
CUST05250,Perempuan,36-45,2024-06-24,Binjai
CUST05251,Perempuan,46+,2025-12-28,Sukabumi
CUST05252,Perempuan,46+,2024-11-15,Ambon
CUST05253,Perempuan,46+,2024-12-29,Serang
CUST05254,Perempuan,18-25,2025-01-13,Sorong
CUST05255,Perempuan,46+,2024-11-01,Pekalongan
CUST05256,Laki-laki,36-45,2025-06-27,Sukabumi
CUST05257,Laki-laki,36-45,2025-02-04,Prabumulih
CUST05258,Perempuan,46+,2024-12-27,Kota Administrasi Jakarta Utara
CUST05259,Laki-laki,26-35,2025-11-25,Sorong
CUST05260,Laki-laki,18-25,2025-05-24,Tomohon
CUST05261,Perempuan,26-35,2024-11-05,Ambon
CUST05262,Laki-laki,18-25,2025-02-19,Payakumbuh
CUST05263,Perempuan,18-25,2024-10-21,Batam
CUST05264,Perempuan,36-45,2026-01-28,Tangerang
CUST05265,Laki-laki,18-25,2025-02-08,Palembang
CUST05266,Laki-laki,36-45,2025-03-09,Depok
CUST05267,Laki-laki,26-35,2026-02-11,Tual
CUST05268,Perempuan,26-35,2024-12-14,Lhokseumawe
CUST05269,Perempuan,26-35,2025-07-11,Lubuklinggau
CUST05270,Perempuan,36-45,2026-02-02,Bima
CUST05271,Perempuan,26-35,2025-11-30,Singkawang
CUST05272,Laki-laki,18-25,2024-11-27,Madiun
CUST05273,Laki-laki,18-25,2024-10-16,Yogyakarta
CUST05274,Laki-laki,46+,2025-04-20,Cilegon
CUST05275,Perempuan,18-25,2025-10-03,Madiun
CUST05276,Laki-laki,36-45,2025-07-23,Sungai Penuh
CUST05277,Perempuan,18-25,2025-09-22,Tebingtinggi
CUST05278,Laki-laki,26-35,2025-01-12,Kota Administrasi Jakarta Selatan
CUST05279,Laki-laki,36-45,2025-06-18,Medan
CUST05280,Laki-laki,46+,2024-10-07,Magelang
CUST05281,Perempuan,26-35,2026-01-02,Tidore Kepulauan
CUST05282,Perempuan,18-25,2025-02-16,Lhokseumawe
CUST05283,Laki-laki,18-25,2025-05-13,Tual
CUST05284,Perempuan,18-25,2025-05-06,Tual
CUST05285,Laki-laki,26-35,2026-06-17,Banjarmasin
CUST05286,Laki-laki,46+,2025-04-30,Sukabumi
CUST05287,Laki-laki,36-45,2026-03-04,Palu
CUST05288,Perempuan,46+,2026-02-02,Banda Aceh
CUST05289,Laki-laki,36-45,2026-03-14,Gorontalo
CUST05290,Perempuan,46+,2025-11-13,Kupang
CUST05291,Laki-laki,18-25,2026-03-25,Bandar Lampung
CUST05292,Perempuan,46+,2025-02-21,Metro
CUST05293,Perempuan,36-45,2025-02-24,Jambi
CUST05294,Perempuan,18-25,2025-10-09,Kota Administrasi Jakarta Utara
CUST05295,Laki-laki,46+,2024-09-07,Kota Administrasi Jakarta Barat
CUST05296,Perempuan,46+,2024-10-19,Tebingtinggi
CUST05297,Perempuan,26-35,2025-06-24,Banjar
CUST05298,Perempuan,18-25,2026-02-13,Tanjungbalai
CUST05299,Perempuan,46+,2026-05-23,Kota Administrasi Jakarta Barat
CUST05300,Perempuan,18-25,2025-01-20,Banjarmasin
CUST05301,Perempuan,26-35,2024-09-03,Subulussalam
CUST05302,Laki-laki,46+,2025-03-10,Prabumulih
CUST05303,Laki-laki,46+,2025-03-30,Kotamobagu
CUST05304,Perempuan,46+,2024-09-11,Bogor
CUST05305,Laki-laki,36-45,2026-05-02,Madiun
CUST05306,Perempuan,26-35,2026-02-09,Bukittinggi
CUST05307,Laki-laki,18-25,2026-04-26,Semarang
CUST05308,Laki-laki,26-35,2025-02-04,Sabang
CUST05309,Perempuan,26-35,2024-08-24,Kota Administrasi Jakarta Barat
CUST05310,Laki-laki,26-35,2025-02-26,Sabang
CUST05311,Perempuan,46+,2025-08-03,Tanjungbalai
CUST05312,Laki-laki,18-25,2024-07-03,Yogyakarta
CUST05313,Perempuan,36-45,2026-02-05,Tanjungpinang
CUST05314,Perempuan,36-45,2025-12-21,Mataram
CUST05315,Perempuan,26-35,2026-05-21,Tidore Kepulauan
CUST05316,Laki-laki,36-45,2026-05-05,Denpasar
CUST05317,Perempuan,18-25,2025-02-21,Kediri
CUST05318,Perempuan,26-35,2025-06-09,Magelang
CUST05319,Perempuan,46+,2024-11-18,Kota Administrasi Jakarta Pusat
CUST05320,Perempuan,26-35,2025-09-28,Bogor
CUST05321,Perempuan,46+,2024-09-17,Pagaralam
CUST05322,Perempuan,18-25,2025-04-20,Banjarbaru
CUST05323,Laki-laki,46+,2026-03-24,Pekanbaru
CUST05324,Laki-laki,46+,2025-04-03,Salatiga
CUST05325,Laki-laki,18-25,2025-05-22,Pekalongan
CUST05326,Laki-laki,18-25,2026-04-26,Prabumulih
CUST05327,Laki-laki,26-35,2025-07-04,Samarinda
CUST05328,Perempuan,18-25,2025-03-03,Ternate
CUST05329,Laki-laki,46+,2024-08-14,Sabang
CUST05330,Perempuan,26-35,2026-02-13,Prabumulih
CUST05331,Perempuan,26-35,2024-10-17,Samarinda
CUST05332,Perempuan,46+,2026-06-03,Singkawang
CUST05333,Laki-laki,36-45,2025-11-04,Tomohon
CUST05334,Laki-laki,46+,2024-08-12,Kota Administrasi Jakarta Utara
CUST05335,Perempuan,36-45,2025-06-13,Ternate
CUST05336,Perempuan,36-45,2024-10-13,Batu
CUST05337,Laki-laki,26-35,2024-11-05,Palu
CUST05338,Perempuan,26-35,2025-07-31,Banda Aceh
CUST05339,Perempuan,36-45,2025-04-24,Ambon
CUST05340,Perempuan,46+,2025-10-14,Banda Aceh
CUST05341,Laki-laki,36-45,2024-06-23,Madiun
CUST05342,Laki-laki,26-35,2025-05-14,Kota Administrasi Jakarta Selatan
CUST05343,Perempuan,18-25,2026-04-12,Sawahlunto
CUST05344,Perempuan,46+,2025-11-22,Prabumulih
CUST05345,Laki-laki,26-35,2025-06-07,Yogyakarta
CUST05346,Perempuan,18-25,2026-03-17,Tasikmalaya
CUST05347,Laki-laki,36-45,2026-04-21,Depok
CUST05348,Laki-laki,26-35,2026-02-07,Gorontalo
CUST05349,Laki-laki,46+,2025-02-11,Bengkulu
CUST05350,Perempuan,18-25,2024-07-07,Blitar
CUST05351,Laki-laki,46+,2025-08-10,Batam
CUST05352,Laki-laki,18-25,2025-02-26,Kediri
CUST05353,Perempuan,26-35,2025-11-10,Dumai
CUST05354,Perempuan,18-25,2025-02-07,Pagaralam
CUST05355,Laki-laki,36-45,2025-01-13,Jambi
CUST05356,Perempuan,46+,2026-02-06,Bandar Lampung
CUST05357,Perempuan,36-45,2024-10-01,Bitung
CUST05358,Perempuan,36-45,2026-03-26,Bandar Lampung
CUST05359,Laki-laki,18-25,2025-05-27,Metro
CUST05360,Laki-laki,18-25,2024-07-25,Palembang
CUST05361,Laki-laki,36-45,2025-04-23,Gorontalo
CUST05362,Laki-laki,36-45,2026-02-05,Semarang
CUST05363,Laki-laki,26-35,2026-03-11,Bekasi
CUST05364,Perempuan,36-45,2024-10-31,Cilegon
CUST05365,Perempuan,46+,2026-01-25,Bitung
CUST05366,Laki-laki,26-35,2026-06-17,Ternate
CUST05367,Laki-laki,26-35,2025-09-29,Tidore Kepulauan
CUST05368,Laki-laki,18-25,2025-02-18,Depok
CUST05369,Laki-laki,26-35,2024-11-27,Pekalongan
CUST05370,Laki-laki,46+,2025-03-23,Kota Administrasi Jakarta Pusat
CUST05371,Laki-laki,36-45,2025-07-17,Palu
CUST05372,Laki-laki,18-25,2024-06-29,Metro
CUST05373,Laki-laki,46+,2026-03-03,Padang
CUST05374,Perempuan,46+,2026-04-14,Manado
CUST05375,Perempuan,36-45,2025-03-23,Batam
CUST05376,Laki-laki,26-35,2025-05-20,Kediri
CUST05377,Perempuan,46+,2025-12-13,Sungai Penuh
CUST05378,Perempuan,46+,2025-10-29,Parepare
CUST05379,Perempuan,36-45,2024-06-29,Tegal
CUST05380,Perempuan,18-25,2025-11-01,Banjar
CUST05381,Laki-laki,26-35,2024-10-04,Cirebon
CUST05382,Perempuan,26-35,2025-08-29,Blitar
CUST05383,Perempuan,46+,2025-07-24,Bogor
CUST05384,Perempuan,36-45,2025-12-08,Tual
CUST05385,Laki-laki,46+,2024-07-17,Serang
CUST05386,Perempuan,26-35,2026-03-02,Ternate
CUST05387,Laki-laki,36-45,2025-11-12,Medan
CUST05388,Perempuan,36-45,2025-10-09,Cilegon
CUST05389,Perempuan,26-35,2025-05-08,Cirebon
CUST05390,Laki-laki,46+,2026-06-14,Ternate
CUST05391,Perempuan,26-35,2026-03-07,Mataram
CUST05392,Laki-laki,26-35,2026-04-30,Cilegon
CUST05393,Perempuan,36-45,2024-07-10,Gorontalo
CUST05394,Laki-laki,18-25,2025-02-09,Sorong
CUST05395,Perempuan,36-45,2025-04-02,Solok
CUST05396,Laki-laki,36-45,2025-02-21,Bandar Lampung
CUST05397,Perempuan,18-25,2025-03-01,Parepare
CUST05398,Perempuan,18-25,2024-07-13,Padang Sidempuan
CUST05399,Perempuan,46+,2024-07-23,Tual
CUST05400,Perempuan,18-25,2025-09-24,Cilegon
CUST05401,Perempuan,36-45,2024-09-02,Malang
CUST05402,Laki-laki,18-25,2026-05-14,Bekasi
CUST05403,Perempuan,46+,2025-05-09,Binjai
CUST05404,Perempuan,26-35,2025-06-21,Padangpanjang
CUST05405,Perempuan,18-25,2026-04-12,Bogor
CUST05406,Laki-laki,36-45,2026-04-13,Lhokseumawe
CUST05407,Laki-laki,26-35,2025-06-21,Kota Administrasi Jakarta Pusat
CUST05408,Laki-laki,26-35,2024-09-24,Surabaya
CUST05409,Laki-laki,46+,2025-08-10,Singkawang
CUST05410,Laki-laki,18-25,2025-11-18,Pariaman
CUST05411,Perempuan,18-25,2025-07-04,Blitar
CUST05412,Perempuan,18-25,2024-12-04,Bontang
CUST05413,Perempuan,26-35,2024-12-09,Tidore Kepulauan
CUST05414,Laki-laki,36-45,2024-08-29,Kotamobagu
CUST05415,Perempuan,26-35,2026-05-06,Kota Administrasi Jakarta Barat
CUST05416,Perempuan,18-25,2024-12-09,Denpasar
CUST05417,Perempuan,46+,2026-01-05,Magelang
CUST05418,Laki-laki,18-25,2025-12-20,Surakarta
CUST05419,Laki-laki,26-35,2025-09-18,Tual
CUST05420,Perempuan,18-25,2026-05-16,Madiun
CUST05421,Laki-laki,46+,2025-05-10,Surabaya
CUST05422,Laki-laki,36-45,2024-10-07,Tidore Kepulauan
CUST05423,Laki-laki,46+,2026-05-21,Sorong
CUST05424,Laki-laki,18-25,2024-07-24,Denpasar
CUST05425,Perempuan,36-45,2024-06-28,Subulussalam
CUST05426,Perempuan,18-25,2024-07-13,Cilegon
CUST05427,Perempuan,46+,2025-04-21,Balikpapan
CUST05428,Laki-laki,46+,2025-09-04,Pariaman
CUST05429,Laki-laki,18-25,2026-04-14,Depok
CUST05430,Laki-laki,26-35,2025-10-18,Palopo
CUST05431,Laki-laki,26-35,2024-11-30,Solok
CUST05432,Perempuan,18-25,2025-01-07,Bitung
CUST05433,Laki-laki,18-25,2026-01-16,Sungai Penuh
CUST05434,Laki-laki,36-45,2026-02-03,Makassar
CUST05435,Perempuan,18-25,2026-05-11,Kota Administrasi Jakarta Pusat
CUST05436,Laki-laki,36-45,2025-03-08,Yogyakarta
CUST05437,Laki-laki,26-35,2025-08-17,Surabaya
CUST05438,Perempuan,18-25,2024-08-30,Tual
CUST05439,Perempuan,36-45,2025-07-25,Batam
CUST05440,Laki-laki,36-45,2026-02-14,Pagaralam
CUST05441,Laki-laki,36-45,2025-10-28,Probolinggo
CUST05442,Perempuan,26-35,2024-09-23,Kediri
CUST05443,Laki-laki,36-45,2025-06-07,Bitung
CUST05444,Laki-laki,26-35,2025-08-18,Blitar
CUST05445,Perempuan,36-45,2026-04-26,Lhokseumawe
CUST05446,Perempuan,36-45,2025-06-03,Purwokerto
CUST05447,Laki-laki,46+,2026-06-16,Pekalongan
CUST05448,Perempuan,36-45,2024-11-05,Pekanbaru
CUST05449,Perempuan,46+,2024-11-15,Tangerang Selatan
CUST05450,Laki-laki,18-25,2024-12-06,Dumai
CUST05451,Perempuan,26-35,2026-01-07,Pontianak
CUST05452,Laki-laki,46+,2025-09-26,Salatiga
CUST05453,Perempuan,36-45,2026-04-15,Prabumulih
CUST05454,Laki-laki,36-45,2025-03-25,Tanjungbalai
CUST05455,Perempuan,18-25,2025-08-03,Medan
CUST05456,Laki-laki,36-45,2024-10-18,Tangerang Selatan
CUST05457,Laki-laki,46+,2024-10-23,Tomohon
CUST05458,Perempuan,18-25,2025-12-25,Probolinggo
CUST05459,Laki-laki,26-35,2025-10-03,Dumai
CUST05460,Perempuan,26-35,2025-01-19,Padang
CUST05461,Perempuan,36-45,2025-02-02,Pematangsiantar
CUST05462,Perempuan,46+,2025-05-10,Pangkalpinang
CUST05463,Laki-laki,36-45,2025-02-22,Tebingtinggi
CUST05464,Laki-laki,36-45,2026-06-15,Ambon
CUST05465,Laki-laki,26-35,2024-08-14,Tarakan
CUST05466,Perempuan,46+,2025-08-22,Gorontalo
CUST05467,Perempuan,36-45,2026-06-03,Banjarmasin
CUST05468,Laki-laki,26-35,2026-01-24,Bogor
CUST05469,Perempuan,36-45,2024-10-06,Cilegon
CUST05470,Laki-laki,46+,2026-01-31,Mojokerto
CUST05471,Laki-laki,18-25,2026-02-17,Sukabumi
CUST05472,Perempuan,46+,2025-05-08,Semarang
CUST05473,Perempuan,46+,2024-11-14,Malang
CUST05474,Perempuan,26-35,2024-08-10,Kota Administrasi Jakarta Utara
CUST05475,Perempuan,36-45,2024-10-04,Bitung
CUST05476,Perempuan,46+,2026-01-01,Gorontalo
CUST05477,Perempuan,36-45,2025-05-27,Tangerang
CUST05478,Laki-laki,26-35,2025-01-16,Balikpapan
CUST05479,Laki-laki,46+,2025-10-24,Pematangsiantar
CUST05480,Perempuan,36-45,2025-02-13,Yogyakarta
CUST05481,Perempuan,18-25,2025-10-18,Kediri
CUST05482,Laki-laki,26-35,2025-11-11,Langsa
CUST05483,Perempuan,26-35,2026-03-17,Probolinggo
CUST05484,Laki-laki,26-35,2026-01-15,Bukittinggi
CUST05485,Perempuan,18-25,2024-08-10,Kota Administrasi Jakarta Timur
CUST05486,Laki-laki,36-45,2024-07-18,Kota Administrasi Jakarta Pusat
CUST05487,Laki-laki,36-45,2024-09-12,Pagaralam
CUST05488,Perempuan,46+,2025-09-14,Tarakan
CUST05489,Laki-laki,46+,2025-12-06,Tual
CUST05490,Laki-laki,26-35,2025-01-29,Pematangsiantar
CUST05491,Laki-laki,26-35,2024-09-05,Tegal
CUST05492,Perempuan,36-45,2025-09-28,Kendari
CUST05493,Laki-laki,26-35,2026-04-23,Tanjungpinang
CUST05494,Laki-laki,26-35,2025-05-18,Banjarmasin
CUST05495,Perempuan,18-25,2025-10-25,Yogyakarta
CUST05496,Laki-laki,26-35,2025-01-20,Kota Administrasi Jakarta Pusat
CUST05497,Perempuan,18-25,2025-10-27,Padangpanjang
CUST05498,Perempuan,26-35,2025-11-17,Manado
CUST05499,Perempuan,18-25,2024-08-20,Bengkulu
CUST05500,Perempuan,46+,2025-12-22,Kota Administrasi Jakarta Barat
CUST05501,Laki-laki,46+,2025-09-14,Jayapura
CUST05502,Perempuan,46+,2025-09-19,Surakarta
CUST05503,Laki-laki,18-25,2025-01-09,Tarakan
CUST05504,Perempuan,26-35,2025-06-30,Sibolga
CUST05505,Perempuan,26-35,2025-07-25,Banjar
CUST05506,Perempuan,36-45,2025-09-27,Semarang
CUST05507,Perempuan,46+,2026-03-30,Samarinda
CUST05508,Perempuan,18-25,2024-08-29,Tual
CUST05509,Perempuan,46+,2024-12-19,Sawahlunto
CUST05510,Laki-laki,26-35,2025-11-21,Mojokerto
CUST05511,Laki-laki,26-35,2025-12-26,Malang
CUST05512,Perempuan,36-45,2025-11-01,Palu
CUST05513,Perempuan,18-25,2025-09-05,Padang
CUST05514,Perempuan,18-25,2026-03-10,Surakarta
CUST05515,Laki-laki,26-35,2026-05-23,Jambi
CUST05516,Perempuan,26-35,2025-08-31,Bandar Lampung
CUST05517,Laki-laki,26-35,2025-10-19,Bengkulu
CUST05518,Perempuan,46+,2025-01-30,Bandar Lampung
CUST05519,Laki-laki,36-45,2026-01-04,Kota Administrasi Jakarta Pusat
CUST05520,Perempuan,26-35,2025-03-22,Manado
CUST05521,Perempuan,26-35,2024-12-27,Palopo
CUST05522,Perempuan,36-45,2026-02-15,Madiun
CUST05523,Perempuan,46+,2025-06-07,Yogyakarta
CUST05524,Laki-laki,36-45,2026-02-23,Gorontalo
CUST05525,Perempuan,26-35,2025-08-24,Ternate
CUST05526,Laki-laki,46+,2025-04-24,Cirebon
CUST05527,Laki-laki,46+,2026-04-04,Bekasi
CUST05528,Laki-laki,36-45,2025-03-03,Singkawang
CUST05529,Laki-laki,46+,2025-08-09,Lubuklinggau
CUST05530,Laki-laki,26-35,2026-03-22,Bengkulu
CUST05531,Perempuan,26-35,2026-05-28,Subulussalam
CUST05532,Perempuan,46+,2025-04-28,Solok
CUST05533,Laki-laki,46+,2025-07-08,Tomohon
CUST05534,Perempuan,46+,2025-04-10,Kota Administrasi Jakarta Selatan
CUST05535,Laki-laki,36-45,2026-04-12,Malang
CUST05536,Perempuan,36-45,2025-03-05,Mataram
CUST05537,Laki-laki,46+,2026-01-24,Cimahi
CUST05538,Perempuan,46+,2025-02-22,Binjai
CUST05539,Perempuan,36-45,2024-11-11,Pekalongan
CUST05540,Laki-laki,26-35,2025-12-12,Tomohon
CUST05541,Perempuan,46+,2025-08-25,Mojokerto
CUST05542,Laki-laki,26-35,2025-10-10,Dumai
CUST05543,Laki-laki,36-45,2024-08-28,Tasikmalaya
CUST05544,Perempuan,26-35,2025-09-24,Kota Administrasi Jakarta Selatan
CUST05545,Perempuan,46+,2024-10-08,Prabumulih
CUST05546,Laki-laki,46+,2025-03-18,Bogor
CUST05547,Perempuan,18-25,2026-06-02,Bima
CUST05548,Laki-laki,46+,2026-04-04,Singkawang
CUST05549,Perempuan,36-45,2025-09-02,Madiun
CUST05550,Laki-laki,36-45,2024-12-08,Banjar
CUST05551,Perempuan,46+,2024-12-24,Surakarta
CUST05552,Perempuan,36-45,2025-01-15,Payakumbuh
CUST05553,Laki-laki,36-45,2024-12-08,Kota Administrasi Jakarta Barat
CUST05554,Laki-laki,36-45,2026-04-27,Palembang
CUST05555,Perempuan,46+,2025-11-02,Bontang
CUST05556,Laki-laki,46+,2024-06-26,Kota Administrasi Jakarta Barat
CUST05557,Perempuan,36-45,2024-07-03,Palembang
CUST05558,Laki-laki,18-25,2025-05-04,Padang Sidempuan
CUST05559,Perempuan,18-25,2024-11-08,Sorong
CUST05560,Perempuan,26-35,2025-09-06,Tidore Kepulauan
CUST05561,Laki-laki,18-25,2025-01-06,Kota Administrasi Jakarta Selatan
CUST05562,Laki-laki,26-35,2025-05-18,Mataram
CUST05563,Laki-laki,46+,2026-05-17,Lubuklinggau
CUST05564,Perempuan,36-45,2025-08-10,Batu
CUST05565,Perempuan,46+,2025-12-07,Madiun
CUST05566,Laki-laki,46+,2026-04-15,Prabumulih
CUST05567,Laki-laki,18-25,2025-09-09,Bengkulu
CUST05568,Perempuan,36-45,2026-05-30,Prabumulih
CUST05569,Laki-laki,26-35,2025-02-15,Sibolga
CUST05570,Laki-laki,46+,2024-12-10,Tasikmalaya
CUST05571,Laki-laki,36-45,2025-12-14,Pangkalpinang
CUST05572,Perempuan,46+,2025-01-12,Palu
CUST05573,Perempuan,18-25,2025-10-10,Payakumbuh
CUST05574,Laki-laki,36-45,2025-09-19,Batam
CUST05575,Laki-laki,46+,2024-10-28,Sabang
CUST05576,Laki-laki,26-35,2025-05-31,Malang
CUST05577,Perempuan,36-45,2025-06-22,Batam
CUST05578,Laki-laki,18-25,2025-11-28,Batam
CUST05579,Perempuan,46+,2025-12-27,Salatiga
CUST05580,Laki-laki,46+,2024-12-29,Tasikmalaya
CUST05581,Perempuan,26-35,2025-09-24,Palangkaraya
CUST05582,Perempuan,18-25,2025-12-15,Mojokerto
CUST05583,Perempuan,26-35,2024-12-01,Lhokseumawe
CUST05584,Perempuan,36-45,2025-08-09,Magelang
CUST05585,Laki-laki,46+,2024-12-14,Bontang
CUST05586,Laki-laki,18-25,2026-02-02,Ambon
CUST05587,Perempuan,26-35,2025-10-03,Tasikmalaya
CUST05588,Perempuan,36-45,2026-01-24,Semarang
CUST05589,Perempuan,36-45,2024-09-17,Singkawang
CUST05590,Laki-laki,26-35,2024-08-05,Tegal
CUST05591,Laki-laki,18-25,2024-10-20,Kota Administrasi Jakarta Barat
CUST05592,Perempuan,26-35,2025-09-27,Denpasar
CUST05593,Laki-laki,36-45,2024-07-09,Tegal
CUST05594,Perempuan,46+,2024-09-17,Bekasi
CUST05595,Perempuan,46+,2024-08-29,Samarinda
CUST05596,Perempuan,18-25,2025-12-13,Padang Sidempuan
CUST05597,Perempuan,36-45,2025-04-09,Bogor
CUST05598,Perempuan,36-45,2026-04-06,Denpasar
CUST05599,Perempuan,26-35,2024-08-30,Manado
CUST05600,Perempuan,46+,2024-11-01,Kota Administrasi Jakarta Pusat
CUST05601,Laki-laki,26-35,2025-07-10,Denpasar
CUST05602,Perempuan,36-45,2025-01-05,Dumai
CUST05603,Perempuan,18-25,2024-12-10,Sukabumi
CUST05604,Laki-laki,46+,2025-10-21,Makassar
CUST05605,Perempuan,18-25,2025-06-02,Pontianak
CUST05606,Laki-laki,36-45,2025-01-03,Sibolga
CUST05607,Perempuan,36-45,2024-08-03,Tangerang Selatan
CUST05608,Perempuan,46+,2025-04-02,Cimahi
CUST05609,Perempuan,18-25,2024-06-18,Ambon
CUST05610,Laki-laki,26-35,2025-02-25,Lhokseumawe
CUST05611,Perempuan,46+,2024-07-08,Batam
CUST05612,Perempuan,18-25,2024-10-28,Subulussalam
CUST05613,Perempuan,46+,2025-10-12,Denpasar
CUST05614,Laki-laki,46+,2025-08-06,Malang
CUST05615,Laki-laki,46+,2024-08-31,Serang
CUST05616,Laki-laki,18-25,2025-04-03,Palembang
CUST05617,Perempuan,26-35,2025-12-17,Pekalongan
CUST05618,Laki-laki,18-25,2024-10-10,Bandar Lampung
CUST05619,Perempuan,26-35,2025-10-13,Prabumulih
CUST05620,Laki-laki,46+,2026-05-07,Lhokseumawe
CUST05621,Perempuan,36-45,2026-06-13,Bima
CUST05622,Laki-laki,46+,2025-03-15,Semarang
CUST05623,Perempuan,36-45,2025-07-24,Bengkulu
CUST05624,Perempuan,18-25,2025-07-08,Sibolga
CUST05625,Perempuan,46+,2024-10-15,Palu
CUST05626,Laki-laki,46+,2026-06-08,Palopo
CUST05627,Perempuan,46+,2024-09-15,Makassar
CUST05628,Perempuan,46+,2024-12-25,Bontang
CUST05629,Laki-laki,26-35,2024-12-19,Depok
CUST05630,Perempuan,36-45,2026-02-23,Banjar
CUST05631,Laki-laki,36-45,2025-03-22,Pariaman
CUST05632,Perempuan,26-35,2026-03-08,Pematangsiantar
CUST05633,Laki-laki,46+,2024-08-26,Pontianak
CUST05634,Perempuan,46+,2025-08-28,Tomohon
CUST05635,Perempuan,26-35,2025-08-15,Kotamobagu
CUST05636,Laki-laki,26-35,2025-02-20,Palopo
CUST05637,Laki-laki,18-25,2026-01-31,Kupang
CUST05638,Perempuan,18-25,2025-10-16,Padang
CUST05639,Perempuan,26-35,2025-05-20,Bau-Bau
CUST05640,Laki-laki,46+,2025-07-02,Pasuruan
CUST05641,Laki-laki,36-45,2024-09-06,Sabang
CUST05642,Laki-laki,46+,2025-06-28,Lhokseumawe
CUST05643,Laki-laki,26-35,2025-07-08,Yogyakarta
CUST05644,Perempuan,36-45,2025-11-30,Pontianak
CUST05645,Laki-laki,26-35,2026-03-24,Depok
CUST05646,Perempuan,26-35,2024-08-25,Semarang
CUST05647,Perempuan,26-35,2026-01-18,Sukabumi
CUST05648,Perempuan,18-25,2025-02-15,Prabumulih
CUST05649,Laki-laki,26-35,2024-07-08,Langsa
CUST05650,Perempuan,46+,2025-04-11,Manado
CUST05651,Laki-laki,46+,2025-08-08,Tangerang Selatan
CUST05652,Laki-laki,26-35,2026-04-26,Ternate
CUST05653,Perempuan,18-25,2025-07-16,Pekanbaru
CUST05654,Perempuan,26-35,2025-04-01,Jambi
CUST05655,Laki-laki,46+,2024-09-01,Denpasar
CUST05656,Laki-laki,18-25,2026-05-11,Tasikmalaya
CUST05657,Laki-laki,46+,2025-02-20,Tasikmalaya
CUST05658,Perempuan,46+,2024-11-22,Gorontalo
CUST05659,Laki-laki,46+,2025-09-03,Banjar
CUST05660,Perempuan,18-25,2026-06-03,Gorontalo
CUST05661,Laki-laki,46+,2026-05-17,Kupang
CUST05662,Perempuan,18-25,2024-06-20,Surabaya
CUST05663,Perempuan,46+,2026-03-10,Cirebon
CUST05664,Laki-laki,36-45,2025-04-15,Medan
CUST05665,Perempuan,46+,2026-05-30,Banjar
CUST05666,Perempuan,18-25,2024-10-16,Serang
CUST05667,Laki-laki,26-35,2024-12-25,Pagaralam
CUST05668,Perempuan,18-25,2025-11-27,Gorontalo
CUST05669,Laki-laki,36-45,2026-06-17,Padang Sidempuan
CUST05670,Perempuan,36-45,2025-12-05,Padangpanjang
CUST05671,Laki-laki,26-35,2026-03-18,Metro
CUST05672,Perempuan,26-35,2025-01-18,Pasuruan
CUST05673,Perempuan,18-25,2024-12-30,Sorong
CUST05674,Perempuan,18-25,2025-12-06,Banjar
CUST05675,Perempuan,46+,2025-12-09,Blitar
CUST05676,Laki-laki,36-45,2025-11-13,Batu
CUST05677,Perempuan,36-45,2025-10-25,Binjai
CUST05678,Perempuan,36-45,2024-10-18,Batam
CUST05679,Perempuan,36-45,2024-11-06,Cimahi
CUST05680,Perempuan,18-25,2026-01-12,Tangerang Selatan
CUST05681,Laki-laki,26-35,2025-12-24,Kotamobagu
CUST05682,Perempuan,18-25,2025-08-07,Kotamobagu
CUST05683,Laki-laki,36-45,2026-04-12,Bima
CUST05684,Perempuan,36-45,2026-01-29,Mojokerto
CUST05685,Perempuan,26-35,2026-03-18,Bekasi
CUST05686,Perempuan,46+,2025-08-21,Dumai
CUST05687,Perempuan,36-45,2024-09-23,Parepare
CUST05688,Laki-laki,26-35,2025-06-23,Binjai
CUST05689,Laki-laki,36-45,2024-12-11,Meulaboh
CUST05690,Perempuan,36-45,2024-11-07,Tual
CUST05691,Laki-laki,18-25,2025-12-07,Kendari
CUST05692,Laki-laki,36-45,2025-05-21,Palembang
CUST05693,Laki-laki,18-25,2026-01-11,Palembang
CUST05694,Perempuan,36-45,2025-09-23,Surabaya
CUST05695,Perempuan,46+,2026-06-12,Yogyakarta
CUST05696,Laki-laki,36-45,2024-11-27,Banjar
CUST05697,Laki-laki,36-45,2025-09-01,Bukittinggi
CUST05698,Perempuan,46+,2025-03-09,Cirebon
CUST05699,Perempuan,26-35,2025-03-15,Dumai
CUST05700,Perempuan,26-35,2026-05-18,Mojokerto
CUST05701,Perempuan,46+,2025-04-08,Kupang
CUST05702,Laki-laki,18-25,2025-07-14,Jayapura
CUST05703,Perempuan,26-35,2024-11-06,Magelang
CUST05704,Perempuan,26-35,2025-11-10,Bandar Lampung
CUST05705,Laki-laki,26-35,2026-04-24,Batam
CUST05706,Perempuan,18-25,2026-04-03,Sibolga
CUST05707,Laki-laki,36-45,2025-08-01,Sabang
CUST05708,Perempuan,46+,2024-10-20,Purwokerto
CUST05709,Laki-laki,26-35,2025-02-18,Binjai
CUST05710,Laki-laki,36-45,2025-11-30,Padang Sidempuan
CUST05711,Laki-laki,46+,2025-07-24,Solok
CUST05712,Laki-laki,36-45,2025-12-28,Tebingtinggi
CUST05713,Laki-laki,36-45,2026-06-11,Medan
CUST05714,Laki-laki,18-25,2024-07-16,Bima
CUST05715,Perempuan,26-35,2025-11-30,Ambon
CUST05716,Laki-laki,36-45,2025-04-09,Salatiga
CUST05717,Laki-laki,26-35,2024-08-01,Yogyakarta
CUST05718,Laki-laki,46+,2025-08-31,Jayapura
CUST05719,Laki-laki,18-25,2026-01-29,Salatiga
CUST05720,Perempuan,36-45,2025-08-14,Banda Aceh
CUST05721,Laki-laki,26-35,2025-11-02,Samarinda
CUST05722,Laki-laki,26-35,2025-10-30,Kotamobagu
CUST05723,Perempuan,18-25,2025-12-01,Palopo
CUST05724,Laki-laki,26-35,2026-05-25,Tangerang Selatan
CUST05725,Laki-laki,46+,2025-07-03,Malang
CUST05726,Perempuan,18-25,2025-10-24,Pariaman
CUST05727,Laki-laki,36-45,2026-06-01,Palu
CUST05728,Laki-laki,26-35,2025-08-07,Jayapura
CUST05729,Perempuan,18-25,2024-10-07,Subulussalam
CUST05730,Perempuan,18-25,2026-01-05,Meulaboh
CUST05731,Perempuan,26-35,2025-01-02,Medan
CUST05732,Laki-laki,26-35,2026-01-12,Palangkaraya
CUST05733,Perempuan,36-45,2026-03-04,Bontang
CUST05734,Laki-laki,46+,2024-07-20,Padang Sidempuan
CUST05735,Laki-laki,46+,2025-12-21,Padang
CUST05736,Laki-laki,46+,2024-09-22,Gorontalo
CUST05737,Laki-laki,36-45,2025-04-28,Padangpanjang
CUST05738,Perempuan,36-45,2025-06-09,Palembang
CUST05739,Perempuan,26-35,2025-04-14,Mataram
CUST05740,Perempuan,46+,2025-03-06,Surakarta
CUST05741,Perempuan,36-45,2025-04-22,Tebingtinggi
CUST05742,Perempuan,26-35,2025-08-02,Kota Administrasi Jakarta Barat
CUST05743,Perempuan,36-45,2024-12-02,Salatiga
CUST05744,Perempuan,46+,2024-11-15,Pangkalpinang
CUST05745,Laki-laki,26-35,2025-08-16,Medan
CUST05746,Perempuan,18-25,2025-10-30,Jambi
CUST05747,Perempuan,46+,2025-04-18,Parepare
CUST05748,Perempuan,26-35,2024-09-09,Langsa
CUST05749,Laki-laki,18-25,2026-05-20,Banjarbaru
CUST05750,Perempuan,36-45,2024-11-18,Makassar
CUST05751,Laki-laki,46+,2025-08-19,Surabaya
CUST05752,Perempuan,26-35,2025-04-11,Denpasar
CUST05753,Laki-laki,18-25,2025-05-27,Tanjungbalai
CUST05754,Laki-laki,26-35,2024-11-24,Salatiga
CUST05755,Perempuan,36-45,2025-11-17,Kota Administrasi Jakarta Timur
CUST05756,Perempuan,46+,2026-01-17,Sukabumi
CUST05757,Laki-laki,36-45,2025-04-25,Bukittinggi
CUST05758,Laki-laki,26-35,2025-05-02,Pangkalpinang
CUST05759,Perempuan,26-35,2024-12-24,Tual
CUST05760,Laki-laki,46+,2026-06-10,Lubuklinggau
CUST05761,Laki-laki,26-35,2025-10-04,Tangerang
CUST05762,Laki-laki,36-45,2024-08-31,Bau-Bau
CUST05763,Perempuan,46+,2024-07-03,Banjarbaru
CUST05764,Perempuan,26-35,2025-03-01,Lubuklinggau
CUST05765,Perempuan,46+,2026-06-10,Dumai
CUST05766,Perempuan,36-45,2026-01-15,Jambi
CUST05767,Laki-laki,36-45,2025-02-10,Mataram
CUST05768,Perempuan,36-45,2025-10-14,Sawahlunto
CUST05769,Perempuan,46+,2026-05-20,Parepare
CUST05770,Perempuan,46+,2025-03-07,Kupang
CUST05771,Perempuan,46+,2025-02-07,Sabang
CUST05772,Laki-laki,46+,2024-10-19,Cilegon
CUST05773,Laki-laki,46+,2025-05-05,Prabumulih
CUST05774,Perempuan,26-35,2026-05-24,Cilegon
CUST05775,Perempuan,36-45,2025-08-27,Tanjungpinang
CUST05776,Laki-laki,26-35,2025-01-21,Binjai
CUST05777,Laki-laki,36-45,2025-11-14,Palembang
CUST05778,Perempuan,36-45,2024-08-31,Bogor
CUST05779,Laki-laki,36-45,2026-05-01,Parepare
CUST05780,Perempuan,46+,2025-04-07,Cimahi
CUST05781,Perempuan,26-35,2026-02-02,Semarang
CUST05782,Laki-laki,46+,2025-12-03,Palembang
CUST05783,Perempuan,18-25,2025-09-14,Palopo
CUST05784,Laki-laki,26-35,2026-05-12,Pasuruan
CUST05785,Laki-laki,36-45,2025-11-20,Makassar
CUST05786,Perempuan,46+,2024-08-22,Batam
CUST05787,Laki-laki,46+,2024-11-01,Solok
CUST05788,Perempuan,26-35,2025-02-05,Bukittinggi
CUST05789,Perempuan,46+,2024-09-11,Subulussalam
CUST05790,Laki-laki,18-25,2025-02-21,Tasikmalaya
CUST05791,Laki-laki,36-45,2026-02-22,Manado
CUST05792,Perempuan,36-45,2025-09-28,Banda Aceh
CUST05793,Perempuan,36-45,2025-10-13,Cimahi
CUST05794,Laki-laki,46+,2025-03-27,Depok
CUST05795,Laki-laki,18-25,2025-07-20,Pematangsiantar
CUST05796,Perempuan,46+,2026-05-20,Pasuruan
CUST05797,Laki-laki,26-35,2025-02-19,Banjarbaru
CUST05798,Perempuan,26-35,2025-11-03,Tanjungpinang
CUST05799,Laki-laki,46+,2025-02-10,Palopo
CUST05800,Laki-laki,36-45,2025-05-19,Banjar
CUST05801,Perempuan,36-45,2025-01-14,Surabaya
CUST05802,Laki-laki,26-35,2024-08-18,Purwokerto
CUST05803,Laki-laki,36-45,2024-07-11,Solok
CUST05804,Perempuan,46+,2024-06-25,Langsa
CUST05805,Laki-laki,26-35,2025-04-08,Parepare
CUST05806,Perempuan,46+,2025-04-08,Bandung
CUST05807,Laki-laki,46+,2025-12-09,Tanjungpinang
CUST05808,Perempuan,36-45,2025-04-04,Mataram
CUST05809,Laki-laki,36-45,2026-03-02,Padang Sidempuan
CUST05810,Perempuan,18-25,2025-12-18,Blitar
CUST05811,Laki-laki,18-25,2025-03-12,Purwokerto
CUST05812,Perempuan,46+,2024-11-13,Kotamobagu
CUST05813,Perempuan,46+,2025-01-10,Palopo
CUST05814,Laki-laki,18-25,2026-05-31,Surakarta
CUST05815,Perempuan,18-25,2026-05-27,Pekanbaru
CUST05816,Perempuan,18-25,2026-05-13,Banda Aceh
CUST05817,Perempuan,46+,2026-03-08,Tual
CUST05818,Perempuan,36-45,2024-09-08,Batu
CUST05819,Laki-laki,18-25,2024-11-01,Batam
CUST05820,Laki-laki,18-25,2024-10-14,Bekasi
CUST05821,Laki-laki,18-25,2026-04-18,Balikpapan
CUST05822,Perempuan,26-35,2025-12-30,Ternate
CUST05823,Laki-laki,46+,2026-03-05,Solok
CUST05824,Perempuan,46+,2024-08-10,Sawahlunto
CUST05825,Perempuan,26-35,2025-10-16,Sorong
CUST05826,Perempuan,18-25,2026-04-26,Surakarta
CUST05827,Laki-laki,36-45,2024-09-07,Banjarmasin
CUST05828,Perempuan,46+,2025-12-15,Dumai
CUST05829,Laki-laki,46+,2026-05-31,Denpasar
CUST05830,Perempuan,18-25,2024-08-27,Ambon
CUST05831,Perempuan,18-25,2025-05-19,Gorontalo
CUST05832,Laki-laki,26-35,2024-07-25,Meulaboh
CUST05833,Perempuan,46+,2025-02-20,Parepare
CUST05834,Laki-laki,36-45,2026-03-14,Tarakan
CUST05835,Laki-laki,36-45,2025-07-06,Parepare
CUST05836,Perempuan,26-35,2025-01-26,Palembang
CUST05837,Perempuan,26-35,2024-11-07,Bau-Bau
CUST05838,Laki-laki,26-35,2024-10-31,Kota Administrasi Jakarta Selatan
CUST05839,Laki-laki,36-45,2024-10-06,Tanjungpinang
CUST05840,Laki-laki,18-25,2024-09-21,Depok
CUST05841,Laki-laki,18-25,2024-11-09,Tomohon
CUST05842,Laki-laki,36-45,2024-12-10,Mojokerto
CUST05843,Laki-laki,36-45,2025-10-23,Serang
CUST05844,Perempuan,26-35,2025-05-03,Jambi
CUST05845,Laki-laki,26-35,2025-05-14,Malang
CUST05846,Perempuan,26-35,2026-01-09,Pontianak
CUST05847,Perempuan,36-45,2024-06-22,Kotamobagu
CUST05848,Laki-laki,26-35,2026-01-23,Batam
CUST05849,Perempuan,18-25,2024-08-03,Payakumbuh
CUST05850,Laki-laki,46+,2025-03-11,Solok
CUST05851,Laki-laki,46+,2026-01-24,Bau-Bau
CUST05852,Laki-laki,46+,2025-11-22,Balikpapan
CUST05853,Laki-laki,46+,2026-01-16,Lubuklinggau
CUST05854,Laki-laki,46+,2025-09-16,Tanjungpinang
CUST05855,Perempuan,46+,2025-11-28,Salatiga
CUST05856,Laki-laki,26-35,2025-01-06,Palopo
CUST05857,Perempuan,18-25,2025-03-22,Medan
CUST05858,Laki-laki,26-35,2025-07-10,Tual
CUST05859,Laki-laki,26-35,2025-07-01,Probolinggo
CUST05860,Laki-laki,18-25,2026-01-16,Kediri
CUST05861,Perempuan,36-45,2025-09-16,Banjar
CUST05862,Perempuan,46+,2025-12-05,Padang Sidempuan
CUST05863,Laki-laki,26-35,2025-06-13,Madiun
CUST05864,Laki-laki,36-45,2026-06-04,Pangkalpinang
CUST05865,Perempuan,36-45,2026-04-22,Palopo
CUST05866,Laki-laki,46+,2024-10-13,Ternate
CUST05867,Laki-laki,18-25,2026-01-20,Padangpanjang
CUST05868,Perempuan,46+,2024-07-06,Lubuklinggau
CUST05869,Perempuan,18-25,2025-04-09,Padang
CUST05870,Perempuan,36-45,2025-03-28,Palangkaraya
CUST05871,Perempuan,18-25,2026-02-21,Bukittinggi
CUST05872,Perempuan,36-45,2025-09-20,Jambi
CUST05873,Laki-laki,18-25,2024-08-29,Mojokerto
CUST05874,Perempuan,46+,2025-06-18,Kota Administrasi Jakarta Timur
CUST05875,Laki-laki,36-45,2025-03-06,Banda Aceh
CUST05876,Perempuan,18-25,2025-07-08,Cilegon
CUST05877,Laki-laki,26-35,2025-02-07,Kediri
CUST05878,Laki-laki,18-25,2024-11-11,Sibolga
CUST05879,Laki-laki,26-35,2025-12-31,Palangkaraya
CUST05880,Laki-laki,46+,2025-05-20,Pasuruan
CUST05881,Laki-laki,18-25,2025-11-16,Manado
CUST05882,Laki-laki,36-45,2024-09-07,Madiun
CUST05883,Perempuan,46+,2025-12-17,Sibolga
CUST05884,Laki-laki,46+,2025-01-27,Kendari
CUST05885,Laki-laki,26-35,2025-07-24,Jambi
CUST05886,Laki-laki,26-35,2025-05-06,Balikpapan
CUST05887,Perempuan,18-25,2025-02-11,Makassar
CUST05888,Laki-laki,18-25,2025-10-19,Tangerang Selatan
CUST05889,Perempuan,26-35,2025-10-10,Singkawang
CUST05890,Perempuan,46+,2024-09-19,Pontianak
CUST05891,Perempuan,36-45,2025-01-21,Tebingtinggi
CUST05892,Perempuan,18-25,2025-04-02,Medan
CUST05893,Laki-laki,36-45,2025-08-30,Batam
CUST05894,Laki-laki,46+,2024-06-30,Medan
CUST05895,Laki-laki,26-35,2025-05-06,Gorontalo
CUST05896,Perempuan,18-25,2025-02-25,Lubuklinggau
CUST05897,Perempuan,26-35,2025-10-22,Kota Administrasi Jakarta Utara
CUST05898,Laki-laki,18-25,2025-08-22,Samarinda
CUST05899,Laki-laki,36-45,2026-02-23,Tanjungpinang
CUST05900,Laki-laki,18-25,2024-11-14,Madiun
CUST05901,Perempuan,18-25,2026-02-14,Tarakan
CUST05902,Laki-laki,46+,2025-09-20,Kota Administrasi Jakarta Barat
CUST05903,Perempuan,46+,2025-07-01,Banda Aceh
CUST05904,Perempuan,26-35,2025-02-15,Meulaboh
CUST05905,Laki-laki,36-45,2026-01-20,Solok
CUST05906,Perempuan,46+,2025-02-21,Pontianak
CUST05907,Perempuan,26-35,2025-07-03,Sibolga
CUST05908,Perempuan,36-45,2026-05-17,Batam
CUST05909,Laki-laki,46+,2025-06-01,Depok
CUST05910,Perempuan,26-35,2026-02-21,Tasikmalaya
CUST05911,Laki-laki,26-35,2024-10-06,Banjarmasin
CUST05912,Laki-laki,26-35,2025-06-19,Jayapura
CUST05913,Laki-laki,18-25,2025-10-21,Madiun
CUST05914,Laki-laki,46+,2025-03-20,Sabang
CUST05915,Perempuan,18-25,2024-10-08,Lubuklinggau
CUST05916,Laki-laki,26-35,2025-06-28,Sibolga
CUST05917,Perempuan,26-35,2026-05-04,Sukabumi
CUST05918,Perempuan,36-45,2024-11-10,Kupang
CUST05919,Perempuan,36-45,2026-01-07,Ternate
CUST05920,Laki-laki,36-45,2026-05-05,Pontianak
CUST05921,Perempuan,36-45,2026-02-27,Kota Administrasi Jakarta Barat
CUST05922,Laki-laki,18-25,2026-02-21,Pagaralam
CUST05923,Perempuan,18-25,2025-12-13,Langsa
CUST05924,Laki-laki,26-35,2025-01-05,Bontang
CUST05925,Laki-laki,26-35,2025-02-01,Bandar Lampung
CUST05926,Laki-laki,26-35,2025-11-05,Bau-Bau
CUST05927,Laki-laki,46+,2025-03-30,Bontang
CUST05928,Perempuan,18-25,2025-05-29,Sabang
CUST05929,Perempuan,46+,2024-10-16,Tual
CUST05930,Perempuan,26-35,2025-02-15,Kota Administrasi Jakarta Utara
CUST05931,Perempuan,46+,2025-06-06,Dumai
CUST05932,Laki-laki,46+,2025-12-17,Kotamobagu
CUST05933,Perempuan,46+,2024-10-21,Madiun
CUST05934,Laki-laki,36-45,2024-06-30,Banjarbaru
CUST05935,Perempuan,36-45,2026-04-21,Purwokerto
CUST05936,Laki-laki,36-45,2025-06-22,Bontang
CUST05937,Perempuan,46+,2025-02-16,Purwokerto
CUST05938,Perempuan,18-25,2024-07-06,Sukabumi
CUST05939,Perempuan,36-45,2025-02-23,Cirebon
CUST05940,Laki-laki,36-45,2025-02-25,Sukabumi
CUST05941,Perempuan,18-25,2025-01-22,Salatiga
CUST05942,Laki-laki,18-25,2026-01-25,Pekanbaru
CUST05943,Laki-laki,46+,2024-07-30,Payakumbuh
CUST05944,Laki-laki,18-25,2024-08-05,Bogor
CUST05945,Perempuan,26-35,2024-10-12,Pematangsiantar
CUST05946,Perempuan,36-45,2024-10-21,Bekasi
CUST05947,Perempuan,46+,2026-01-24,Manado
CUST05948,Laki-laki,26-35,2025-03-06,Padang Sidempuan
CUST05949,Perempuan,26-35,2025-03-10,Payakumbuh
CUST05950,Laki-laki,26-35,2025-04-24,Pontianak
CUST05951,Laki-laki,26-35,2025-05-06,Tanjungbalai
CUST05952,Perempuan,26-35,2024-10-15,Gorontalo
CUST05953,Laki-laki,36-45,2025-05-31,Binjai
CUST05954,Laki-laki,26-35,2026-01-30,Kediri
CUST05955,Perempuan,26-35,2024-12-19,Sukabumi
CUST05956,Laki-laki,26-35,2025-11-29,Banjarbaru
CUST05957,Laki-laki,26-35,2025-10-29,Pariaman
CUST05958,Perempuan,26-35,2024-07-19,Jayapura
CUST05959,Perempuan,18-25,2026-01-27,Bukittinggi
CUST05960,Perempuan,36-45,2026-04-24,Pekalongan
CUST05961,Perempuan,46+,2025-02-20,Meulaboh
CUST05962,Perempuan,46+,2026-01-25,Banda Aceh
CUST05963,Perempuan,26-35,2025-07-18,Payakumbuh
CUST05964,Perempuan,18-25,2024-07-05,Purwokerto
CUST05965,Laki-laki,36-45,2024-08-08,Dumai
CUST05966,Perempuan,26-35,2025-09-18,Gorontalo
CUST05967,Laki-laki,18-25,2024-12-12,Ambon
CUST05968,Perempuan,26-35,2025-03-15,Sawahlunto
CUST05969,Laki-laki,46+,2026-05-02,Pekanbaru
CUST05970,Laki-laki,26-35,2026-05-15,Mojokerto
CUST05971,Perempuan,26-35,2024-11-29,Prabumulih
CUST05972,Perempuan,46+,2024-06-22,Kota Administrasi Jakarta Timur
CUST05973,Laki-laki,26-35,2025-08-23,Pekanbaru
CUST05974,Perempuan,18-25,2025-04-14,Dumai
CUST05975,Laki-laki,36-45,2026-01-23,Magelang
CUST05976,Laki-laki,46+,2024-11-16,Kota Administrasi Jakarta Selatan
CUST05977,Laki-laki,26-35,2025-04-17,Sungai Penuh
CUST05978,Laki-laki,46+,2025-01-24,Bandar Lampung
CUST05979,Laki-laki,36-45,2025-05-29,Gorontalo
CUST05980,Perempuan,18-25,2024-11-07,Banjar
CUST05981,Laki-laki,36-45,2025-04-13,Tidore Kepulauan
CUST05982,Laki-laki,46+,2026-06-11,Dumai
CUST05983,Laki-laki,46+,2026-01-28,Tanjungbalai
CUST05984,Perempuan,18-25,2025-11-22,Semarang
CUST05985,Perempuan,26-35,2026-03-14,Mataram
CUST05986,Laki-laki,36-45,2025-06-12,Sukabumi
CUST05987,Perempuan,18-25,2025-10-16,Salatiga
CUST05988,Perempuan,36-45,2026-05-09,Jambi
CUST05989,Laki-laki,46+,2025-07-18,Lhokseumawe
CUST05990,Perempuan,26-35,2024-06-26,Denpasar
CUST05991,Perempuan,36-45,2026-04-16,Gorontalo
CUST05992,Laki-laki,18-25,2025-07-10,Tebingtinggi
CUST05993,Laki-laki,36-45,2025-02-26,Mojokerto
CUST05994,Laki-laki,46+,2025-09-27,Pasuruan
CUST05995,Perempuan,46+,2025-06-24,Surakarta
CUST05996,Laki-laki,18-25,2026-04-13,Batu
CUST05997,Perempuan,36-45,2025-10-08,Ambon
CUST05998,Perempuan,36-45,2026-04-10,Solok
CUST05999,Perempuan,36-45,2024-07-25,Kota Administrasi Jakarta Utara
CUST06000,Perempuan,18-25,2026-06-09,Langsa
CUST06001,Laki-laki,18-25,2025-05-28,Tegal
CUST06002,Perempuan,26-35,2025-09-01,Bengkulu
CUST06003,Perempuan,26-35,2024-07-28,Jambi
CUST06004,Perempuan,36-45,2025-10-31,Pagaralam
CUST06005,Laki-laki,46+,2026-01-14,Batu
CUST06006,Perempuan,46+,2025-01-20,Sungai Penuh
CUST06007,Laki-laki,18-25,2024-07-04,Yogyakarta
CUST06008,Laki-laki,18-25,2024-07-14,Langsa
CUST06009,Laki-laki,26-35,2024-10-05,Palu
CUST06010,Perempuan,46+,2026-06-09,Bitung
CUST06011,Perempuan,18-25,2026-06-01,Parepare
CUST06012,Perempuan,46+,2024-10-30,Binjai
CUST06013,Perempuan,18-25,2024-08-22,Palu
CUST06014,Perempuan,46+,2026-04-23,Kota Administrasi Jakarta Timur
CUST06015,Laki-laki,26-35,2024-07-04,Batam
CUST06016,Laki-laki,18-25,2026-01-06,Jambi
CUST06017,Perempuan,18-25,2024-08-06,Tangerang
CUST06018,Perempuan,46+,2025-04-06,Bandung
CUST06019,Laki-laki,46+,2025-07-08,Pangkalpinang
CUST06020,Perempuan,36-45,2025-05-03,Balikpapan
CUST06021,Perempuan,36-45,2025-09-07,Surabaya
CUST06022,Laki-laki,36-45,2024-08-04,Tarakan
CUST06023,Perempuan,18-25,2025-01-21,Dumai
CUST06024,Perempuan,46+,2026-03-01,Bandar Lampung
CUST06025,Perempuan,26-35,2025-11-20,Depok
CUST06026,Laki-laki,36-45,2024-12-16,Ambon
CUST06027,Perempuan,36-45,2025-11-04,Salatiga
CUST06028,Laki-laki,46+,2026-03-27,Sabang
CUST06029,Laki-laki,36-45,2025-12-14,Kediri
CUST06030,Perempuan,26-35,2025-12-24,Kotamobagu
CUST06031,Perempuan,36-45,2025-03-26,Serang
CUST06032,Laki-laki,18-25,2025-03-29,Parepare
CUST06033,Perempuan,36-45,2025-08-13,Medan
CUST06034,Perempuan,26-35,2025-11-10,Tebingtinggi
CUST06035,Perempuan,26-35,2025-08-18,Madiun
CUST06036,Perempuan,46+,2026-01-09,Padang Sidempuan
CUST06037,Perempuan,36-45,2024-10-30,Medan
CUST06038,Perempuan,36-45,2025-06-15,Yogyakarta
CUST06039,Laki-laki,26-35,2025-01-30,Tangerang
CUST06040,Perempuan,18-25,2026-01-21,Tangerang
CUST06041,Laki-laki,26-35,2025-08-12,Mataram
CUST06042,Perempuan,36-45,2025-05-18,Sibolga
CUST06043,Laki-laki,46+,2024-12-30,Magelang
CUST06044,Laki-laki,26-35,2026-06-05,Sukabumi
CUST06045,Laki-laki,18-25,2025-06-14,Tomohon
CUST06046,Perempuan,36-45,2025-08-09,Banjar
CUST06047,Laki-laki,36-45,2025-03-10,Serang
CUST06048,Perempuan,46+,2025-03-09,Samarinda
CUST06049,Laki-laki,46+,2024-10-03,Tanjungbalai
CUST06050,Laki-laki,36-45,2025-04-20,Padangpanjang
CUST06051,Laki-laki,36-45,2026-05-02,Pekalongan
CUST06052,Laki-laki,46+,2025-08-13,Pematangsiantar
CUST06053,Laki-laki,26-35,2024-09-05,Kota Administrasi Jakarta Pusat
CUST06054,Laki-laki,36-45,2026-06-12,Ternate
CUST06055,Laki-laki,46+,2024-12-10,Pasuruan
CUST06056,Laki-laki,26-35,2024-09-15,Tegal
CUST06057,Laki-laki,26-35,2026-03-28,Purwokerto
CUST06058,Perempuan,26-35,2026-06-14,Pematangsiantar
CUST06059,Laki-laki,18-25,2025-11-09,Jayapura
CUST06060,Perempuan,26-35,2025-09-08,Tidore Kepulauan
CUST06061,Laki-laki,46+,2025-04-29,Jayapura
CUST06062,Perempuan,46+,2025-10-27,Bukittinggi
CUST06063,Laki-laki,46+,2026-03-27,Tasikmalaya
CUST06064,Laki-laki,46+,2024-06-17,Payakumbuh
CUST06065,Perempuan,36-45,2024-10-07,Tanjungbalai
CUST06066,Perempuan,36-45,2025-02-10,Tomohon
CUST06067,Perempuan,36-45,2025-04-28,Gorontalo
CUST06068,Perempuan,26-35,2025-08-11,Depok
CUST06069,Perempuan,36-45,2024-07-05,Bandar Lampung
CUST06070,Laki-laki,26-35,2025-02-01,Gorontalo
CUST06071,Perempuan,26-35,2024-11-08,Batam
CUST06072,Laki-laki,18-25,2024-12-30,Bitung
CUST06073,Perempuan,36-45,2025-05-10,Surabaya
CUST06074,Laki-laki,26-35,2025-04-26,Tanjungpinang
CUST06075,Perempuan,26-35,2025-09-24,Makassar
CUST06076,Perempuan,36-45,2025-04-14,Gorontalo
CUST06077,Laki-laki,46+,2025-02-07,Solok
CUST06078,Perempuan,46+,2025-09-18,Subulussalam
CUST06079,Perempuan,18-25,2025-10-07,Tangerang
CUST06080,Laki-laki,18-25,2025-07-03,Payakumbuh
CUST06081,Perempuan,18-25,2025-02-20,Bandar Lampung
CUST06082,Perempuan,46+,2025-01-01,Meulaboh
CUST06083,Laki-laki,18-25,2026-01-22,Pagaralam
CUST06084,Perempuan,18-25,2025-12-03,Tangerang Selatan
CUST06085,Perempuan,36-45,2025-07-02,Metro
CUST06086,Laki-laki,46+,2024-07-17,Tual
CUST06087,Perempuan,26-35,2026-05-21,Parepare
CUST06088,Perempuan,26-35,2024-12-29,Bau-Bau
CUST06089,Perempuan,36-45,2024-12-24,Palu
CUST06090,Perempuan,36-45,2025-04-08,Kendari
CUST06091,Laki-laki,46+,2025-09-28,Bandung
CUST06092,Laki-laki,36-45,2025-02-22,Purwokerto
CUST06093,Laki-laki,18-25,2026-02-10,Jambi
CUST06094,Perempuan,18-25,2025-10-06,Bengkulu
CUST06095,Laki-laki,18-25,2024-06-24,Semarang
CUST06096,Perempuan,26-35,2026-04-18,Pekalongan
CUST06097,Laki-laki,26-35,2025-05-28,Pekalongan
CUST06098,Laki-laki,26-35,2024-11-04,Kota Administrasi Jakarta Utara
CUST06099,Laki-laki,46+,2025-12-10,Prabumulih
CUST06100,Laki-laki,36-45,2025-11-06,Kota Administrasi Jakarta Pusat
CUST06101,Laki-laki,18-25,2025-09-14,Tanjungpinang
CUST06102,Perempuan,46+,2025-07-23,Cirebon
CUST06103,Perempuan,46+,2026-05-18,Kupang
CUST06104,Perempuan,26-35,2026-04-10,Banjar
CUST06105,Perempuan,26-35,2025-01-28,Pagaralam
CUST06106,Laki-laki,36-45,2024-09-10,Batu
CUST06107,Perempuan,26-35,2024-11-18,Pasuruan
CUST06108,Perempuan,36-45,2024-12-27,Meulaboh
CUST06109,Perempuan,18-25,2026-02-09,Yogyakarta
CUST06110,Laki-laki,36-45,2025-04-05,Langsa
CUST06111,Perempuan,26-35,2024-11-05,Makassar
CUST06112,Laki-laki,36-45,2026-04-20,Kediri
CUST06113,Laki-laki,36-45,2025-12-23,Tanjungpinang
CUST06114,Perempuan,18-25,2026-05-26,Bengkulu
CUST06115,Perempuan,18-25,2024-10-22,Blitar
CUST06116,Laki-laki,18-25,2026-01-13,Palembang
CUST06117,Perempuan,18-25,2025-07-07,Tanjungpinang
CUST06118,Laki-laki,18-25,2025-05-16,Tarakan
CUST06119,Laki-laki,18-25,2025-07-29,Subulussalam
CUST06120,Perempuan,46+,2025-08-13,Padangpanjang
CUST06121,Perempuan,18-25,2025-06-19,Kota Administrasi Jakarta Utara
CUST06122,Perempuan,18-25,2025-05-21,Batam
CUST06123,Laki-laki,26-35,2024-08-06,Kota Administrasi Jakarta Selatan
CUST06124,Perempuan,26-35,2026-04-29,Parepare
CUST06125,Laki-laki,36-45,2025-04-24,Bogor
CUST06126,Laki-laki,26-35,2024-09-18,Cilegon
CUST06127,Perempuan,26-35,2024-08-23,Surakarta
CUST06128,Perempuan,26-35,2024-11-16,Surabaya
CUST06129,Laki-laki,46+,2025-08-15,Sabang
CUST06130,Laki-laki,18-25,2025-01-07,Batam
CUST06131,Laki-laki,36-45,2026-02-20,Sawahlunto
CUST06132,Perempuan,18-25,2025-05-03,Sabang
CUST06133,Perempuan,26-35,2024-07-17,Dumai
CUST06134,Laki-laki,18-25,2024-10-09,Bogor
CUST06135,Perempuan,26-35,2026-01-17,Balikpapan
CUST06136,Laki-laki,36-45,2025-04-01,Pekanbaru
CUST06137,Perempuan,46+,2026-02-19,Binjai
CUST06138,Perempuan,18-25,2025-07-29,Sawahlunto
CUST06139,Laki-laki,36-45,2025-08-03,Langsa
CUST06140,Laki-laki,36-45,2026-05-01,Lubuklinggau
CUST06141,Laki-laki,26-35,2026-06-02,Pariaman
CUST06142,Perempuan,26-35,2026-03-01,Depok
CUST06143,Perempuan,18-25,2025-11-14,Pariaman
CUST06144,Perempuan,18-25,2025-06-23,Bengkulu
CUST06145,Perempuan,18-25,2024-10-28,Purwokerto
CUST06146,Laki-laki,36-45,2025-10-21,Bontang
CUST06147,Perempuan,26-35,2025-11-17,Pekanbaru
CUST06148,Perempuan,36-45,2024-10-07,Pariaman
CUST06149,Laki-laki,46+,2025-07-20,Salatiga
CUST06150,Laki-laki,36-45,2024-10-22,Sorong
CUST06151,Perempuan,46+,2026-01-23,Sorong
CUST06152,Perempuan,46+,2025-03-24,Kota Administrasi Jakarta Selatan
CUST06153,Laki-laki,46+,2025-04-28,Tomohon
CUST06154,Laki-laki,46+,2025-05-18,Madiun
CUST06155,Laki-laki,36-45,2026-02-13,Bandar Lampung
CUST06156,Perempuan,46+,2024-11-13,Mojokerto
CUST06157,Perempuan,46+,2025-06-01,Tidore Kepulauan
CUST06158,Perempuan,18-25,2026-05-22,Pariaman
CUST06159,Laki-laki,26-35,2025-10-07,Sukabumi
CUST06160,Laki-laki,36-45,2026-04-25,Kendari
CUST06161,Laki-laki,36-45,2025-09-25,Payakumbuh
CUST06162,Laki-laki,18-25,2026-02-07,Palangkaraya
CUST06163,Laki-laki,36-45,2025-09-25,Padangpanjang
CUST06164,Perempuan,26-35,2024-08-07,Tarakan
CUST06165,Perempuan,18-25,2026-05-10,Yogyakarta
CUST06166,Perempuan,26-35,2025-10-28,Medan
CUST06167,Perempuan,18-25,2025-01-18,Kota Administrasi Jakarta Utara
CUST06168,Laki-laki,18-25,2025-06-12,Langsa
CUST06169,Perempuan,26-35,2026-03-28,Lhokseumawe
CUST06170,Laki-laki,36-45,2026-04-12,Pekanbaru
CUST06171,Laki-laki,26-35,2025-06-30,Tomohon
CUST06172,Perempuan,26-35,2026-04-24,Parepare
CUST06173,Laki-laki,18-25,2025-03-05,Tanjungbalai
CUST06174,Perempuan,26-35,2025-07-02,Prabumulih
CUST06175,Laki-laki,36-45,2025-07-23,Kota Administrasi Jakarta Pusat
CUST06176,Laki-laki,26-35,2025-10-18,Kota Administrasi Jakarta Timur
CUST06177,Perempuan,26-35,2026-04-27,Serang
CUST06178,Perempuan,26-35,2025-07-20,Lubuklinggau
CUST06179,Perempuan,46+,2026-06-06,Kendari
CUST06180,Laki-laki,26-35,2025-08-30,Malang
CUST06181,Laki-laki,26-35,2025-02-09,Magelang
CUST06182,Perempuan,46+,2025-07-24,Kota Administrasi Jakarta Utara
CUST06183,Perempuan,26-35,2025-01-07,Surakarta
CUST06184,Perempuan,46+,2025-11-10,Yogyakarta
CUST06185,Laki-laki,46+,2025-10-06,Yogyakarta
CUST06186,Perempuan,46+,2025-12-03,Depok
CUST06187,Perempuan,26-35,2025-12-02,Tasikmalaya
CUST06188,Perempuan,36-45,2025-08-12,Gorontalo
CUST06189,Laki-laki,46+,2026-02-26,Sawahlunto
CUST06190,Laki-laki,46+,2025-07-25,Bitung
CUST06191,Laki-laki,26-35,2025-12-31,Subulussalam
CUST06192,Laki-laki,18-25,2024-12-25,Serang
CUST06193,Laki-laki,26-35,2026-02-20,Denpasar
CUST06194,Perempuan,18-25,2026-05-07,Medan
CUST06195,Laki-laki,36-45,2024-12-24,Pariaman
CUST06196,Laki-laki,36-45,2025-12-25,Salatiga
CUST06197,Perempuan,36-45,2025-06-08,Bontang
CUST06198,Perempuan,36-45,2024-12-31,Kota Administrasi Jakarta Pusat
CUST06199,Perempuan,18-25,2024-09-21,Purwokerto
CUST06200,Laki-laki,46+,2025-04-18,Batam
CUST06201,Laki-laki,18-25,2024-11-10,Payakumbuh
CUST06202,Perempuan,26-35,2025-06-05,Pekanbaru
CUST06203,Laki-laki,18-25,2025-08-31,Dumai
CUST06204,Perempuan,46+,2025-01-09,Pagaralam
CUST06205,Laki-laki,18-25,2025-10-17,Serang
CUST06206,Laki-laki,18-25,2024-09-08,Palangkaraya
CUST06207,Perempuan,26-35,2025-04-13,Bitung
CUST06208,Laki-laki,18-25,2024-10-03,Bitung
CUST06209,Laki-laki,46+,2025-03-24,Banjar
CUST06210,Perempuan,46+,2026-04-06,Kota Administrasi Jakarta Utara
CUST06211,Laki-laki,46+,2024-09-08,Blitar
CUST06212,Laki-laki,26-35,2026-02-15,Tidore Kepulauan
CUST06213,Laki-laki,36-45,2025-12-02,Gorontalo
CUST06214,Laki-laki,18-25,2024-07-18,Balikpapan
CUST06215,Laki-laki,36-45,2024-09-11,Solok
CUST06216,Perempuan,26-35,2025-12-27,Kotamobagu
CUST06217,Perempuan,46+,2025-05-16,Kediri
CUST06218,Laki-laki,18-25,2024-12-05,Purwokerto
CUST06219,Perempuan,46+,2025-03-18,Bukittinggi
CUST06220,Laki-laki,36-45,2024-07-04,Tual
CUST06221,Laki-laki,26-35,2024-12-04,Meulaboh
CUST06222,Laki-laki,26-35,2024-11-21,Cilegon
CUST06223,Perempuan,46+,2024-08-26,Pasuruan
CUST06224,Laki-laki,46+,2024-09-21,Kota Administrasi Jakarta Barat
CUST06225,Laki-laki,26-35,2026-04-04,Jayapura
CUST06226,Perempuan,26-35,2024-12-21,Singkawang
CUST06227,Laki-laki,36-45,2024-10-23,Jayapura
CUST06228,Laki-laki,18-25,2025-01-20,Ambon
CUST06229,Laki-laki,46+,2024-12-19,Palangkaraya
CUST06230,Laki-laki,26-35,2025-09-10,Palopo
CUST06231,Perempuan,36-45,2024-11-29,Bengkulu
CUST06232,Laki-laki,26-35,2026-04-06,Padang Sidempuan
CUST06233,Laki-laki,26-35,2025-12-22,Palembang
CUST06234,Laki-laki,46+,2024-10-11,Singkawang
CUST06235,Laki-laki,18-25,2026-01-21,Banda Aceh
CUST06236,Perempuan,18-25,2025-08-11,Gorontalo
CUST06237,Laki-laki,18-25,2026-05-02,Palangkaraya
CUST06238,Laki-laki,18-25,2026-02-20,Madiun
CUST06239,Perempuan,46+,2024-07-03,Pekalongan
CUST06240,Perempuan,46+,2025-10-08,Palembang
CUST06241,Perempuan,26-35,2025-10-01,Medan
CUST06242,Perempuan,36-45,2024-10-07,Serang
CUST06243,Perempuan,46+,2026-03-29,Cimahi
CUST06244,Perempuan,26-35,2026-02-19,Gorontalo
CUST06245,Perempuan,36-45,2024-12-03,Manado
CUST06246,Laki-laki,26-35,2025-04-27,Kota Administrasi Jakarta Barat
CUST06247,Perempuan,26-35,2025-12-24,Kediri
CUST06248,Perempuan,36-45,2025-04-07,Bandar Lampung
CUST06249,Laki-laki,36-45,2025-12-02,Sukabumi
CUST06250,Laki-laki,46+,2025-12-10,Palopo
CUST06251,Perempuan,26-35,2025-12-22,Meulaboh
CUST06252,Laki-laki,46+,2025-09-04,Mataram
CUST06253,Perempuan,26-35,2025-04-08,Pasuruan
CUST06254,Perempuan,26-35,2025-05-21,Pagaralam
CUST06255,Perempuan,26-35,2024-08-25,Kota Administrasi Jakarta Pusat
CUST06256,Perempuan,46+,2025-03-14,Kota Administrasi Jakarta Timur
CUST06257,Perempuan,46+,2025-03-28,Pariaman
CUST06258,Perempuan,46+,2024-10-17,Jayapura
CUST06259,Perempuan,46+,2026-04-11,Bandung
CUST06260,Perempuan,36-45,2025-04-09,Banjarbaru
CUST06261,Perempuan,46+,2026-01-28,Bekasi
CUST06262,Laki-laki,26-35,2025-12-18,Bekasi
CUST06263,Laki-laki,26-35,2025-10-08,Kota Administrasi Jakarta Pusat
CUST06264,Laki-laki,26-35,2024-08-17,Palopo
CUST06265,Perempuan,46+,2024-10-10,Bontang
CUST06266,Perempuan,36-45,2026-04-14,Kota Administrasi Jakarta Utara
CUST06267,Perempuan,26-35,2026-04-24,Kediri
CUST06268,Perempuan,26-35,2025-05-01,Cimahi
CUST06269,Perempuan,18-25,2025-07-26,Kediri
CUST06270,Perempuan,36-45,2026-04-25,Solok
CUST06271,Perempuan,18-25,2024-07-27,Kotamobagu
CUST06272,Laki-laki,26-35,2025-08-16,Pagaralam
CUST06273,Perempuan,26-35,2026-05-13,Kendari
CUST06274,Perempuan,46+,2024-06-30,Sibolga
CUST06275,Laki-laki,46+,2025-12-22,Batam
CUST06276,Laki-laki,26-35,2026-02-07,Kota Administrasi Jakarta Timur
CUST06277,Perempuan,26-35,2026-03-13,Prabumulih
CUST06278,Perempuan,26-35,2024-09-21,Purwokerto
CUST06279,Perempuan,26-35,2026-01-28,Tebingtinggi
CUST06280,Laki-laki,46+,2024-11-02,Prabumulih
CUST06281,Perempuan,46+,2026-06-11,Kota Administrasi Jakarta Barat
CUST06282,Laki-laki,26-35,2026-02-18,Madiun
CUST06283,Perempuan,36-45,2026-04-12,Yogyakarta
CUST06284,Laki-laki,18-25,2025-01-14,Pekalongan
CUST06285,Laki-laki,18-25,2025-07-13,Mojokerto
CUST06286,Laki-laki,18-25,2024-09-29,Banjarbaru
CUST06287,Laki-laki,36-45,2025-06-16,Blitar
CUST06288,Laki-laki,36-45,2024-12-21,Samarinda
CUST06289,Perempuan,26-35,2026-02-15,Pangkalpinang
CUST06290,Laki-laki,26-35,2024-12-24,Cirebon
CUST06291,Perempuan,18-25,2025-12-20,Tasikmalaya
CUST06292,Perempuan,36-45,2024-12-26,Subulussalam
CUST06293,Perempuan,46+,2025-09-30,Batam
CUST06294,Perempuan,26-35,2025-04-06,Ambon
CUST06295,Perempuan,36-45,2025-01-26,Pontianak
CUST06296,Laki-laki,26-35,2026-02-27,Tangerang
CUST06297,Laki-laki,26-35,2026-01-23,Purwokerto
CUST06298,Perempuan,18-25,2025-08-11,Pontianak
CUST06299,Perempuan,26-35,2025-06-14,Sibolga
CUST06300,Perempuan,36-45,2025-09-08,Tomohon
CUST06301,Laki-laki,18-25,2024-12-29,Cimahi
CUST06302,Laki-laki,46+,2025-07-12,Blitar
CUST06303,Laki-laki,18-25,2026-03-04,Gorontalo
CUST06304,Laki-laki,46+,2024-08-13,Langsa
CUST06305,Perempuan,46+,2024-09-14,Metro
CUST06306,Perempuan,26-35,2025-04-05,Medan
CUST06307,Laki-laki,36-45,2024-07-05,Pasuruan
CUST06308,Perempuan,26-35,2024-11-18,Jambi
CUST06309,Perempuan,18-25,2025-05-21,Palopo
CUST06310,Perempuan,36-45,2026-04-20,Sungai Penuh
CUST06311,Perempuan,18-25,2026-02-23,Mojokerto
CUST06312,Perempuan,18-25,2024-12-23,Banda Aceh
CUST06313,Laki-laki,26-35,2026-05-17,Palembang
CUST06314,Perempuan,46+,2024-12-30,Padang
CUST06315,Laki-laki,18-25,2025-06-14,Medan
CUST06316,Laki-laki,36-45,2026-05-03,Pangkalpinang
CUST06317,Perempuan,18-25,2024-09-26,Banjarbaru
CUST06318,Perempuan,46+,2024-12-24,Subulussalam
CUST06319,Laki-laki,46+,2026-06-03,Kupang
CUST06320,Laki-laki,36-45,2025-04-03,Malang
CUST06321,Perempuan,26-35,2025-06-13,Sungai Penuh
CUST06322,Perempuan,18-25,2026-04-25,Batu
CUST06323,Perempuan,36-45,2025-09-24,Manado
CUST06324,Laki-laki,18-25,2026-03-16,Banjar
CUST06325,Laki-laki,36-45,2026-06-12,Batam
CUST06326,Perempuan,46+,2025-03-17,Depok
CUST06327,Perempuan,36-45,2025-02-13,Balikpapan
CUST06328,Laki-laki,36-45,2024-09-03,Tidore Kepulauan
CUST06329,Perempuan,18-25,2025-12-21,Banjarmasin
CUST06330,Perempuan,18-25,2024-07-06,Sorong
CUST06331,Laki-laki,18-25,2025-07-26,Bandar Lampung
CUST06332,Laki-laki,36-45,2025-05-31,Magelang
CUST06333,Perempuan,26-35,2026-02-27,Malang
CUST06334,Perempuan,46+,2025-10-12,Kotamobagu
CUST06335,Perempuan,18-25,2025-03-29,Pematangsiantar
CUST06336,Perempuan,46+,2025-09-14,Palembang
CUST06337,Perempuan,36-45,2026-01-27,Palangkaraya
CUST06338,Perempuan,46+,2026-01-31,Surakarta
CUST06339,Perempuan,26-35,2026-02-12,Bukittinggi
CUST06340,Perempuan,36-45,2026-06-11,Magelang
CUST06341,Laki-laki,46+,2025-11-12,Tegal
CUST06342,Perempuan,36-45,2025-12-30,Bontang
CUST06343,Laki-laki,46+,2024-10-05,Bekasi
CUST06344,Laki-laki,36-45,2025-10-09,Kota Administrasi Jakarta Utara
CUST06345,Laki-laki,18-25,2025-04-19,Banjar
CUST06346,Laki-laki,18-25,2024-07-21,Balikpapan
CUST06347,Laki-laki,18-25,2024-09-28,Padangpanjang
CUST06348,Laki-laki,36-45,2025-09-02,Padangpanjang
CUST06349,Laki-laki,26-35,2026-02-27,Pagaralam
CUST06350,Laki-laki,18-25,2025-08-15,Gorontalo
CUST06351,Laki-laki,18-25,2024-06-17,Cilegon
CUST06352,Laki-laki,36-45,2026-04-15,Kota Administrasi Jakarta Selatan
CUST06353,Laki-laki,26-35,2026-01-02,Batam
CUST06354,Perempuan,36-45,2024-12-04,Cimahi
CUST06355,Laki-laki,18-25,2026-06-05,Binjai
CUST06356,Laki-laki,26-35,2024-08-18,Makassar
CUST06357,Laki-laki,18-25,2025-10-09,Parepare
CUST06358,Laki-laki,18-25,2025-01-03,Sorong
CUST06359,Laki-laki,18-25,2025-11-15,Pontianak
CUST06360,Perempuan,26-35,2024-10-15,Serang
CUST06361,Laki-laki,18-25,2026-02-11,Jayapura
CUST06362,Laki-laki,46+,2026-03-11,Palangkaraya
CUST06363,Perempuan,26-35,2025-06-27,Magelang
CUST06364,Perempuan,26-35,2026-06-17,Payakumbuh
CUST06365,Perempuan,26-35,2025-12-31,Banjarbaru
CUST06366,Perempuan,36-45,2025-09-19,Kota Administrasi Jakarta Pusat
CUST06367,Laki-laki,46+,2024-09-07,Sabang
CUST06368,Laki-laki,18-25,2024-12-07,Kota Administrasi Jakarta Barat
CUST06369,Laki-laki,26-35,2025-06-12,Bengkulu
CUST06370,Laki-laki,36-45,2025-12-10,Padang Sidempuan
CUST06371,Laki-laki,26-35,2026-01-14,Padangpanjang
CUST06372,Laki-laki,18-25,2025-08-31,Langsa
CUST06373,Laki-laki,26-35,2024-08-19,Cilegon
CUST06374,Perempuan,26-35,2025-10-13,Surabaya
CUST06375,Laki-laki,46+,2024-08-07,Banjarmasin
CUST06376,Perempuan,46+,2025-05-21,Palangkaraya
CUST06377,Perempuan,26-35,2024-10-14,Parepare
CUST06378,Perempuan,36-45,2024-07-10,Medan
CUST06379,Perempuan,26-35,2024-09-16,Kendari
CUST06380,Laki-laki,36-45,2025-06-29,Mojokerto
CUST06381,Perempuan,26-35,2025-09-17,Padang
CUST06382,Laki-laki,18-25,2025-05-17,Kotamobagu
CUST06383,Laki-laki,46+,2024-12-22,Makassar
CUST06384,Perempuan,18-25,2024-10-18,Semarang
CUST06385,Perempuan,18-25,2025-04-05,Bengkulu
CUST06386,Perempuan,18-25,2024-08-19,Ternate
CUST06387,Laki-laki,36-45,2024-06-23,Probolinggo
CUST06388,Perempuan,18-25,2025-05-15,Bekasi
CUST06389,Perempuan,36-45,2026-06-12,Banjarbaru
CUST06390,Perempuan,36-45,2024-06-18,Cirebon
CUST06391,Perempuan,36-45,2024-07-12,Kupang
CUST06392,Perempuan,36-45,2026-04-03,Tangerang
CUST06393,Perempuan,36-45,2025-12-01,Surakarta
CUST06394,Laki-laki,26-35,2025-09-04,Banjar
CUST06395,Laki-laki,18-25,2024-10-23,Magelang
CUST06396,Perempuan,46+,2024-09-02,Sawahlunto
CUST06397,Perempuan,46+,2024-08-19,Singkawang
CUST06398,Perempuan,46+,2024-06-17,Cimahi
CUST06399,Perempuan,46+,2026-05-14,Pasuruan
CUST06400,Perempuan,26-35,2024-09-08,Semarang
CUST06401,Laki-laki,46+,2025-01-29,Singkawang
CUST06402,Perempuan,18-25,2025-01-23,Batam
CUST06403,Laki-laki,36-45,2025-06-11,Cilegon
CUST06404,Perempuan,26-35,2025-10-29,Payakumbuh
CUST06405,Perempuan,36-45,2025-10-01,Tanjungbalai
CUST06406,Laki-laki,46+,2025-01-23,Mojokerto
CUST06407,Laki-laki,26-35,2026-04-09,Surakarta
CUST06408,Laki-laki,26-35,2024-10-21,Palopo
CUST06409,Laki-laki,18-25,2025-03-22,Kupang
CUST06410,Perempuan,46+,2025-11-06,Padangpanjang
CUST06411,Laki-laki,36-45,2026-03-05,Lhokseumawe
CUST06412,Perempuan,26-35,2025-11-16,Gorontalo
CUST06413,Laki-laki,46+,2024-12-20,Bukittinggi
CUST06414,Perempuan,26-35,2025-12-15,Bandung
CUST06415,Perempuan,36-45,2024-08-17,Semarang
CUST06416,Laki-laki,26-35,2026-04-27,Bontang
CUST06417,Perempuan,46+,2024-09-08,Blitar
CUST06418,Perempuan,46+,2024-10-10,Kotamobagu
CUST06419,Laki-laki,46+,2026-02-05,Tanjungbalai
CUST06420,Laki-laki,36-45,2025-02-20,Tasikmalaya
CUST06421,Laki-laki,18-25,2025-06-26,Padang Sidempuan
CUST06422,Perempuan,46+,2024-09-20,Tarakan
CUST06423,Perempuan,26-35,2024-11-26,Sungai Penuh
CUST06424,Laki-laki,46+,2024-07-13,Cilegon
CUST06425,Laki-laki,46+,2025-04-16,Malang
CUST06426,Perempuan,18-25,2024-08-07,Bandung
CUST06427,Perempuan,26-35,2026-04-01,Meulaboh
CUST06428,Perempuan,36-45,2024-11-08,Pangkalpinang
CUST06429,Perempuan,18-25,2025-11-10,Tarakan
CUST06430,Laki-laki,36-45,2026-04-17,Palopo
CUST06431,Perempuan,36-45,2024-09-28,Tidore Kepulauan
CUST06432,Laki-laki,36-45,2025-12-18,Surabaya
CUST06433,Perempuan,18-25,2025-02-16,Ambon
CUST06434,Laki-laki,46+,2026-04-23,Kota Administrasi Jakarta Pusat
CUST06435,Perempuan,46+,2025-05-05,Pasuruan
CUST06436,Laki-laki,26-35,2026-04-28,Bontang
CUST06437,Perempuan,26-35,2024-07-19,Kendari
CUST06438,Perempuan,46+,2025-07-20,Kota Administrasi Jakarta Utara
CUST06439,Perempuan,36-45,2026-05-22,Tebingtinggi
CUST06440,Perempuan,26-35,2024-11-04,Bandung
CUST06441,Laki-laki,36-45,2026-02-05,Sorong
CUST06442,Laki-laki,26-35,2025-03-24,Singkawang
CUST06443,Laki-laki,46+,2025-04-02,Ambon
CUST06444,Perempuan,18-25,2024-09-06,Yogyakarta
CUST06445,Perempuan,18-25,2026-03-19,Jambi
CUST06446,Perempuan,26-35,2024-10-09,Tangerang Selatan
CUST06447,Perempuan,18-25,2025-11-10,Pontianak
CUST06448,Perempuan,46+,2025-04-16,Palangkaraya
CUST06449,Perempuan,18-25,2026-02-04,Palu
CUST06450,Perempuan,46+,2025-12-27,Prabumulih
CUST06451,Laki-laki,36-45,2026-01-25,Banjar
CUST06452,Laki-laki,36-45,2025-01-23,Banda Aceh
CUST06453,Laki-laki,46+,2025-04-29,Parepare
CUST06454,Laki-laki,26-35,2026-03-23,Pangkalpinang
CUST06455,Laki-laki,36-45,2026-05-28,Lubuklinggau
CUST06456,Perempuan,46+,2026-03-27,Palopo
CUST06457,Laki-laki,36-45,2025-01-08,Sungai Penuh
CUST06458,Perempuan,46+,2026-04-09,Kediri
CUST06459,Perempuan,26-35,2025-11-18,Mojokerto
CUST06460,Laki-laki,18-25,2025-01-09,Pontianak
CUST06461,Perempuan,18-25,2024-12-12,Jayapura
CUST06462,Laki-laki,36-45,2026-03-17,Kendari
CUST06463,Laki-laki,46+,2025-04-21,Palangkaraya
CUST06464,Perempuan,18-25,2024-07-24,Kota Administrasi Jakarta Utara
CUST06465,Perempuan,36-45,2025-08-06,Banda Aceh
CUST06466,Laki-laki,26-35,2025-07-11,Yogyakarta
CUST06467,Perempuan,18-25,2025-09-26,Payakumbuh
CUST06468,Laki-laki,46+,2025-09-10,Prabumulih
CUST06469,Laki-laki,36-45,2025-11-12,Binjai
CUST06470,Perempuan,26-35,2026-04-12,Meulaboh
CUST06471,Perempuan,46+,2025-08-26,Cirebon
CUST06472,Laki-laki,46+,2025-08-14,Balikpapan
CUST06473,Perempuan,18-25,2025-12-01,Bau-Bau
CUST06474,Perempuan,46+,2025-02-27,Pariaman
CUST06475,Perempuan,26-35,2024-07-03,Blitar
CUST06476,Perempuan,36-45,2026-06-10,Cimahi
CUST06477,Laki-laki,26-35,2025-11-09,Surakarta
CUST06478,Perempuan,18-25,2025-01-02,Cilegon
CUST06479,Laki-laki,18-25,2026-05-21,Gorontalo
CUST06480,Perempuan,46+,2026-01-04,Mataram
CUST06481,Perempuan,26-35,2024-08-31,Lhokseumawe
CUST06482,Perempuan,46+,2025-08-12,Batu
CUST06483,Laki-laki,46+,2024-10-15,Ambon
CUST06484,Perempuan,46+,2024-12-20,Yogyakarta
CUST06485,Laki-laki,36-45,2026-02-24,Cirebon
CUST06486,Laki-laki,36-45,2024-09-13,Makassar
CUST06487,Perempuan,18-25,2024-09-19,Pekanbaru
CUST06488,Laki-laki,26-35,2024-09-19,Surakarta
CUST06489,Perempuan,18-25,2025-10-07,Bau-Bau
CUST06490,Laki-laki,26-35,2025-03-20,Manado
CUST06491,Laki-laki,18-25,2024-11-01,Depok
CUST06492,Laki-laki,26-35,2025-08-14,Tebingtinggi
CUST06493,Laki-laki,36-45,2024-07-01,Batam
CUST06494,Perempuan,36-45,2024-10-21,Makassar
CUST06495,Laki-laki,46+,2024-10-19,Pariaman
CUST06496,Perempuan,18-25,2026-06-05,Bandar Lampung
CUST06497,Perempuan,46+,2025-03-08,Tomohon
CUST06498,Laki-laki,46+,2025-05-18,Pekanbaru
CUST06499,Perempuan,26-35,2026-02-09,Jambi
CUST06500,Laki-laki,26-35,2024-10-25,Solok
CUST06501,Perempuan,26-35,2025-10-25,Semarang
CUST06502,Laki-laki,36-45,2026-01-18,Tidore Kepulauan
CUST06503,Laki-laki,26-35,2024-12-10,Sabang
CUST06504,Laki-laki,18-25,2026-02-05,Meulaboh
CUST06505,Laki-laki,26-35,2025-02-22,Dumai
CUST06506,Perempuan,18-25,2026-05-17,Bandung
CUST06507,Laki-laki,26-35,2025-06-03,Ambon
CUST06508,Laki-laki,26-35,2025-09-03,Banda Aceh
CUST06509,Laki-laki,36-45,2025-11-15,Sungai Penuh
CUST06510,Perempuan,46+,2025-03-07,Tidore Kepulauan
CUST06511,Perempuan,18-25,2026-03-29,Lubuklinggau
CUST06512,Perempuan,46+,2026-04-17,Bau-Bau
CUST06513,Laki-laki,46+,2024-09-29,Serang
CUST06514,Laki-laki,18-25,2025-07-26,Semarang
CUST06515,Laki-laki,18-25,2024-09-30,Payakumbuh
CUST06516,Laki-laki,26-35,2025-08-20,Bitung
CUST06517,Perempuan,18-25,2025-10-15,Subulussalam
CUST06518,Perempuan,18-25,2025-02-18,Lhokseumawe
CUST06519,Perempuan,26-35,2025-08-08,Kupang
CUST06520,Perempuan,26-35,2024-07-17,Banjarmasin
CUST06521,Laki-laki,18-25,2026-06-16,Surakarta
CUST06522,Perempuan,36-45,2024-10-01,Metro
CUST06523,Perempuan,46+,2024-10-13,Makassar
CUST06524,Laki-laki,26-35,2026-04-08,Batu
CUST06525,Perempuan,36-45,2025-08-03,Batu
CUST06526,Laki-laki,36-45,2025-07-09,Ternate
CUST06527,Perempuan,46+,2025-02-04,Banda Aceh
CUST06528,Laki-laki,36-45,2024-07-07,Madiun
CUST06529,Perempuan,18-25,2024-11-07,Bogor
CUST06530,Perempuan,46+,2026-06-10,Mataram
CUST06531,Laki-laki,26-35,2024-09-13,Kota Administrasi Jakarta Selatan
CUST06532,Laki-laki,18-25,2026-02-03,Lubuklinggau
CUST06533,Perempuan,18-25,2026-05-08,Denpasar
CUST06534,Laki-laki,26-35,2025-09-07,Sawahlunto
CUST06535,Perempuan,26-35,2026-02-28,Kediri
CUST06536,Perempuan,36-45,2024-07-25,Lhokseumawe
CUST06537,Perempuan,18-25,2026-04-01,Tasikmalaya
CUST06538,Laki-laki,36-45,2025-08-17,Purwokerto
CUST06539,Laki-laki,18-25,2025-11-10,Bengkulu
CUST06540,Perempuan,18-25,2026-05-13,Tomohon
CUST06541,Laki-laki,26-35,2026-06-09,Lhokseumawe
CUST06542,Perempuan,26-35,2026-05-31,Bekasi
CUST06543,Perempuan,46+,2025-11-10,Kota Administrasi Jakarta Timur
CUST06544,Perempuan,46+,2026-01-13,Bogor
CUST06545,Perempuan,26-35,2024-08-09,Semarang
CUST06546,Perempuan,46+,2024-06-20,Pariaman
CUST06547,Perempuan,26-35,2024-07-20,Mataram
CUST06548,Laki-laki,18-25,2025-04-28,Kota Administrasi Jakarta Selatan
CUST06549,Laki-laki,18-25,2024-10-18,Bau-Bau
CUST06550,Laki-laki,18-25,2025-03-03,Denpasar
CUST06551,Perempuan,18-25,2025-11-02,Sorong
CUST06552,Perempuan,46+,2026-03-09,Parepare
CUST06553,Perempuan,26-35,2024-12-03,Cimahi
CUST06554,Laki-laki,18-25,2026-01-11,Padang Sidempuan
CUST06555,Perempuan,26-35,2024-06-21,Samarinda
CUST06556,Laki-laki,46+,2026-02-24,Payakumbuh
CUST06557,Perempuan,18-25,2025-08-16,Banjarmasin
CUST06558,Perempuan,46+,2025-05-16,Singkawang
CUST06559,Laki-laki,36-45,2025-11-16,Depok
CUST06560,Laki-laki,18-25,2026-03-19,Malang
CUST06561,Perempuan,26-35,2024-09-30,Semarang
CUST06562,Perempuan,46+,2025-05-02,Kota Administrasi Jakarta Timur
CUST06563,Laki-laki,18-25,2024-12-27,Tarakan
CUST06564,Laki-laki,46+,2025-05-09,Sukabumi
CUST06565,Laki-laki,18-25,2025-09-30,Ambon
CUST06566,Laki-laki,18-25,2024-09-14,Semarang
CUST06567,Laki-laki,46+,2024-11-12,Tanjungbalai
CUST06568,Perempuan,36-45,2024-09-24,Sukabumi
CUST06569,Laki-laki,46+,2025-09-10,Surakarta
CUST06570,Laki-laki,26-35,2024-12-27,Tasikmalaya
CUST06571,Laki-laki,18-25,2024-07-18,Kota Administrasi Jakarta Barat
CUST06572,Perempuan,46+,2026-01-16,Tegal
CUST06573,Laki-laki,18-25,2024-08-12,Bogor
CUST06574,Perempuan,46+,2024-12-03,Binjai
CUST06575,Perempuan,46+,2025-09-06,Sungai Penuh
CUST06576,Laki-laki,18-25,2024-11-27,Tanjungpinang
CUST06577,Laki-laki,18-25,2024-06-27,Bima
CUST06578,Perempuan,36-45,2025-03-09,Palopo
CUST06579,Perempuan,26-35,2024-10-07,Tebingtinggi
CUST06580,Perempuan,18-25,2025-11-02,Medan
CUST06581,Perempuan,26-35,2025-02-24,Metro
CUST06582,Laki-laki,46+,2025-11-11,Palembang
CUST06583,Laki-laki,18-25,2025-11-14,Subulussalam
CUST06584,Perempuan,46+,2024-10-08,Meulaboh
CUST06585,Laki-laki,18-25,2025-03-18,Surakarta
CUST06586,Perempuan,36-45,2026-04-14,Pasuruan
CUST06587,Laki-laki,36-45,2025-07-01,Palangkaraya
CUST06588,Perempuan,46+,2024-07-25,Ambon
CUST06589,Laki-laki,36-45,2025-05-19,Cilegon
CUST06590,Perempuan,26-35,2024-08-03,Tidore Kepulauan
CUST06591,Perempuan,36-45,2025-06-08,Gorontalo
CUST06592,Perempuan,26-35,2025-05-04,Kotamobagu
CUST06593,Perempuan,36-45,2024-10-04,Kota Administrasi Jakarta Utara
CUST06594,Perempuan,36-45,2024-11-01,Yogyakarta
CUST06595,Perempuan,26-35,2024-06-27,Tual
CUST06596,Perempuan,46+,2025-08-02,Semarang
CUST06597,Perempuan,46+,2025-06-04,Langsa
CUST06598,Laki-laki,36-45,2025-10-30,Palopo
CUST06599,Laki-laki,36-45,2024-11-20,Pariaman
CUST06600,Perempuan,46+,2025-04-16,Cilegon
CUST06601,Perempuan,26-35,2025-06-25,Palembang
CUST06602,Laki-laki,36-45,2026-05-20,Banda Aceh
CUST06603,Laki-laki,36-45,2026-02-13,Sukabumi
CUST06604,Laki-laki,26-35,2025-06-29,Jayapura
CUST06605,Laki-laki,46+,2025-08-19,Binjai
CUST06606,Laki-laki,46+,2025-01-10,Pematangsiantar
CUST06607,Laki-laki,18-25,2024-12-31,Kota Administrasi Jakarta Timur
CUST06608,Laki-laki,18-25,2026-04-17,Tidore Kepulauan
CUST06609,Perempuan,26-35,2025-04-26,Batam
CUST06610,Laki-laki,36-45,2025-08-31,Kendari
CUST06611,Perempuan,18-25,2026-05-16,Kota Administrasi Jakarta Pusat
CUST06612,Perempuan,36-45,2026-03-07,Tomohon
CUST06613,Perempuan,46+,2025-11-18,Sorong
CUST06614,Laki-laki,36-45,2025-07-08,Bukittinggi
CUST06615,Perempuan,18-25,2024-07-02,Yogyakarta
CUST06616,Laki-laki,46+,2025-12-04,Salatiga
CUST06617,Laki-laki,26-35,2025-03-09,Pariaman
CUST06618,Laki-laki,18-25,2024-11-14,Bima
CUST06619,Perempuan,26-35,2026-01-07,Tebingtinggi
CUST06620,Laki-laki,36-45,2026-01-31,Kota Administrasi Jakarta Pusat
CUST06621,Laki-laki,46+,2025-12-09,Semarang
CUST06622,Perempuan,26-35,2024-11-18,Surakarta
CUST06623,Laki-laki,26-35,2026-04-01,Bengkulu
CUST06624,Laki-laki,18-25,2025-04-08,Solok
CUST06625,Laki-laki,36-45,2024-11-16,Madiun
CUST06626,Laki-laki,26-35,2024-07-22,Manado
CUST06627,Laki-laki,18-25,2025-06-18,Prabumulih
CUST06628,Laki-laki,36-45,2025-03-02,Kediri
CUST06629,Perempuan,18-25,2025-05-17,Tanjungbalai
CUST06630,Perempuan,36-45,2024-08-15,Salatiga
CUST06631,Perempuan,18-25,2026-05-13,Kediri
CUST06632,Perempuan,36-45,2025-05-02,Gorontalo
CUST06633,Perempuan,36-45,2025-06-14,Prabumulih
CUST06634,Laki-laki,36-45,2026-01-11,Bima
CUST06635,Perempuan,46+,2025-11-27,Tasikmalaya
CUST06636,Laki-laki,46+,2024-09-30,Ternate
CUST06637,Laki-laki,46+,2024-11-30,Medan
CUST06638,Perempuan,36-45,2024-08-31,Kota Administrasi Jakarta Pusat
CUST06639,Laki-laki,36-45,2024-06-26,Bitung
CUST06640,Perempuan,46+,2025-01-20,Gorontalo
CUST06641,Laki-laki,46+,2024-08-28,Kendari
CUST06642,Perempuan,46+,2025-10-05,Bekasi
CUST06643,Laki-laki,46+,2026-03-04,Serang
CUST06644,Laki-laki,46+,2025-08-08,Banjar
CUST06645,Laki-laki,46+,2025-06-21,Probolinggo
CUST06646,Perempuan,18-25,2024-10-24,Pasuruan
CUST06647,Laki-laki,26-35,2026-03-13,Padang Sidempuan
CUST06648,Laki-laki,46+,2026-05-07,Bengkulu
CUST06649,Perempuan,36-45,2024-08-24,Samarinda
CUST06650,Laki-laki,46+,2025-01-18,Pagaralam
CUST06651,Laki-laki,36-45,2025-12-09,Manado
CUST06652,Perempuan,46+,2026-01-23,Sabang
CUST06653,Laki-laki,46+,2025-12-09,Bandar Lampung
CUST06654,Laki-laki,18-25,2026-01-11,Sorong
CUST06655,Laki-laki,18-25,2025-09-04,Surakarta
CUST06656,Perempuan,18-25,2025-01-16,Cirebon
CUST06657,Laki-laki,46+,2026-03-17,Kediri
CUST06658,Perempuan,46+,2026-01-10,Tegal
CUST06659,Laki-laki,36-45,2024-11-03,Gorontalo
CUST06660,Laki-laki,46+,2024-11-17,Kupang
CUST06661,Laki-laki,46+,2025-06-09,Surabaya
CUST06662,Perempuan,26-35,2025-06-01,Solok
CUST06663,Laki-laki,36-45,2024-09-29,Bitung
CUST06664,Perempuan,46+,2026-01-01,Mataram
CUST06665,Laki-laki,26-35,2025-10-17,Tangerang Selatan
CUST06666,Laki-laki,26-35,2025-05-18,Tanjungbalai
CUST06667,Perempuan,46+,2024-08-05,Parepare
CUST06668,Laki-laki,18-25,2025-04-06,Cimahi
CUST06669,Perempuan,26-35,2025-04-03,Prabumulih
CUST06670,Perempuan,18-25,2024-10-31,Bima
CUST06671,Perempuan,26-35,2024-08-21,Jambi
CUST06672,Laki-laki,36-45,2024-08-12,Padangpanjang
CUST06673,Perempuan,26-35,2024-09-09,Kediri
CUST06674,Perempuan,18-25,2025-12-12,Kota Administrasi Jakarta Timur
CUST06675,Laki-laki,26-35,2025-12-23,Palopo
CUST06676,Laki-laki,26-35,2024-10-17,Palopo
CUST06677,Laki-laki,46+,2025-05-13,Singkawang
CUST06678,Perempuan,36-45,2026-03-28,Kota Administrasi Jakarta Utara
CUST06679,Perempuan,18-25,2025-02-17,Sibolga
CUST06680,Perempuan,18-25,2024-11-30,Dumai
CUST06681,Perempuan,46+,2025-04-28,Metro
CUST06682,Laki-laki,36-45,2026-02-07,Bekasi
CUST06683,Perempuan,46+,2026-04-27,Tanjungbalai
CUST06684,Laki-laki,18-25,2024-09-23,Kediri
CUST06685,Laki-laki,36-45,2026-01-10,Sabang
CUST06686,Perempuan,46+,2025-06-24,Sungai Penuh
CUST06687,Perempuan,26-35,2025-09-11,Banjarbaru
CUST06688,Laki-laki,18-25,2025-07-24,Prabumulih
CUST06689,Laki-laki,26-35,2026-04-28,Blitar
CUST06690,Laki-laki,26-35,2024-12-20,Pekanbaru
CUST06691,Laki-laki,46+,2026-04-14,Kendari
CUST06692,Perempuan,36-45,2025-08-09,Makassar
CUST06693,Perempuan,18-25,2025-07-29,Kota Administrasi Jakarta Selatan
CUST06694,Laki-laki,46+,2025-01-05,Purwokerto
CUST06695,Laki-laki,18-25,2024-09-30,Banjar
CUST06696,Laki-laki,26-35,2025-05-15,Gorontalo
CUST06697,Laki-laki,36-45,2024-10-03,Tanjungpinang
CUST06698,Laki-laki,46+,2025-10-24,Pematangsiantar
CUST06699,Laki-laki,36-45,2024-10-09,Batu
CUST06700,Laki-laki,18-25,2025-05-10,Ternate
CUST06701,Laki-laki,36-45,2026-01-28,Palu
CUST06702,Laki-laki,36-45,2024-10-22,Makassar
CUST06703,Laki-laki,36-45,2024-07-10,Tual
CUST06704,Laki-laki,46+,2024-06-25,Surakarta
CUST06705,Laki-laki,26-35,2025-12-05,Tebingtinggi
CUST06706,Perempuan,46+,2024-07-10,Madiun
CUST06707,Perempuan,26-35,2024-10-23,Bau-Bau
CUST06708,Laki-laki,26-35,2025-12-03,Pariaman
CUST06709,Perempuan,18-25,2026-03-04,Palembang
CUST06710,Laki-laki,26-35,2026-02-15,Banjarmasin
CUST06711,Laki-laki,18-25,2026-02-18,Tebingtinggi
CUST06712,Perempuan,18-25,2024-10-11,Lubuklinggau
CUST06713,Laki-laki,26-35,2025-04-07,Pekalongan
CUST06714,Perempuan,36-45,2025-10-31,Tomohon
CUST06715,Laki-laki,36-45,2025-01-29,Cilegon
CUST06716,Perempuan,18-25,2024-08-22,Serang
CUST06717,Perempuan,18-25,2025-11-17,Kotamobagu
CUST06718,Perempuan,46+,2025-07-03,Bukittinggi
CUST06719,Laki-laki,26-35,2024-10-31,Pekalongan
CUST06720,Perempuan,46+,2025-10-12,Lubuklinggau
CUST06721,Perempuan,26-35,2025-04-07,Banjar
CUST06722,Laki-laki,46+,2025-07-15,Pangkalpinang
CUST06723,Perempuan,26-35,2024-07-07,Serang
CUST06724,Laki-laki,36-45,2024-07-24,Surabaya
CUST06725,Perempuan,18-25,2025-01-05,Metro
CUST06726,Perempuan,18-25,2025-03-12,Bekasi
CUST06727,Perempuan,18-25,2025-03-24,Pontianak
CUST06728,Laki-laki,26-35,2024-10-11,Metro
CUST06729,Laki-laki,36-45,2025-08-28,Kendari
CUST06730,Perempuan,46+,2025-05-03,Kota Administrasi Jakarta Timur
CUST06731,Perempuan,46+,2025-07-19,Madiun
CUST06732,Perempuan,36-45,2025-03-31,Mataram
CUST06733,Perempuan,36-45,2025-02-12,Samarinda
CUST06734,Perempuan,46+,2025-04-04,Purwokerto
CUST06735,Perempuan,26-35,2025-12-23,Sorong
CUST06736,Perempuan,36-45,2025-06-16,Padang Sidempuan
CUST06737,Laki-laki,46+,2024-11-25,Padang Sidempuan
CUST06738,Perempuan,18-25,2025-09-27,Solok
CUST06739,Perempuan,36-45,2025-03-19,Yogyakarta
CUST06740,Perempuan,36-45,2025-10-14,Blitar
CUST06741,Laki-laki,36-45,2024-08-06,Kota Administrasi Jakarta Timur
CUST06742,Perempuan,26-35,2026-03-01,Bitung
CUST06743,Laki-laki,36-45,2026-04-20,Kota Administrasi Jakarta Pusat
CUST06744,Perempuan,26-35,2026-03-27,Sabang
CUST06745,Perempuan,46+,2026-05-28,Kota Administrasi Jakarta Selatan
CUST06746,Perempuan,36-45,2025-10-15,Sukabumi
CUST06747,Perempuan,26-35,2024-11-01,Payakumbuh
CUST06748,Laki-laki,36-45,2026-05-01,Pematangsiantar
CUST06749,Laki-laki,36-45,2024-11-14,Tasikmalaya
CUST06750,Perempuan,26-35,2026-01-31,Pontianak
CUST06751,Perempuan,26-35,2025-11-02,Padang
CUST06752,Laki-laki,36-45,2025-01-11,Bukittinggi
CUST06753,Laki-laki,26-35,2025-11-21,Bontang
CUST06754,Perempuan,26-35,2025-12-10,Solok
CUST06755,Perempuan,36-45,2025-11-25,Tebingtinggi
CUST06756,Laki-laki,46+,2024-10-27,Padang Sidempuan
CUST06757,Perempuan,36-45,2025-02-03,Banda Aceh
CUST06758,Perempuan,36-45,2024-12-22,Tomohon
CUST06759,Laki-laki,36-45,2025-12-25,Medan
CUST06760,Laki-laki,36-45,2025-12-29,Jambi
CUST06761,Laki-laki,46+,2024-09-05,Kota Administrasi Jakarta Pusat
CUST06762,Perempuan,18-25,2024-08-19,Banjar
CUST06763,Laki-laki,26-35,2026-03-17,Kupang
CUST06764,Perempuan,46+,2025-10-20,Cilegon
CUST06765,Perempuan,36-45,2025-03-19,Tomohon
CUST06766,Perempuan,26-35,2025-01-28,Denpasar
CUST06767,Perempuan,18-25,2025-04-26,Tebingtinggi
CUST06768,Perempuan,46+,2025-11-23,Makassar
CUST06769,Laki-laki,46+,2025-08-13,Kupang
CUST06770,Perempuan,46+,2024-11-12,Surakarta
CUST06771,Perempuan,18-25,2024-08-21,Metro
CUST06772,Laki-laki,26-35,2025-02-11,Kota Administrasi Jakarta Utara
CUST06773,Laki-laki,36-45,2026-04-18,Pekanbaru
CUST06774,Laki-laki,18-25,2025-09-07,Yogyakarta
CUST06775,Laki-laki,36-45,2024-12-09,Medan
CUST06776,Laki-laki,36-45,2024-12-21,Kota Administrasi Jakarta Utara
CUST06777,Laki-laki,18-25,2025-03-01,Pangkalpinang
CUST06778,Perempuan,26-35,2025-10-03,Tangerang
CUST06779,Laki-laki,18-25,2025-12-03,Bandung
CUST06780,Laki-laki,18-25,2025-01-28,Kupang
CUST06781,Perempuan,36-45,2024-12-19,Jambi
CUST06782,Perempuan,46+,2024-11-26,Depok
CUST06783,Laki-laki,26-35,2026-03-22,Semarang
CUST06784,Laki-laki,36-45,2025-02-16,Mojokerto
CUST06785,Perempuan,26-35,2026-01-03,Bontang
CUST06786,Laki-laki,18-25,2026-03-04,Bekasi
CUST06787,Perempuan,26-35,2024-08-29,Pontianak
CUST06788,Laki-laki,46+,2025-06-14,Probolinggo
CUST06789,Laki-laki,18-25,2024-07-24,Kendari
CUST06790,Laki-laki,18-25,2025-09-20,Sorong
CUST06791,Perempuan,46+,2025-11-26,Payakumbuh
CUST06792,Laki-laki,18-25,2024-12-02,Padang
CUST06793,Laki-laki,46+,2025-10-30,Jayapura
CUST06794,Laki-laki,26-35,2024-07-17,Bandung
CUST06795,Perempuan,26-35,2025-12-30,Bau-Bau
CUST06796,Laki-laki,26-35,2026-05-31,Tual
CUST06797,Perempuan,18-25,2025-02-26,Bengkulu
CUST06798,Laki-laki,26-35,2025-06-10,Purwokerto
CUST06799,Perempuan,46+,2025-12-28,Balikpapan
CUST06800,Perempuan,46+,2026-05-25,Gorontalo
CUST06801,Laki-laki,26-35,2026-03-16,Bandar Lampung
CUST06802,Laki-laki,18-25,2025-09-15,Magelang
CUST06803,Perempuan,46+,2026-02-11,Binjai
CUST06804,Perempuan,26-35,2025-08-17,Serang
CUST06805,Perempuan,46+,2025-07-28,Kota Administrasi Jakarta Barat
CUST06806,Laki-laki,36-45,2025-12-03,Magelang
CUST06807,Laki-laki,46+,2025-06-18,Kota Administrasi Jakarta Selatan
CUST06808,Perempuan,36-45,2026-01-04,Serang
CUST06809,Perempuan,18-25,2024-09-17,Ambon
CUST06810,Perempuan,46+,2026-05-03,Mojokerto
CUST06811,Perempuan,26-35,2025-03-29,Bogor
CUST06812,Perempuan,26-35,2026-05-06,Batu
CUST06813,Laki-laki,46+,2025-02-13,Bitung
CUST06814,Laki-laki,46+,2026-04-24,Bima
CUST06815,Laki-laki,26-35,2025-08-09,Jayapura
CUST06816,Perempuan,36-45,2024-12-13,Pontianak
CUST06817,Perempuan,36-45,2025-06-22,Bandar Lampung
CUST06818,Laki-laki,36-45,2025-09-15,Tomohon
CUST06819,Laki-laki,46+,2025-04-29,Cimahi
CUST06820,Perempuan,18-25,2026-03-11,Jambi
CUST06821,Laki-laki,18-25,2025-10-01,Batu
CUST06822,Perempuan,18-25,2024-12-20,Kota Administrasi Jakarta Utara
CUST06823,Perempuan,36-45,2025-03-04,Padangpanjang
CUST06824,Perempuan,46+,2024-08-15,Kota Administrasi Jakarta Pusat
CUST06825,Laki-laki,46+,2026-06-12,Tanjungpinang
CUST06826,Perempuan,46+,2026-01-17,Blitar
CUST06827,Perempuan,18-25,2025-07-25,Tidore Kepulauan
CUST06828,Perempuan,36-45,2024-07-20,Sorong
CUST06829,Perempuan,26-35,2024-07-03,Kendari
CUST06830,Perempuan,36-45,2025-07-04,Pagaralam
CUST06831,Perempuan,46+,2025-05-21,Pematangsiantar
CUST06832,Laki-laki,26-35,2025-12-07,Binjai
CUST06833,Laki-laki,26-35,2026-01-17,Pagaralam
CUST06834,Laki-laki,46+,2026-02-13,Banjar
CUST06835,Perempuan,18-25,2024-11-13,Pematangsiantar
CUST06836,Laki-laki,18-25,2026-05-05,Mataram
CUST06837,Laki-laki,18-25,2025-04-16,Sibolga
CUST06838,Laki-laki,36-45,2024-08-24,Meulaboh
CUST06839,Laki-laki,36-45,2024-10-14,Batu
CUST06840,Perempuan,26-35,2025-02-20,Bengkulu
CUST06841,Perempuan,26-35,2024-10-31,Kota Administrasi Jakarta Pusat
CUST06842,Perempuan,36-45,2026-05-15,Manado
CUST06843,Laki-laki,26-35,2024-07-27,Pekanbaru
CUST06844,Perempuan,36-45,2025-08-18,Palangkaraya
CUST06845,Laki-laki,18-25,2025-09-04,Pasuruan
CUST06846,Laki-laki,18-25,2025-10-16,Pagaralam
CUST06847,Laki-laki,26-35,2026-01-30,Solok
CUST06848,Perempuan,46+,2024-11-27,Kupang
CUST06849,Perempuan,26-35,2026-01-20,Binjai
CUST06850,Laki-laki,18-25,2024-12-22,Purwokerto
CUST06851,Laki-laki,18-25,2024-06-20,Depok
CUST06852,Laki-laki,18-25,2025-03-10,Kendari
CUST06853,Perempuan,26-35,2025-06-22,Padang Sidempuan
CUST06854,Laki-laki,46+,2024-07-22,Kediri
CUST06855,Perempuan,26-35,2025-10-31,Singkawang
CUST06856,Laki-laki,26-35,2025-12-31,Banjarbaru
CUST06857,Laki-laki,18-25,2024-09-04,Palopo
CUST06858,Perempuan,26-35,2025-12-05,Sibolga
CUST06859,Perempuan,18-25,2026-03-17,Pekalongan
CUST06860,Laki-laki,46+,2025-03-30,Kupang
CUST06861,Laki-laki,26-35,2025-01-24,Banda Aceh
CUST06862,Laki-laki,46+,2025-12-24,Kota Administrasi Jakarta Pusat
CUST06863,Laki-laki,26-35,2025-09-12,Padang
CUST06864,Laki-laki,36-45,2026-01-25,Yogyakarta
CUST06865,Perempuan,46+,2025-10-15,Surabaya
CUST06866,Laki-laki,46+,2025-02-02,Bekasi
CUST06867,Laki-laki,18-25,2026-05-08,Bontang
CUST06868,Laki-laki,26-35,2025-08-06,Sawahlunto
CUST06869,Laki-laki,18-25,2025-04-11,Bontang
CUST06870,Perempuan,26-35,2025-02-28,Kupang
CUST06871,Laki-laki,36-45,2024-07-03,Salatiga
CUST06872,Perempuan,46+,2025-10-10,Cirebon
CUST06873,Perempuan,46+,2026-05-09,Bima
CUST06874,Perempuan,36-45,2024-11-07,Kupang
CUST06875,Perempuan,36-45,2026-02-13,Palangkaraya
CUST06876,Perempuan,26-35,2025-04-26,Padang Sidempuan
CUST06877,Perempuan,26-35,2025-10-13,Sabang
CUST06878,Laki-laki,26-35,2025-06-19,Mojokerto
CUST06879,Laki-laki,36-45,2025-10-27,Palu
CUST06880,Perempuan,18-25,2026-01-31,Bandar Lampung
CUST06881,Perempuan,46+,2025-10-28,Cirebon
CUST06882,Perempuan,36-45,2026-01-19,Lhokseumawe
CUST06883,Perempuan,18-25,2025-08-27,Pematangsiantar
CUST06884,Perempuan,46+,2025-10-01,Madiun
CUST06885,Laki-laki,18-25,2025-11-19,Sungai Penuh
CUST06886,Laki-laki,46+,2024-12-23,Surabaya
CUST06887,Laki-laki,46+,2026-05-14,Kotamobagu
CUST06888,Laki-laki,36-45,2026-03-22,Malang
CUST06889,Perempuan,26-35,2025-04-29,Bontang
CUST06890,Laki-laki,18-25,2026-05-18,Makassar
CUST06891,Laki-laki,46+,2024-07-10,Padang
CUST06892,Perempuan,46+,2025-09-18,Probolinggo
CUST06893,Perempuan,46+,2025-11-24,Palangkaraya
CUST06894,Perempuan,36-45,2025-11-12,Bekasi
CUST06895,Laki-laki,46+,2026-02-15,Samarinda
CUST06896,Laki-laki,46+,2025-04-06,Padang Sidempuan
CUST06897,Laki-laki,26-35,2025-10-19,Jambi
CUST06898,Laki-laki,18-25,2024-06-28,Pagaralam
CUST06899,Perempuan,36-45,2024-09-01,Yogyakarta
CUST06900,Laki-laki,36-45,2024-11-11,Samarinda
CUST06901,Perempuan,46+,2025-03-05,Kota Administrasi Jakarta Pusat
CUST06902,Perempuan,18-25,2026-04-03,Kota Administrasi Jakarta Timur
CUST06903,Perempuan,36-45,2025-04-22,Kendari
CUST06904,Perempuan,18-25,2025-09-16,Pekanbaru
CUST06905,Perempuan,18-25,2025-01-14,Bandar Lampung
CUST06906,Perempuan,36-45,2026-03-25,Pariaman
CUST06907,Laki-laki,36-45,2026-01-22,Ambon
CUST06908,Laki-laki,18-25,2024-06-22,Serang
CUST06909,Laki-laki,26-35,2025-04-16,Batam
CUST06910,Perempuan,18-25,2024-07-29,Tual
CUST06911,Laki-laki,26-35,2025-04-13,Batu
CUST06912,Perempuan,18-25,2024-08-19,Singkawang
CUST06913,Perempuan,46+,2025-03-04,Banjarbaru
CUST06914,Perempuan,46+,2024-08-07,Pontianak
CUST06915,Perempuan,36-45,2024-07-30,Bau-Bau
CUST06916,Perempuan,36-45,2025-01-30,Ternate
CUST06917,Laki-laki,18-25,2025-02-21,Palu
CUST06918,Perempuan,46+,2025-04-29,Sorong
CUST06919,Perempuan,18-25,2025-07-27,Sawahlunto
CUST06920,Laki-laki,26-35,2025-05-27,Sorong
CUST06921,Perempuan,36-45,2024-10-06,Tegal
CUST06922,Perempuan,36-45,2025-03-30,Subulussalam
CUST06923,Laki-laki,26-35,2025-01-20,Banda Aceh
CUST06924,Laki-laki,18-25,2026-05-13,Palembang
CUST06925,Perempuan,36-45,2025-05-26,Mojokerto
CUST06926,Perempuan,26-35,2024-10-21,Tasikmalaya
CUST06927,Laki-laki,18-25,2025-05-31,Tebingtinggi
CUST06928,Perempuan,18-25,2025-04-26,Surakarta
CUST06929,Laki-laki,26-35,2024-09-25,Malang
CUST06930,Perempuan,26-35,2024-07-02,Tidore Kepulauan
CUST06931,Perempuan,26-35,2026-04-25,Tebingtinggi
CUST06932,Perempuan,36-45,2025-10-15,Meulaboh
CUST06933,Laki-laki,18-25,2026-06-03,Cilegon
CUST06934,Laki-laki,26-35,2025-08-30,Yogyakarta
CUST06935,Laki-laki,36-45,2026-02-11,Banda Aceh
CUST06936,Perempuan,18-25,2025-04-21,Batam
CUST06937,Laki-laki,46+,2024-11-15,Dumai
CUST06938,Laki-laki,46+,2025-06-04,Bekasi
CUST06939,Laki-laki,18-25,2026-06-14,Lubuklinggau
CUST06940,Perempuan,36-45,2025-03-21,Dumai
CUST06941,Perempuan,46+,2025-03-11,Bima
CUST06942,Perempuan,36-45,2025-06-14,Pangkalpinang
CUST06943,Perempuan,26-35,2024-06-25,Cimahi
CUST06944,Perempuan,26-35,2025-11-25,Bau-Bau
CUST06945,Laki-laki,18-25,2025-09-28,Ambon
CUST06946,Perempuan,46+,2025-04-08,Jayapura
CUST06947,Perempuan,36-45,2026-01-20,Kendari
CUST06948,Perempuan,46+,2026-03-19,Blitar
CUST06949,Perempuan,18-25,2025-06-15,Probolinggo
CUST06950,Perempuan,36-45,2025-09-05,Metro
CUST06951,Laki-laki,26-35,2024-09-19,Jambi
CUST06952,Laki-laki,26-35,2025-05-30,Surakarta
CUST06953,Laki-laki,46+,2025-08-14,Lhokseumawe
CUST06954,Laki-laki,18-25,2025-01-08,Tebingtinggi
CUST06955,Perempuan,46+,2024-10-26,Banjarbaru
CUST06956,Perempuan,46+,2024-10-04,Kupang
CUST06957,Perempuan,36-45,2025-07-18,Bengkulu
CUST06958,Laki-laki,26-35,2025-05-17,Kotamobagu
CUST06959,Laki-laki,46+,2024-07-28,Palopo
CUST06960,Laki-laki,36-45,2024-11-23,Bima
CUST06961,Laki-laki,46+,2025-04-22,Prabumulih
CUST06962,Perempuan,46+,2024-09-09,Pangkalpinang
CUST06963,Laki-laki,46+,2026-01-13,Surakarta
CUST06964,Perempuan,18-25,2025-07-20,Denpasar
CUST06965,Perempuan,36-45,2024-08-14,Cilegon
CUST06966,Laki-laki,36-45,2025-10-26,Pasuruan
CUST06967,Laki-laki,46+,2026-05-12,Bima
CUST06968,Perempuan,46+,2025-10-17,Kota Administrasi Jakarta Selatan
CUST06969,Laki-laki,46+,2025-07-25,Cimahi
CUST06970,Perempuan,26-35,2025-09-04,Ternate
CUST06971,Perempuan,26-35,2026-03-23,Tegal
CUST06972,Laki-laki,36-45,2025-12-02,Kediri
CUST06973,Laki-laki,36-45,2026-01-26,Kediri
CUST06974,Perempuan,18-25,2026-04-27,Binjai
CUST06975,Laki-laki,18-25,2026-04-06,Probolinggo
CUST06976,Laki-laki,18-25,2025-11-28,Padang Sidempuan
CUST06977,Laki-laki,46+,2024-07-09,Kediri
CUST06978,Perempuan,18-25,2025-09-04,Ternate
CUST06979,Laki-laki,18-25,2024-07-04,Tanjungpinang
CUST06980,Laki-laki,46+,2025-09-17,Padang
CUST06981,Laki-laki,18-25,2025-11-27,Palu
CUST06982,Laki-laki,36-45,2025-06-23,Padang
CUST06983,Perempuan,36-45,2026-04-16,Kendari
CUST06984,Laki-laki,18-25,2026-05-17,Pematangsiantar
CUST06985,Laki-laki,36-45,2026-02-12,Balikpapan
CUST06986,Perempuan,18-25,2025-03-27,Metro
CUST06987,Laki-laki,18-25,2025-08-10,Bau-Bau
CUST06988,Laki-laki,18-25,2025-11-10,Denpasar
CUST06989,Laki-laki,26-35,2024-12-07,Madiun
CUST06990,Perempuan,46+,2025-11-22,Bekasi
CUST06991,Laki-laki,36-45,2025-04-18,Balikpapan
CUST06992,Perempuan,18-25,2026-02-10,Probolinggo
CUST06993,Perempuan,26-35,2025-05-30,Tangerang Selatan
CUST06994,Laki-laki,46+,2025-01-08,Salatiga
CUST06995,Perempuan,26-35,2024-10-11,Pematangsiantar
CUST06996,Laki-laki,46+,2025-11-04,Batu
CUST06997,Laki-laki,36-45,2025-09-03,Madiun
CUST06998,Laki-laki,46+,2025-09-01,Palu
CUST06999,Perempuan,26-35,2026-01-24,Sabang
CUST07000,Perempuan,46+,2025-09-18,Kendari
CUST07001,Perempuan,36-45,2025-05-16,Probolinggo
CUST07002,Perempuan,46+,2026-04-22,Cilegon
CUST07003,Perempuan,26-35,2024-09-23,Magelang
CUST07004,Perempuan,36-45,2026-02-27,Sibolga
CUST07005,Laki-laki,26-35,2025-12-06,Surabaya
CUST07006,Perempuan,26-35,2026-04-01,Tebingtinggi
CUST07007,Laki-laki,18-25,2025-09-24,Pekalongan
CUST07008,Laki-laki,18-25,2025-01-29,Langsa
CUST07009,Laki-laki,26-35,2026-05-03,Ternate
CUST07010,Laki-laki,46+,2025-10-03,Sukabumi
CUST07011,Laki-laki,26-35,2024-08-21,Malang
CUST07012,Laki-laki,36-45,2025-06-02,Tomohon
CUST07013,Perempuan,36-45,2026-05-27,Tanjungbalai
CUST07014,Laki-laki,46+,2025-11-07,Bekasi
CUST07015,Perempuan,46+,2025-03-21,Kendari
CUST07016,Laki-laki,36-45,2026-05-13,Palopo
CUST07017,Laki-laki,46+,2025-04-16,Dumai
CUST07018,Laki-laki,36-45,2025-08-09,Bandar Lampung
CUST07019,Laki-laki,46+,2026-06-12,Kota Administrasi Jakarta Utara
CUST07020,Laki-laki,36-45,2025-04-08,Singkawang
CUST07021,Laki-laki,18-25,2024-08-05,Payakumbuh
CUST07022,Laki-laki,36-45,2025-10-04,Meulaboh
CUST07023,Perempuan,26-35,2025-08-11,Solok
CUST07024,Perempuan,46+,2025-09-06,Pekalongan
CUST07025,Perempuan,36-45,2025-07-08,Blitar
CUST07026,Perempuan,26-35,2025-02-20,Payakumbuh
CUST07027,Perempuan,46+,2026-01-20,Sukabumi
CUST07028,Perempuan,26-35,2025-08-04,Tangerang Selatan
CUST07029,Laki-laki,26-35,2025-07-29,Padang
CUST07030,Perempuan,46+,2025-10-29,Tangerang Selatan
CUST07031,Laki-laki,46+,2025-10-15,Medan
CUST07032,Perempuan,26-35,2024-07-27,Bandar Lampung
CUST07033,Laki-laki,26-35,2025-11-14,Tomohon
CUST07034,Laki-laki,46+,2025-04-16,Tegal
CUST07035,Perempuan,26-35,2025-10-11,Tangerang Selatan
CUST07036,Laki-laki,46+,2025-06-06,Bandar Lampung
CUST07037,Laki-laki,18-25,2025-11-21,Cimahi
CUST07038,Perempuan,36-45,2025-01-20,Tidore Kepulauan
CUST07039,Perempuan,36-45,2025-03-10,Kota Administrasi Jakarta Timur
CUST07040,Laki-laki,18-25,2024-12-29,Pontianak
CUST07041,Perempuan,26-35,2025-04-18,Semarang
CUST07042,Laki-laki,26-35,2025-04-19,Bogor
CUST07043,Perempuan,36-45,2025-03-18,Denpasar
CUST07044,Perempuan,26-35,2025-10-25,Subulussalam
CUST07045,Perempuan,18-25,2024-09-28,Mojokerto
CUST07046,Perempuan,36-45,2026-03-23,Depok
CUST07047,Perempuan,18-25,2025-08-15,Makassar
CUST07048,Perempuan,36-45,2025-04-27,Kota Administrasi Jakarta Selatan
CUST07049,Laki-laki,46+,2024-08-17,Denpasar
CUST07050,Laki-laki,46+,2025-08-05,Tebingtinggi
CUST07051,Perempuan,46+,2026-06-11,Cirebon
CUST07052,Laki-laki,36-45,2026-05-27,Meulaboh
CUST07053,Laki-laki,46+,2024-10-25,Padang
CUST07054,Perempuan,36-45,2025-09-17,Tanjungbalai
CUST07055,Laki-laki,26-35,2024-12-06,Pontianak
CUST07056,Perempuan,46+,2025-10-02,Bima
CUST07057,Perempuan,18-25,2024-12-07,Sabang
CUST07058,Laki-laki,18-25,2025-12-20,Medan
CUST07059,Laki-laki,46+,2025-03-28,Sukabumi
CUST07060,Laki-laki,46+,2025-07-02,Meulaboh
CUST07061,Laki-laki,46+,2026-04-08,Banda Aceh
CUST07062,Laki-laki,18-25,2025-10-03,Tomohon
CUST07063,Perempuan,46+,2025-06-30,Kota Administrasi Jakarta Selatan
CUST07064,Laki-laki,36-45,2024-12-08,Depok
CUST07065,Laki-laki,46+,2025-02-10,Tangerang
CUST07066,Laki-laki,36-45,2026-05-12,Binjai
CUST07067,Laki-laki,26-35,2026-05-27,Serang
CUST07068,Perempuan,36-45,2025-06-28,Banjarbaru
CUST07069,Laki-laki,26-35,2024-11-18,Sawahlunto
CUST07070,Laki-laki,46+,2024-12-17,Bandung
CUST07071,Laki-laki,36-45,2024-08-22,Gorontalo
CUST07072,Laki-laki,46+,2025-04-19,Bekasi
CUST07073,Laki-laki,18-25,2025-02-24,Palu
CUST07074,Laki-laki,36-45,2024-09-08,Madiun
CUST07075,Laki-laki,36-45,2024-11-21,Jambi
CUST07076,Perempuan,46+,2026-01-04,Mataram
CUST07077,Laki-laki,46+,2025-10-11,Padangpanjang
CUST07078,Laki-laki,26-35,2025-06-21,Kendari
CUST07079,Perempuan,18-25,2026-02-27,Palopo
CUST07080,Perempuan,36-45,2026-04-09,Banjar
CUST07081,Laki-laki,18-25,2024-06-29,Bukittinggi
CUST07082,Laki-laki,18-25,2025-12-10,Kotamobagu
CUST07083,Laki-laki,26-35,2026-02-04,Bandung
CUST07084,Laki-laki,36-45,2026-02-09,Cirebon
CUST07085,Laki-laki,18-25,2025-06-06,Singkawang
CUST07086,Perempuan,36-45,2025-08-02,Tanjungpinang
CUST07087,Laki-laki,46+,2025-09-19,Sabang
CUST07088,Laki-laki,46+,2024-08-02,Tomohon
CUST07089,Perempuan,18-25,2025-06-23,Kota Administrasi Jakarta Timur
CUST07090,Perempuan,18-25,2025-03-24,Kendari
CUST07091,Perempuan,26-35,2026-04-04,Padang
CUST07092,Perempuan,26-35,2024-10-21,Magelang
CUST07093,Perempuan,18-25,2025-08-23,Padangpanjang
CUST07094,Laki-laki,18-25,2024-08-01,Yogyakarta
CUST07095,Laki-laki,26-35,2025-09-13,Tomohon
CUST07096,Perempuan,26-35,2025-06-01,Kota Administrasi Jakarta Utara
CUST07097,Laki-laki,46+,2025-02-03,Bogor
CUST07098,Perempuan,18-25,2025-07-04,Pekanbaru
CUST07099,Perempuan,46+,2025-03-05,Probolinggo
CUST07100,Perempuan,18-25,2025-10-21,Tegal
CUST07101,Perempuan,26-35,2025-09-16,Mataram
CUST07102,Laki-laki,26-35,2026-02-25,Tasikmalaya
CUST07103,Perempuan,18-25,2026-04-01,Cirebon
CUST07104,Laki-laki,46+,2025-07-11,Langsa
CUST07105,Perempuan,46+,2025-10-07,Bau-Bau
CUST07106,Perempuan,36-45,2026-03-10,Magelang
CUST07107,Laki-laki,18-25,2024-07-06,Ambon
CUST07108,Laki-laki,46+,2026-05-03,Banjar
CUST07109,Laki-laki,18-25,2024-10-16,Medan
CUST07110,Perempuan,18-25,2025-10-26,Semarang
CUST07111,Perempuan,36-45,2025-11-01,Batu
CUST07112,Perempuan,18-25,2024-12-17,Sukabumi
CUST07113,Perempuan,46+,2026-04-29,Madiun
CUST07114,Laki-laki,26-35,2026-04-22,Batam
CUST07115,Laki-laki,18-25,2024-11-25,Madiun
CUST07116,Laki-laki,46+,2025-03-08,Bandung
CUST07117,Perempuan,36-45,2025-07-27,Subulussalam
CUST07118,Laki-laki,18-25,2025-10-21,Sabang
CUST07119,Perempuan,26-35,2026-01-11,Tangerang Selatan
CUST07120,Perempuan,46+,2024-09-02,Langsa
CUST07121,Perempuan,18-25,2025-01-23,Meulaboh
CUST07122,Laki-laki,18-25,2025-09-15,Bontang
CUST07123,Perempuan,26-35,2025-07-10,Pagaralam
CUST07124,Perempuan,46+,2025-05-31,Tebingtinggi
CUST07125,Laki-laki,36-45,2025-01-30,Bukittinggi
CUST07126,Perempuan,46+,2026-01-18,Blitar
CUST07127,Laki-laki,36-45,2025-03-28,Medan
CUST07128,Laki-laki,46+,2025-01-26,Batam
CUST07129,Perempuan,36-45,2025-07-30,Cirebon
CUST07130,Perempuan,18-25,2025-12-18,Ternate
CUST07131,Laki-laki,36-45,2024-09-28,Batam
CUST07132,Perempuan,26-35,2024-09-23,Sibolga
CUST07133,Laki-laki,26-35,2024-10-06,Sorong
CUST07134,Laki-laki,36-45,2025-02-08,Banjarmasin
CUST07135,Laki-laki,18-25,2025-04-05,Bekasi
CUST07136,Perempuan,36-45,2025-07-25,Padangpanjang
CUST07137,Perempuan,18-25,2025-01-06,Cilegon
CUST07138,Laki-laki,26-35,2024-11-22,Malang
CUST07139,Laki-laki,26-35,2024-07-05,Yogyakarta
CUST07140,Laki-laki,36-45,2025-06-18,Pematangsiantar
CUST07141,Perempuan,18-25,2025-12-17,Surakarta
CUST07142,Perempuan,36-45,2025-06-06,Denpasar
CUST07143,Laki-laki,46+,2026-05-16,Pariaman
CUST07144,Laki-laki,36-45,2025-06-12,Kota Administrasi Jakarta Selatan
CUST07145,Perempuan,18-25,2026-01-18,Sabang
CUST07146,Perempuan,36-45,2025-10-17,Pariaman
CUST07147,Laki-laki,26-35,2024-09-30,Bukittinggi
CUST07148,Laki-laki,18-25,2026-04-18,Madiun
CUST07149,Laki-laki,18-25,2024-10-05,Pekanbaru
CUST07150,Perempuan,18-25,2026-03-13,Metro
CUST07151,Perempuan,36-45,2026-05-16,Tegal
CUST07152,Perempuan,18-25,2024-09-04,Banjarbaru
CUST07153,Perempuan,26-35,2025-08-17,Tasikmalaya
CUST07154,Laki-laki,18-25,2025-05-24,Sukabumi
CUST07155,Perempuan,26-35,2025-06-16,Batam
CUST07156,Laki-laki,18-25,2025-06-07,Dumai
CUST07157,Laki-laki,46+,2025-05-27,Salatiga
CUST07158,Laki-laki,26-35,2025-11-08,Bandar Lampung
CUST07159,Laki-laki,26-35,2025-02-25,Cirebon
CUST07160,Perempuan,18-25,2024-10-15,Ternate
CUST07161,Perempuan,26-35,2025-05-02,Bengkulu
CUST07162,Perempuan,26-35,2026-01-07,Madiun
CUST07163,Laki-laki,46+,2025-11-09,Subulussalam
CUST07164,Laki-laki,46+,2025-02-07,Purwokerto
CUST07165,Laki-laki,36-45,2025-08-18,Kendari
CUST07166,Perempuan,26-35,2026-05-14,Madiun
CUST07167,Perempuan,46+,2025-11-06,Tanjungpinang
CUST07168,Perempuan,36-45,2024-12-23,Lubuklinggau
CUST07169,Laki-laki,18-25,2025-08-22,Kota Administrasi Jakarta Timur
CUST07170,Perempuan,36-45,2025-05-07,Pasuruan
CUST07171,Perempuan,18-25,2025-12-31,Ternate
CUST07172,Laki-laki,46+,2026-01-15,Jayapura
CUST07173,Laki-laki,36-45,2024-10-20,Kupang
CUST07174,Laki-laki,26-35,2024-12-25,Samarinda
CUST07175,Laki-laki,26-35,2025-03-02,Kota Administrasi Jakarta Pusat
CUST07176,Laki-laki,18-25,2025-09-08,Singkawang
CUST07177,Laki-laki,26-35,2025-12-24,Denpasar
CUST07178,Laki-laki,18-25,2026-05-11,Sibolga
CUST07179,Perempuan,26-35,2026-03-19,Ambon
CUST07180,Laki-laki,36-45,2024-11-09,Palembang
CUST07181,Laki-laki,18-25,2024-08-10,Banjarmasin
CUST07182,Laki-laki,18-25,2025-03-01,Surakarta
CUST07183,Laki-laki,46+,2026-05-17,Tual
CUST07184,Laki-laki,36-45,2025-07-31,Tebingtinggi
CUST07185,Laki-laki,46+,2024-09-12,Pasuruan
CUST07186,Laki-laki,26-35,2025-12-18,Bogor
CUST07187,Laki-laki,36-45,2025-09-10,Blitar
CUST07188,Perempuan,46+,2024-10-10,Tangerang
CUST07189,Perempuan,36-45,2026-01-22,Bogor
CUST07190,Perempuan,26-35,2026-02-23,Mojokerto
CUST07191,Laki-laki,26-35,2026-01-04,Purwokerto
CUST07192,Perempuan,36-45,2024-11-10,Bandung
CUST07193,Laki-laki,26-35,2026-05-04,Kota Administrasi Jakarta Selatan
CUST07194,Perempuan,46+,2026-01-29,Sibolga
CUST07195,Perempuan,46+,2026-03-08,Pematangsiantar
CUST07196,Laki-laki,36-45,2025-07-13,Malang
CUST07197,Laki-laki,46+,2025-11-29,Tanjungbalai
CUST07198,Perempuan,26-35,2026-01-12,Surakarta
CUST07199,Laki-laki,18-25,2025-07-21,Denpasar
CUST07200,Perempuan,36-45,2024-12-17,Banjarmasin
CUST07201,Laki-laki,46+,2026-02-27,Dumai
CUST07202,Laki-laki,36-45,2024-06-30,Langsa
CUST07203,Laki-laki,36-45,2024-12-17,Sukabumi
CUST07204,Perempuan,26-35,2024-08-19,Binjai
CUST07205,Perempuan,18-25,2025-06-09,Malang
CUST07206,Perempuan,18-25,2026-03-27,Gorontalo
CUST07207,Perempuan,36-45,2026-04-25,Banda Aceh
CUST07208,Perempuan,26-35,2026-02-12,Sukabumi
CUST07209,Perempuan,26-35,2025-09-08,Tegal
CUST07210,Perempuan,46+,2025-09-15,Surabaya
CUST07211,Perempuan,36-45,2024-07-05,Langsa
CUST07212,Laki-laki,46+,2024-11-18,Kota Administrasi Jakarta Utara
CUST07213,Laki-laki,46+,2025-11-06,Banjarmasin
CUST07214,Laki-laki,18-25,2025-10-05,Ambon
CUST07215,Laki-laki,46+,2025-09-07,Parepare
CUST07216,Perempuan,26-35,2024-08-20,Tangerang Selatan
CUST07217,Laki-laki,18-25,2025-09-20,Bekasi
CUST07218,Perempuan,36-45,2025-10-02,Bontang
CUST07219,Perempuan,18-25,2025-04-21,Subulussalam
CUST07220,Perempuan,36-45,2024-10-12,Binjai
CUST07221,Perempuan,18-25,2024-11-24,Bitung
CUST07222,Laki-laki,18-25,2026-04-21,Padang Sidempuan
CUST07223,Laki-laki,36-45,2025-06-14,Banjarbaru
CUST07224,Perempuan,26-35,2024-09-14,Binjai
CUST07225,Laki-laki,46+,2024-09-12,Padang
CUST07226,Laki-laki,26-35,2024-09-06,Denpasar
CUST07227,Laki-laki,36-45,2024-07-19,Solok
CUST07228,Perempuan,36-45,2025-12-29,Palopo
CUST07229,Laki-laki,46+,2024-09-30,Surabaya
CUST07230,Laki-laki,26-35,2026-01-14,Kota Administrasi Jakarta Barat
CUST07231,Laki-laki,36-45,2024-11-17,Bandung
CUST07232,Perempuan,36-45,2025-01-31,Palangkaraya
CUST07233,Perempuan,26-35,2025-04-08,Gorontalo
CUST07234,Perempuan,36-45,2025-08-07,Surabaya
CUST07235,Laki-laki,46+,2024-11-02,Sungai Penuh
CUST07236,Perempuan,26-35,2026-04-29,Pematangsiantar
CUST07237,Laki-laki,36-45,2024-09-05,Tual
CUST07238,Laki-laki,36-45,2026-02-16,Cirebon
CUST07239,Perempuan,46+,2024-09-03,Kotamobagu
CUST07240,Laki-laki,36-45,2024-07-04,Sorong
CUST07241,Perempuan,26-35,2025-07-29,Makassar
CUST07242,Perempuan,18-25,2026-04-15,Samarinda
CUST07243,Laki-laki,18-25,2025-11-15,Bogor
CUST07244,Laki-laki,26-35,2024-10-11,Metro
CUST07245,Perempuan,18-25,2024-09-25,Semarang
CUST07246,Laki-laki,46+,2024-11-14,Malang
CUST07247,Perempuan,18-25,2025-12-29,Batam
CUST07248,Laki-laki,46+,2026-03-08,Jambi
CUST07249,Laki-laki,26-35,2025-12-24,Blitar
CUST07250,Laki-laki,26-35,2026-02-12,Banda Aceh
CUST07251,Perempuan,18-25,2026-02-10,Kediri
CUST07252,Laki-laki,36-45,2025-06-04,Bontang
CUST07253,Laki-laki,46+,2025-01-16,Pagaralam
CUST07254,Laki-laki,36-45,2026-06-13,Purwokerto
CUST07255,Perempuan,26-35,2025-02-25,Meulaboh
CUST07256,Laki-laki,36-45,2025-02-10,Jambi
CUST07257,Laki-laki,18-25,2026-04-05,Kota Administrasi Jakarta Selatan
CUST07258,Laki-laki,36-45,2024-08-14,Bandar Lampung
CUST07259,Laki-laki,18-25,2024-10-04,Banjarbaru
CUST07260,Perempuan,36-45,2025-05-11,Mataram
CUST07261,Laki-laki,18-25,2025-10-07,Pariaman
CUST07262,Perempuan,26-35,2024-12-13,Kota Administrasi Jakarta Utara
CUST07263,Perempuan,36-45,2024-08-02,Serang
CUST07264,Laki-laki,18-25,2025-10-11,Palembang
CUST07265,Laki-laki,36-45,2025-12-27,Palangkaraya
CUST07266,Laki-laki,46+,2025-05-14,Padang Sidempuan
CUST07267,Perempuan,36-45,2024-12-11,Blitar
CUST07268,Perempuan,26-35,2026-04-15,Pontianak
CUST07269,Laki-laki,18-25,2025-11-03,Makassar
CUST07270,Laki-laki,36-45,2025-02-20,Cilegon
CUST07271,Laki-laki,26-35,2026-03-21,Jayapura
CUST07272,Laki-laki,26-35,2025-12-13,Bandung
CUST07273,Laki-laki,26-35,2024-12-27,Bitung
CUST07274,Laki-laki,26-35,2024-06-30,Padang
CUST07275,Laki-laki,26-35,2025-07-07,Medan
CUST07276,Perempuan,46+,2025-05-11,Solok
CUST07277,Laki-laki,46+,2024-08-06,Palembang
CUST07278,Laki-laki,26-35,2025-09-18,Medan
CUST07279,Laki-laki,18-25,2025-01-24,Cirebon
CUST07280,Laki-laki,36-45,2024-12-25,Pariaman
CUST07281,Perempuan,46+,2026-04-01,Bogor
CUST07282,Laki-laki,18-25,2026-03-28,Pangkalpinang
CUST07283,Laki-laki,46+,2025-05-20,Binjai
CUST07284,Perempuan,18-25,2024-07-21,Yogyakarta
CUST07285,Laki-laki,36-45,2024-09-17,Bandung
CUST07286,Laki-laki,26-35,2024-11-24,Ternate
CUST07287,Perempuan,18-25,2026-02-22,Purwokerto
CUST07288,Laki-laki,26-35,2024-12-12,Palopo
CUST07289,Laki-laki,18-25,2025-04-22,Tual
CUST07290,Laki-laki,46+,2024-08-25,Cilegon
CUST07291,Laki-laki,46+,2025-05-12,Probolinggo
CUST07292,Laki-laki,26-35,2024-06-27,Tegal
CUST07293,Perempuan,36-45,2025-11-19,Palopo
CUST07294,Perempuan,26-35,2024-09-08,Semarang
CUST07295,Laki-laki,46+,2024-07-10,Makassar
CUST07296,Perempuan,26-35,2025-12-16,Pangkalpinang
CUST07297,Perempuan,36-45,2024-08-21,Pekanbaru
CUST07298,Perempuan,36-45,2024-07-19,Palopo
CUST07299,Laki-laki,18-25,2024-09-03,Banjarbaru
CUST07300,Laki-laki,46+,2025-06-10,Magelang
CUST07301,Perempuan,46+,2024-08-17,Kotamobagu
CUST07302,Perempuan,18-25,2025-03-24,Pasuruan
CUST07303,Laki-laki,26-35,2025-02-05,Padang
CUST07304,Laki-laki,26-35,2024-10-30,Tarakan
CUST07305,Laki-laki,46+,2024-11-16,Banda Aceh
CUST07306,Perempuan,26-35,2025-08-29,Denpasar
CUST07307,Laki-laki,26-35,2025-03-15,Palopo
CUST07308,Laki-laki,26-35,2025-05-13,Serang
CUST07309,Laki-laki,18-25,2024-12-31,Bandar Lampung
CUST07310,Laki-laki,26-35,2024-11-22,Sabang
CUST07311,Laki-laki,36-45,2024-06-21,Dumai
CUST07312,Laki-laki,36-45,2025-11-20,Sibolga
CUST07313,Perempuan,36-45,2025-04-25,Palembang
CUST07314,Laki-laki,26-35,2026-06-03,Palangkaraya
CUST07315,Laki-laki,46+,2026-05-09,Palangkaraya
CUST07316,Perempuan,26-35,2026-03-18,Bau-Bau
CUST07317,Laki-laki,26-35,2025-03-18,Pontianak
CUST07318,Laki-laki,26-35,2024-12-20,Tanjungpinang
CUST07319,Perempuan,18-25,2026-04-11,Banda Aceh
CUST07320,Perempuan,18-25,2024-07-11,Kota Administrasi Jakarta Timur
CUST07321,Perempuan,46+,2025-04-26,Pagaralam
CUST07322,Laki-laki,36-45,2024-09-02,Magelang
CUST07323,Perempuan,18-25,2025-10-16,Tomohon
CUST07324,Laki-laki,18-25,2024-08-08,Banjarbaru
CUST07325,Laki-laki,18-25,2025-05-30,Surakarta
CUST07326,Laki-laki,18-25,2025-06-15,Kota Administrasi Jakarta Pusat
CUST07327,Perempuan,26-35,2024-07-16,Tidore Kepulauan
CUST07328,Laki-laki,18-25,2025-11-07,Sawahlunto
CUST07329,Laki-laki,46+,2024-12-17,Tasikmalaya
CUST07330,Laki-laki,46+,2025-08-28,Samarinda
CUST07331,Perempuan,18-25,2024-06-19,Kota Administrasi Jakarta Barat
CUST07332,Laki-laki,26-35,2025-11-17,Lubuklinggau
CUST07333,Perempuan,36-45,2026-02-16,Banjar
CUST07334,Perempuan,18-25,2025-01-01,Semarang
CUST07335,Perempuan,36-45,2025-02-03,Mojokerto
CUST07336,Perempuan,26-35,2026-02-15,Subulussalam
CUST07337,Laki-laki,26-35,2024-12-07,Dumai
CUST07338,Perempuan,36-45,2025-06-11,Tangerang Selatan
CUST07339,Perempuan,18-25,2024-09-18,Metro
CUST07340,Laki-laki,26-35,2025-09-28,Bima
CUST07341,Perempuan,18-25,2025-05-02,Bengkulu
CUST07342,Perempuan,46+,2024-10-10,Pasuruan
CUST07343,Perempuan,18-25,2025-01-25,Pasuruan
CUST07344,Perempuan,46+,2025-06-24,Kota Administrasi Jakarta Barat
CUST07345,Laki-laki,18-25,2024-12-15,Tual
CUST07346,Laki-laki,18-25,2025-02-22,Denpasar
CUST07347,Perempuan,26-35,2024-11-27,Sawahlunto
CUST07348,Perempuan,36-45,2025-09-01,Singkawang
CUST07349,Perempuan,18-25,2025-05-29,Batam
CUST07350,Perempuan,36-45,2025-12-21,Cimahi
CUST07351,Laki-laki,46+,2026-05-04,Surabaya
CUST07352,Perempuan,18-25,2024-10-03,Jambi
CUST07353,Laki-laki,46+,2025-06-14,Pekanbaru
CUST07354,Laki-laki,36-45,2025-06-09,Bima
CUST07355,Laki-laki,36-45,2024-08-25,Banjarmasin
CUST07356,Perempuan,18-25,2026-04-01,Surabaya
CUST07357,Perempuan,36-45,2025-11-15,Sorong
CUST07358,Laki-laki,46+,2026-03-02,Bengkulu
CUST07359,Laki-laki,18-25,2026-04-07,Kendari
CUST07360,Perempuan,18-25,2025-03-30,Bontang
CUST07361,Perempuan,26-35,2026-05-15,Bau-Bau
CUST07362,Laki-laki,46+,2025-05-28,Tegal
CUST07363,Perempuan,36-45,2026-03-28,Surabaya
CUST07364,Laki-laki,26-35,2025-07-16,Batu
CUST07365,Laki-laki,18-25,2025-08-15,Kota Administrasi Jakarta Selatan
CUST07366,Laki-laki,36-45,2025-02-08,Cilegon
CUST07367,Laki-laki,18-25,2026-01-26,Palopo
CUST07368,Perempuan,36-45,2026-05-01,Pematangsiantar
CUST07369,Laki-laki,18-25,2025-07-20,Samarinda
CUST07370,Perempuan,36-45,2025-05-25,Palembang
CUST07371,Laki-laki,46+,2026-06-11,Probolinggo
CUST07372,Perempuan,26-35,2024-10-29,Bandar Lampung
CUST07373,Laki-laki,46+,2025-01-04,Padangpanjang
CUST07374,Laki-laki,18-25,2025-06-20,Parepare
CUST07375,Perempuan,36-45,2025-11-16,Denpasar
CUST07376,Laki-laki,26-35,2026-04-02,Metro
CUST07377,Laki-laki,26-35,2025-08-28,Langsa
CUST07378,Perempuan,36-45,2025-09-22,Bekasi
CUST07379,Laki-laki,36-45,2026-01-31,Cilegon
CUST07380,Perempuan,36-45,2025-07-18,Tangerang
CUST07381,Laki-laki,18-25,2026-03-13,Cimahi
CUST07382,Laki-laki,46+,2025-09-25,Sabang
CUST07383,Laki-laki,36-45,2026-05-20,Pangkalpinang
CUST07384,Perempuan,26-35,2026-01-02,Sawahlunto
CUST07385,Laki-laki,36-45,2025-11-19,Surakarta
CUST07386,Perempuan,18-25,2025-10-23,Kota Administrasi Jakarta Timur
CUST07387,Perempuan,18-25,2024-07-20,Kediri
CUST07388,Perempuan,36-45,2025-12-23,Kota Administrasi Jakarta Selatan
CUST07389,Perempuan,26-35,2026-05-20,Sawahlunto
CUST07390,Perempuan,36-45,2025-05-11,Manado
CUST07391,Perempuan,18-25,2025-05-14,Payakumbuh
CUST07392,Laki-laki,46+,2026-05-16,Cirebon
CUST07393,Laki-laki,36-45,2025-06-30,Tangerang
CUST07394,Perempuan,26-35,2026-05-12,Magelang
CUST07395,Perempuan,26-35,2025-12-30,Manado
CUST07396,Laki-laki,18-25,2024-09-08,Sawahlunto
CUST07397,Perempuan,46+,2026-02-26,Denpasar
CUST07398,Perempuan,46+,2025-01-30,Sibolga
CUST07399,Perempuan,36-45,2026-06-06,Tanjungpinang
CUST07400,Laki-laki,26-35,2025-10-26,Singkawang
CUST07401,Laki-laki,36-45,2025-04-05,Probolinggo
CUST07402,Laki-laki,26-35,2024-12-27,Singkawang
CUST07403,Perempuan,36-45,2025-05-16,Kota Administrasi Jakarta Timur
CUST07404,Laki-laki,46+,2025-06-03,Bukittinggi
CUST07405,Laki-laki,36-45,2024-08-06,Balikpapan
CUST07406,Laki-laki,36-45,2024-10-13,Bima
CUST07407,Laki-laki,36-45,2025-04-12,Cilegon
CUST07408,Laki-laki,26-35,2026-06-12,Sawahlunto
CUST07409,Laki-laki,26-35,2026-01-28,Sorong
CUST07410,Perempuan,26-35,2025-04-28,Probolinggo
CUST07411,Perempuan,36-45,2025-08-15,Ambon
CUST07412,Laki-laki,46+,2025-07-12,Kota Administrasi Jakarta Timur
CUST07413,Laki-laki,26-35,2025-08-06,Prabumulih
CUST07414,Laki-laki,18-25,2025-12-10,Singkawang
CUST07415,Laki-laki,46+,2024-07-18,Bogor
CUST07416,Perempuan,18-25,2025-01-03,Pariaman
CUST07417,Laki-laki,26-35,2024-10-12,Sibolga
CUST07418,Laki-laki,18-25,2025-09-07,Pagaralam
CUST07419,Laki-laki,46+,2024-07-04,Bekasi
CUST07420,Laki-laki,26-35,2025-02-04,Jambi
CUST07421,Perempuan,36-45,2026-03-23,Semarang
CUST07422,Laki-laki,18-25,2026-05-13,Manado
CUST07423,Perempuan,18-25,2025-11-12,Gorontalo
CUST07424,Laki-laki,18-25,2025-12-24,Bima
CUST07425,Perempuan,36-45,2024-12-14,Parepare
CUST07426,Perempuan,18-25,2025-12-28,Ambon
CUST07427,Perempuan,46+,2025-03-09,Kota Administrasi Jakarta Barat
CUST07428,Laki-laki,18-25,2024-07-21,Madiun
CUST07429,Laki-laki,26-35,2025-08-23,Padang
CUST07430,Laki-laki,18-25,2025-03-02,Cimahi
CUST07431,Laki-laki,36-45,2025-03-23,Tomohon
CUST07432,Perempuan,18-25,2025-02-06,Bontang
CUST07433,Laki-laki,18-25,2025-01-06,Singkawang
CUST07434,Laki-laki,46+,2024-08-31,Lubuklinggau
CUST07435,Perempuan,46+,2025-11-04,Depok
CUST07436,Perempuan,36-45,2025-12-10,Kota Administrasi Jakarta Utara
CUST07437,Perempuan,18-25,2024-07-08,Padang
CUST07438,Perempuan,18-25,2026-04-04,Parepare
CUST07439,Laki-laki,46+,2026-01-24,Tidore Kepulauan
CUST07440,Perempuan,36-45,2024-08-06,Tanjungpinang
CUST07441,Laki-laki,18-25,2025-01-03,Probolinggo
CUST07442,Laki-laki,36-45,2025-08-11,Padang
CUST07443,Laki-laki,18-25,2025-06-10,Bengkulu
CUST07444,Perempuan,18-25,2025-01-13,Palembang
CUST07445,Perempuan,26-35,2025-01-13,Pematangsiantar
CUST07446,Laki-laki,46+,2026-04-06,Jayapura
CUST07447,Perempuan,36-45,2026-03-31,Solok
CUST07448,Laki-laki,26-35,2024-11-07,Sorong
CUST07449,Perempuan,26-35,2025-04-05,Probolinggo
CUST07450,Laki-laki,26-35,2025-05-10,Tanjungpinang
CUST07451,Laki-laki,26-35,2025-09-11,Tanjungpinang
CUST07452,Laki-laki,26-35,2025-10-10,Lhokseumawe
CUST07453,Perempuan,36-45,2026-06-09,Salatiga
CUST07454,Perempuan,36-45,2025-02-14,Madiun
CUST07455,Perempuan,18-25,2025-03-08,Lubuklinggau
CUST07456,Laki-laki,36-45,2026-03-03,Binjai
CUST07457,Laki-laki,36-45,2024-09-21,Tebingtinggi
CUST07458,Laki-laki,46+,2025-09-25,Banjarmasin
CUST07459,Laki-laki,36-45,2026-04-04,Mataram
CUST07460,Laki-laki,36-45,2024-12-25,Tanjungbalai
CUST07461,Laki-laki,46+,2024-07-21,Binjai
CUST07462,Perempuan,46+,2024-08-10,Bau-Bau
CUST07463,Perempuan,18-25,2025-05-11,Kediri
CUST07464,Laki-laki,18-25,2026-03-25,Gorontalo
CUST07465,Laki-laki,46+,2025-05-10,Kota Administrasi Jakarta Barat
CUST07466,Laki-laki,18-25,2025-05-02,Bengkulu
CUST07467,Laki-laki,18-25,2025-07-21,Madiun
CUST07468,Laki-laki,36-45,2025-04-02,Metro
CUST07469,Perempuan,46+,2025-06-29,Banjarbaru
CUST07470,Laki-laki,18-25,2024-07-06,Bogor
CUST07471,Perempuan,26-35,2025-02-04,Cirebon
CUST07472,Perempuan,18-25,2024-07-23,Metro
CUST07473,Perempuan,26-35,2025-04-04,Ternate
CUST07474,Laki-laki,26-35,2026-04-17,Palangkaraya
CUST07475,Laki-laki,36-45,2025-07-08,Banjarbaru
CUST07476,Perempuan,36-45,2025-02-25,Kota Administrasi Jakarta Selatan
CUST07477,Laki-laki,46+,2024-10-20,Lhokseumawe
CUST07478,Laki-laki,46+,2025-02-16,Mataram
CUST07479,Laki-laki,46+,2025-07-02,Makassar
CUST07480,Perempuan,46+,2025-08-08,Samarinda
CUST07481,Laki-laki,26-35,2025-06-02,Yogyakarta
CUST07482,Perempuan,36-45,2025-02-19,Depok
CUST07483,Laki-laki,18-25,2026-02-13,Pagaralam
CUST07484,Laki-laki,36-45,2024-09-26,Medan
CUST07485,Laki-laki,46+,2025-01-03,Metro
CUST07486,Laki-laki,36-45,2026-02-15,Subulussalam
CUST07487,Perempuan,26-35,2024-11-07,Makassar
CUST07488,Perempuan,26-35,2025-12-13,Banjarbaru
CUST07489,Perempuan,18-25,2024-09-09,Sorong
CUST07490,Laki-laki,26-35,2025-03-03,Kediri
CUST07491,Perempuan,18-25,2026-06-05,Balikpapan
CUST07492,Laki-laki,18-25,2025-12-08,Cilegon
CUST07493,Perempuan,46+,2026-04-12,Bitung
CUST07494,Laki-laki,18-25,2024-10-30,Kupang
CUST07495,Perempuan,18-25,2024-11-04,Pagaralam
CUST07496,Perempuan,36-45,2026-05-02,Tanjungbalai
CUST07497,Laki-laki,18-25,2025-11-09,Lhokseumawe
CUST07498,Perempuan,36-45,2025-04-24,Tual
CUST07499,Laki-laki,46+,2025-02-17,Meulaboh
CUST07500,Perempuan,46+,2024-07-08,Bau-Bau
CUST07501,Perempuan,46+,2024-11-01,Tarakan
CUST07502,Laki-laki,36-45,2024-09-02,Medan
CUST07503,Laki-laki,36-45,2026-05-25,Prabumulih
CUST07504,Perempuan,26-35,2026-02-25,Banjarmasin
CUST07505,Laki-laki,36-45,2024-06-21,Bima
CUST07506,Laki-laki,36-45,2025-06-20,Pariaman
CUST07507,Laki-laki,36-45,2025-12-21,Sabang
CUST07508,Laki-laki,26-35,2024-09-24,Bau-Bau
CUST07509,Laki-laki,18-25,2024-10-29,Palembang
CUST07510,Laki-laki,26-35,2026-06-09,Kota Administrasi Jakarta Timur
CUST07511,Perempuan,26-35,2025-05-29,Tasikmalaya
CUST07512,Perempuan,46+,2025-04-30,Cimahi
CUST07513,Laki-laki,46+,2025-10-26,Batu
CUST07514,Laki-laki,46+,2024-10-09,Cimahi
CUST07515,Laki-laki,46+,2024-07-28,Pontianak
CUST07516,Laki-laki,46+,2024-12-29,Ternate
CUST07517,Perempuan,18-25,2026-01-28,Makassar
CUST07518,Perempuan,26-35,2024-12-11,Malang
CUST07519,Laki-laki,36-45,2025-12-09,Tomohon
CUST07520,Laki-laki,26-35,2025-08-04,Pangkalpinang
CUST07521,Perempuan,36-45,2025-08-21,Subulussalam
CUST07522,Laki-laki,26-35,2024-10-26,Kota Administrasi Jakarta Selatan
CUST07523,Laki-laki,36-45,2025-07-21,Lhokseumawe
CUST07524,Laki-laki,36-45,2024-09-24,Surakarta
CUST07525,Perempuan,18-25,2025-08-24,Pekalongan
CUST07526,Laki-laki,46+,2025-02-23,Mataram
CUST07527,Perempuan,18-25,2026-02-25,Banjarbaru
CUST07528,Laki-laki,46+,2024-07-11,Kota Administrasi Jakarta Pusat
CUST07529,Perempuan,26-35,2025-02-09,Kotamobagu
CUST07530,Perempuan,36-45,2025-11-05,Makassar
CUST07531,Laki-laki,46+,2026-01-12,Dumai
CUST07532,Perempuan,36-45,2026-04-04,Binjai
CUST07533,Perempuan,18-25,2024-10-03,Bukittinggi
CUST07534,Laki-laki,18-25,2026-06-12,Kotamobagu
CUST07535,Perempuan,46+,2026-02-04,Tangerang Selatan
CUST07536,Laki-laki,26-35,2026-06-17,Palopo
CUST07537,Laki-laki,36-45,2025-05-23,Tual
CUST07538,Perempuan,18-25,2024-11-24,Surakarta
CUST07539,Perempuan,26-35,2025-01-30,Pasuruan
CUST07540,Perempuan,46+,2024-10-26,Depok
CUST07541,Laki-laki,26-35,2026-04-21,Tangerang Selatan
CUST07542,Perempuan,36-45,2024-10-26,Parepare
CUST07543,Laki-laki,18-25,2025-03-18,Sungai Penuh
CUST07544,Laki-laki,46+,2025-08-12,Batam
CUST07545,Laki-laki,18-25,2025-10-01,Kota Administrasi Jakarta Barat
CUST07546,Laki-laki,46+,2026-03-21,Kota Administrasi Jakarta Pusat
CUST07547,Perempuan,46+,2025-02-27,Bandung
CUST07548,Laki-laki,18-25,2025-04-13,Madiun
CUST07549,Laki-laki,46+,2025-12-27,Kota Administrasi Jakarta Timur
CUST07550,Laki-laki,18-25,2025-10-14,Magelang
CUST07551,Laki-laki,26-35,2026-04-06,Lhokseumawe
CUST07552,Perempuan,18-25,2024-06-26,Tanjungpinang
CUST07553,Laki-laki,18-25,2026-02-18,Pekanbaru
CUST07554,Perempuan,18-25,2024-08-09,Palembang
CUST07555,Perempuan,18-25,2025-06-20,Pekanbaru
CUST07556,Perempuan,18-25,2026-05-20,Pagaralam
CUST07557,Perempuan,18-25,2025-03-12,Kota Administrasi Jakarta Utara
CUST07558,Perempuan,46+,2024-12-31,Surakarta
CUST07559,Laki-laki,26-35,2025-03-23,Kota Administrasi Jakarta Selatan
CUST07560,Perempuan,46+,2025-05-15,Prabumulih
CUST07561,Laki-laki,18-25,2024-11-27,Tanjungbalai
CUST07562,Perempuan,26-35,2024-08-07,Sibolga
CUST07563,Perempuan,36-45,2025-10-11,Palopo
CUST07564,Laki-laki,46+,2025-12-16,Balikpapan
CUST07565,Perempuan,46+,2025-10-28,Kendari
CUST07566,Perempuan,46+,2025-10-29,Bontang
CUST07567,Laki-laki,18-25,2025-08-07,Pekalongan
CUST07568,Perempuan,26-35,2025-07-20,Prabumulih
CUST07569,Perempuan,46+,2026-01-09,Solok
CUST07570,Laki-laki,26-35,2025-09-01,Semarang
CUST07571,Perempuan,18-25,2025-07-31,Tual
CUST07572,Laki-laki,46+,2025-12-05,Lhokseumawe
CUST07573,Perempuan,46+,2025-02-16,Sawahlunto
CUST07574,Laki-laki,26-35,2025-12-15,Pariaman
CUST07575,Laki-laki,36-45,2024-09-06,Palopo
CUST07576,Laki-laki,46+,2025-11-27,Kota Administrasi Jakarta Pusat
CUST07577,Perempuan,18-25,2025-04-05,Bandung
CUST07578,Laki-laki,26-35,2026-03-08,Tegal
CUST07579,Laki-laki,46+,2025-09-24,Tarakan
CUST07580,Laki-laki,18-25,2024-12-30,Kota Administrasi Jakarta Timur
CUST07581,Laki-laki,36-45,2024-09-27,Sabang
CUST07582,Perempuan,26-35,2025-11-02,Semarang
CUST07583,Laki-laki,36-45,2025-06-01,Pematangsiantar
CUST07584,Perempuan,18-25,2024-12-16,Salatiga
CUST07585,Perempuan,18-25,2026-02-22,Bukittinggi
CUST07586,Perempuan,18-25,2024-09-12,Bandar Lampung
CUST07587,Laki-laki,26-35,2025-04-17,Salatiga
CUST07588,Laki-laki,18-25,2024-11-27,Pematangsiantar
CUST07589,Laki-laki,18-25,2026-04-21,Tasikmalaya
CUST07590,Perempuan,18-25,2025-09-09,Cimahi
CUST07591,Laki-laki,46+,2024-10-08,Banjar
CUST07592,Laki-laki,36-45,2026-03-12,Balikpapan
CUST07593,Laki-laki,46+,2024-11-07,Cirebon
CUST07594,Perempuan,36-45,2026-05-08,Banda Aceh
CUST07595,Perempuan,18-25,2024-08-04,Pangkalpinang
CUST07596,Laki-laki,26-35,2025-05-20,Binjai
CUST07597,Perempuan,18-25,2024-07-22,Pekanbaru
CUST07598,Perempuan,36-45,2026-04-01,Tasikmalaya
CUST07599,Perempuan,18-25,2025-04-12,Balikpapan
CUST07600,Laki-laki,36-45,2025-08-16,Kupang
CUST07601,Laki-laki,26-35,2024-11-11,Meulaboh
CUST07602,Perempuan,36-45,2026-02-25,Kotamobagu
CUST07603,Laki-laki,18-25,2024-08-03,Purwokerto
CUST07604,Perempuan,36-45,2025-01-27,Sungai Penuh
CUST07605,Perempuan,18-25,2024-12-23,Semarang
CUST07606,Laki-laki,46+,2025-07-18,Pariaman
CUST07607,Laki-laki,36-45,2025-01-17,Tomohon
CUST07608,Laki-laki,46+,2026-02-02,Depok
CUST07609,Perempuan,18-25,2025-02-16,Padang Sidempuan
CUST07610,Laki-laki,46+,2026-04-20,Tangerang
CUST07611,Perempuan,26-35,2026-02-20,Bandung
CUST07612,Laki-laki,18-25,2024-06-19,Tegal
CUST07613,Laki-laki,26-35,2026-02-07,Palu
CUST07614,Laki-laki,46+,2026-03-27,Denpasar
CUST07615,Laki-laki,18-25,2024-06-19,Kota Administrasi Jakarta Utara
CUST07616,Laki-laki,36-45,2025-02-27,Palembang
CUST07617,Perempuan,26-35,2026-03-26,Magelang
CUST07618,Perempuan,46+,2024-07-02,Palangkaraya
CUST07619,Perempuan,26-35,2025-05-19,Pagaralam
CUST07620,Perempuan,26-35,2025-01-11,Batu
CUST07621,Laki-laki,18-25,2024-06-27,Medan
CUST07622,Laki-laki,36-45,2025-02-04,Tarakan
CUST07623,Perempuan,18-25,2024-08-26,Kotamobagu
CUST07624,Perempuan,26-35,2024-06-18,Probolinggo
CUST07625,Perempuan,18-25,2025-02-23,Padang
CUST07626,Perempuan,46+,2025-10-06,Yogyakarta
CUST07627,Perempuan,18-25,2025-10-10,Banjar
CUST07628,Perempuan,46+,2025-07-28,Medan
CUST07629,Laki-laki,46+,2026-02-07,Palangkaraya
CUST07630,Perempuan,26-35,2025-05-08,Kupang
CUST07631,Perempuan,26-35,2025-08-21,Metro
CUST07632,Laki-laki,36-45,2025-08-05,Cilegon
CUST07633,Laki-laki,46+,2025-04-14,Balikpapan
CUST07634,Laki-laki,18-25,2025-08-01,Probolinggo
CUST07635,Laki-laki,26-35,2025-05-19,Parepare
CUST07636,Laki-laki,36-45,2025-08-01,Singkawang
CUST07637,Perempuan,26-35,2024-08-12,Bandar Lampung
CUST07638,Laki-laki,46+,2025-04-01,Denpasar
CUST07639,Perempuan,18-25,2025-03-25,Batu
CUST07640,Perempuan,46+,2025-09-02,Metro
CUST07641,Laki-laki,36-45,2024-07-05,Blitar
CUST07642,Perempuan,26-35,2024-07-04,Blitar
CUST07643,Laki-laki,26-35,2025-05-18,Palu
CUST07644,Laki-laki,26-35,2026-04-07,Metro
CUST07645,Perempuan,46+,2024-06-28,Bau-Bau
CUST07646,Perempuan,18-25,2025-08-20,Tual
CUST07647,Perempuan,26-35,2026-05-14,Bogor
CUST07648,Perempuan,36-45,2026-06-17,Pangkalpinang
CUST07649,Laki-laki,26-35,2025-03-24,Pekanbaru
CUST07650,Laki-laki,18-25,2025-02-16,Palu
CUST07651,Perempuan,18-25,2025-06-29,Kupang
CUST07652,Laki-laki,46+,2025-12-17,Surakarta
CUST07653,Perempuan,36-45,2026-01-18,Pasuruan
CUST07654,Laki-laki,36-45,2025-02-02,Sibolga
CUST07655,Perempuan,18-25,2024-11-07,Bengkulu
CUST07656,Laki-laki,36-45,2025-08-11,Kota Administrasi Jakarta Utara
CUST07657,Perempuan,46+,2024-08-27,Bogor
CUST07658,Perempuan,18-25,2025-05-21,Cirebon
CUST07659,Perempuan,18-25,2024-10-21,Sibolga
CUST07660,Perempuan,26-35,2025-06-22,Pekanbaru
CUST07661,Laki-laki,46+,2025-09-16,Palopo
CUST07662,Perempuan,46+,2024-07-28,Tebingtinggi
CUST07663,Perempuan,26-35,2026-01-06,Kota Administrasi Jakarta Timur
CUST07664,Laki-laki,18-25,2026-05-29,Bima
CUST07665,Perempuan,36-45,2026-03-18,Tangerang Selatan
CUST07666,Perempuan,18-25,2025-01-31,Pasuruan
CUST07667,Laki-laki,46+,2026-03-26,Lubuklinggau
CUST07668,Perempuan,46+,2025-05-20,Ambon
CUST07669,Perempuan,26-35,2026-04-04,Blitar
CUST07670,Perempuan,46+,2026-04-03,Payakumbuh
CUST07671,Laki-laki,26-35,2026-03-24,Tarakan
CUST07672,Perempuan,26-35,2025-09-06,Tegal
CUST07673,Perempuan,18-25,2024-07-25,Sorong
CUST07674,Perempuan,18-25,2025-04-23,Tarakan
CUST07675,Perempuan,26-35,2026-05-15,Padang Sidempuan
CUST07676,Laki-laki,36-45,2025-01-16,Palu
CUST07677,Laki-laki,36-45,2024-10-28,Bogor
CUST07678,Laki-laki,36-45,2025-01-19,Cirebon
CUST07679,Perempuan,46+,2025-07-12,Sabang
CUST07680,Perempuan,46+,2025-10-04,Tebingtinggi
CUST07681,Laki-laki,18-25,2026-05-05,Ambon
CUST07682,Laki-laki,26-35,2024-08-01,Pasuruan
CUST07683,Perempuan,26-35,2025-07-26,Cilegon
CUST07684,Perempuan,36-45,2025-12-04,Tasikmalaya
CUST07685,Perempuan,36-45,2025-06-03,Bekasi
CUST07686,Laki-laki,46+,2024-09-30,Batu
CUST07687,Perempuan,46+,2025-04-15,Ambon
CUST07688,Laki-laki,26-35,2025-06-25,Banjarmasin
CUST07689,Perempuan,36-45,2026-02-17,Sabang
CUST07690,Laki-laki,26-35,2025-10-28,Bekasi
CUST07691,Laki-laki,36-45,2024-09-15,Ambon
CUST07692,Perempuan,26-35,2025-10-04,Pangkalpinang
CUST07693,Laki-laki,18-25,2026-05-06,Surabaya
CUST07694,Perempuan,46+,2024-08-22,Denpasar
CUST07695,Laki-laki,36-45,2025-05-14,Tidore Kepulauan
CUST07696,Laki-laki,36-45,2026-05-01,Tidore Kepulauan
CUST07697,Laki-laki,36-45,2025-03-25,Palembang
CUST07698,Perempuan,26-35,2024-07-28,Dumai
CUST07699,Perempuan,46+,2024-07-21,Pangkalpinang
CUST07700,Laki-laki,26-35,2024-08-11,Semarang
CUST07701,Perempuan,26-35,2025-02-15,Ambon
CUST07702,Laki-laki,36-45,2025-06-27,Tanjungpinang
CUST07703,Perempuan,18-25,2026-03-23,Pekalongan
CUST07704,Laki-laki,18-25,2025-09-05,Sabang
CUST07705,Perempuan,36-45,2025-12-21,Tanjungpinang
CUST07706,Perempuan,18-25,2025-01-30,Sukabumi
CUST07707,Perempuan,36-45,2024-10-04,Padang Sidempuan
CUST07708,Perempuan,36-45,2025-09-20,Padang Sidempuan
CUST07709,Laki-laki,36-45,2025-03-11,Serang
CUST07710,Perempuan,36-45,2025-01-02,Parepare
CUST07711,Perempuan,26-35,2026-02-01,Padang Sidempuan
CUST07712,Laki-laki,26-35,2026-03-28,Solok
CUST07713,Perempuan,18-25,2026-02-22,Parepare
CUST07714,Laki-laki,18-25,2024-11-21,Prabumulih
CUST07715,Perempuan,46+,2024-08-20,Yogyakarta
CUST07716,Laki-laki,18-25,2026-01-01,Bandung
CUST07717,Laki-laki,36-45,2025-01-03,Banjar
CUST07718,Laki-laki,36-45,2024-10-14,Sabang
CUST07719,Laki-laki,18-25,2025-11-14,Jayapura
CUST07720,Perempuan,26-35,2025-11-30,Batam
CUST07721,Perempuan,36-45,2025-06-15,Jambi
CUST07722,Laki-laki,36-45,2026-05-02,Palembang
CUST07723,Perempuan,46+,2025-01-01,Makassar
CUST07724,Laki-laki,36-45,2026-04-24,Padangpanjang
CUST07725,Perempuan,26-35,2025-08-02,Padang
CUST07726,Laki-laki,26-35,2026-04-17,Probolinggo
CUST07727,Laki-laki,36-45,2025-05-21,Tidore Kepulauan
CUST07728,Laki-laki,46+,2025-05-16,Depok
CUST07729,Perempuan,18-25,2025-09-16,Tasikmalaya
CUST07730,Laki-laki,46+,2024-12-29,Probolinggo
CUST07731,Perempuan,36-45,2025-07-12,Purwokerto
CUST07732,Laki-laki,18-25,2025-02-07,Lubuklinggau
CUST07733,Perempuan,26-35,2026-02-28,Metro
CUST07734,Laki-laki,36-45,2026-06-02,Padang
CUST07735,Laki-laki,18-25,2026-05-28,Probolinggo
CUST07736,Perempuan,26-35,2024-07-23,Magelang
CUST07737,Perempuan,46+,2024-07-28,Palembang
CUST07738,Laki-laki,46+,2026-06-07,Tarakan
CUST07739,Laki-laki,26-35,2024-07-25,Mataram
CUST07740,Perempuan,18-25,2025-05-31,Manado
CUST07741,Perempuan,36-45,2024-08-18,Mojokerto
CUST07742,Laki-laki,26-35,2024-10-18,Salatiga
CUST07743,Perempuan,46+,2024-11-05,Serang
CUST07744,Laki-laki,26-35,2024-07-13,Yogyakarta
CUST07745,Perempuan,46+,2025-02-24,Banjar
CUST07746,Perempuan,18-25,2025-07-05,Tegal
CUST07747,Perempuan,46+,2024-07-08,Kediri
CUST07748,Perempuan,46+,2024-09-02,Bengkulu
CUST07749,Perempuan,36-45,2025-06-11,Bengkulu
CUST07750,Laki-laki,26-35,2025-09-26,Bontang
CUST07751,Perempuan,36-45,2025-02-27,Tarakan
CUST07752,Perempuan,36-45,2025-05-28,Banjarbaru
CUST07753,Perempuan,46+,2025-12-02,Cimahi
CUST07754,Perempuan,36-45,2025-10-22,Padang
CUST07755,Perempuan,26-35,2025-12-25,Kediri
CUST07756,Laki-laki,36-45,2025-02-16,Tanjungpinang
CUST07757,Laki-laki,18-25,2026-06-17,Tangerang Selatan
CUST07758,Perempuan,36-45,2024-11-01,Bau-Bau
CUST07759,Laki-laki,26-35,2025-11-16,Denpasar
CUST07760,Laki-laki,18-25,2025-05-23,Salatiga
CUST07761,Laki-laki,26-35,2025-03-21,Balikpapan
CUST07762,Perempuan,36-45,2024-10-17,Tual
CUST07763,Laki-laki,26-35,2026-03-10,Bau-Bau
CUST07764,Laki-laki,26-35,2025-02-20,Makassar
CUST07765,Laki-laki,18-25,2024-11-30,Malang
CUST07766,Perempuan,36-45,2026-02-26,Palembang
CUST07767,Laki-laki,26-35,2025-10-22,Bandung
CUST07768,Laki-laki,36-45,2025-05-23,Banjar
CUST07769,Perempuan,46+,2026-03-27,Bengkulu
CUST07770,Laki-laki,26-35,2026-02-01,Tarakan
CUST07771,Perempuan,26-35,2024-11-12,Pangkalpinang
CUST07772,Laki-laki,36-45,2025-09-22,Manado
CUST07773,Perempuan,36-45,2025-12-19,Sukabumi
CUST07774,Perempuan,46+,2024-07-08,Surakarta
CUST07775,Perempuan,26-35,2026-01-21,Banjarbaru
CUST07776,Perempuan,26-35,2024-06-24,Kotamobagu
CUST07777,Perempuan,46+,2025-11-25,Langsa
CUST07778,Perempuan,36-45,2026-02-07,Gorontalo
CUST07779,Perempuan,26-35,2025-12-04,Ambon
CUST07780,Laki-laki,26-35,2025-01-18,Blitar
CUST07781,Perempuan,26-35,2026-06-15,Jambi
CUST07782,Perempuan,36-45,2025-05-15,Pekalongan
CUST07783,Laki-laki,18-25,2025-10-05,Batam
CUST07784,Laki-laki,26-35,2024-08-11,Sorong
CUST07785,Laki-laki,26-35,2025-10-06,Jayapura
CUST07786,Laki-laki,18-25,2025-11-06,Singkawang
CUST07787,Laki-laki,26-35,2025-10-08,Probolinggo
CUST07788,Laki-laki,18-25,2025-03-22,Tual
CUST07789,Perempuan,18-25,2026-01-20,Medan
CUST07790,Laki-laki,46+,2025-12-01,Bontang
CUST07791,Laki-laki,18-25,2024-07-22,Meulaboh
CUST07792,Laki-laki,46+,2024-08-10,Banjarmasin
CUST07793,Perempuan,46+,2025-04-29,Salatiga
CUST07794,Laki-laki,26-35,2026-06-17,Sukabumi
CUST07795,Perempuan,36-45,2024-07-01,Samarinda
CUST07796,Laki-laki,26-35,2025-05-15,Batu
CUST07797,Perempuan,46+,2025-08-15,Tasikmalaya
CUST07798,Laki-laki,46+,2025-05-24,Kota Administrasi Jakarta Selatan
CUST07799,Laki-laki,26-35,2024-07-21,Pariaman
CUST07800,Perempuan,46+,2025-07-11,Tanjungbalai
CUST07801,Perempuan,36-45,2025-11-27,Tasikmalaya
CUST07802,Perempuan,36-45,2026-05-09,Surabaya
CUST07803,Perempuan,46+,2024-11-14,Lhokseumawe
CUST07804,Laki-laki,46+,2025-09-11,Jayapura
CUST07805,Laki-laki,18-25,2024-07-02,Mojokerto
CUST07806,Perempuan,26-35,2025-07-03,Metro
CUST07807,Laki-laki,46+,2026-01-27,Magelang
CUST07808,Perempuan,26-35,2025-02-26,Jambi
CUST07809,Laki-laki,46+,2024-10-19,Balikpapan
CUST07810,Laki-laki,26-35,2024-08-12,Jambi
CUST07811,Perempuan,18-25,2025-04-07,Kota Administrasi Jakarta Pusat
CUST07812,Perempuan,26-35,2024-09-25,Denpasar
CUST07813,Laki-laki,46+,2025-01-25,Palu
CUST07814,Laki-laki,26-35,2025-08-08,Denpasar
CUST07815,Perempuan,26-35,2025-09-12,Sorong
CUST07816,Laki-laki,18-25,2024-11-09,Jayapura
CUST07817,Perempuan,26-35,2026-02-20,Lhokseumawe
CUST07818,Laki-laki,26-35,2025-03-01,Batam
CUST07819,Laki-laki,46+,2024-06-28,Samarinda
CUST07820,Laki-laki,18-25,2024-07-17,Tangerang
CUST07821,Perempuan,36-45,2024-07-23,Kota Administrasi Jakarta Barat
CUST07822,Laki-laki,36-45,2024-06-21,Pekanbaru
CUST07823,Laki-laki,26-35,2024-12-30,Balikpapan
CUST07824,Laki-laki,26-35,2024-10-12,Bekasi
CUST07825,Perempuan,36-45,2025-04-11,Palembang
CUST07826,Laki-laki,26-35,2024-12-04,Singkawang
CUST07827,Perempuan,36-45,2026-06-07,Kotamobagu
CUST07828,Perempuan,46+,2026-05-14,Palu
CUST07829,Laki-laki,46+,2025-03-03,Madiun
CUST07830,Perempuan,46+,2026-04-13,Bekasi
CUST07831,Laki-laki,26-35,2024-10-27,Lhokseumawe
CUST07832,Perempuan,36-45,2024-10-25,Banjar
CUST07833,Laki-laki,18-25,2024-12-13,Padangpanjang
CUST07834,Perempuan,36-45,2025-11-20,Balikpapan
CUST07835,Perempuan,46+,2026-05-05,Palu
CUST07836,Laki-laki,26-35,2025-03-31,Pematangsiantar
CUST07837,Perempuan,46+,2024-11-08,Kota Administrasi Jakarta Pusat
CUST07838,Laki-laki,26-35,2025-06-10,Bandar Lampung
CUST07839,Laki-laki,46+,2025-12-08,Ambon
CUST07840,Laki-laki,26-35,2026-05-22,Binjai
CUST07841,Laki-laki,36-45,2024-08-26,Cilegon
CUST07842,Laki-laki,46+,2024-12-09,Denpasar
CUST07843,Perempuan,18-25,2024-11-10,Tanjungpinang
CUST07844,Laki-laki,46+,2024-10-25,Sukabumi
CUST07845,Perempuan,26-35,2026-02-24,Batam
CUST07846,Laki-laki,26-35,2025-03-17,Pematangsiantar
CUST07847,Laki-laki,18-25,2025-09-04,Tebingtinggi
CUST07848,Laki-laki,26-35,2024-06-20,Salatiga
CUST07849,Perempuan,46+,2024-08-29,Bima
CUST07850,Laki-laki,26-35,2026-02-07,Pekalongan
CUST07851,Laki-laki,18-25,2025-05-22,Prabumulih
CUST07852,Laki-laki,36-45,2025-04-01,Purwokerto
CUST07853,Perempuan,46+,2025-08-18,Tegal
CUST07854,Perempuan,36-45,2025-09-17,Salatiga
CUST07855,Laki-laki,36-45,2026-01-20,Tanjungbalai
CUST07856,Perempuan,26-35,2025-06-17,Tarakan
CUST07857,Laki-laki,46+,2025-12-05,Metro
CUST07858,Laki-laki,18-25,2025-08-22,Tarakan
CUST07859,Laki-laki,18-25,2024-07-26,Kendari
CUST07860,Perempuan,36-45,2025-06-23,Batam
CUST07861,Laki-laki,46+,2025-08-16,Sibolga
CUST07862,Laki-laki,36-45,2024-10-15,Cirebon
CUST07863,Laki-laki,46+,2026-03-03,Magelang
CUST07864,Laki-laki,36-45,2026-05-03,Banjarbaru
CUST07865,Laki-laki,26-35,2025-11-09,Pekanbaru
CUST07866,Laki-laki,18-25,2024-10-02,Tebingtinggi
CUST07867,Laki-laki,26-35,2026-01-23,Cilegon
CUST07868,Perempuan,18-25,2024-06-17,Cirebon
CUST07869,Laki-laki,36-45,2025-08-19,Singkawang
CUST07870,Laki-laki,46+,2025-01-31,Sorong
CUST07871,Perempuan,26-35,2026-06-06,Bogor
CUST07872,Laki-laki,26-35,2025-11-13,Banjarmasin
CUST07873,Laki-laki,46+,2024-12-29,Kota Administrasi Jakarta Utara
CUST07874,Perempuan,18-25,2025-01-19,Kota Administrasi Jakarta Utara
CUST07875,Laki-laki,46+,2025-11-07,Tegal
CUST07876,Laki-laki,18-25,2024-09-27,Batam
CUST07877,Laki-laki,46+,2025-05-10,Samarinda
CUST07878,Laki-laki,26-35,2025-09-27,Tanjungpinang
CUST07879,Laki-laki,18-25,2024-06-24,Ternate
CUST07880,Laki-laki,26-35,2025-10-17,Blitar
CUST07881,Laki-laki,46+,2024-07-15,Banjarbaru
CUST07882,Perempuan,46+,2025-01-18,Jayapura
CUST07883,Laki-laki,18-25,2026-04-10,Blitar
CUST07884,Laki-laki,18-25,2025-12-25,Payakumbuh
CUST07885,Laki-laki,18-25,2025-03-22,Tanjungpinang
CUST07886,Perempuan,46+,2026-04-28,Kota Administrasi Jakarta Barat
CUST07887,Laki-laki,26-35,2025-04-02,Banjar
CUST07888,Laki-laki,18-25,2026-05-15,Pekalongan
CUST07889,Laki-laki,18-25,2024-08-28,Magelang
CUST07890,Perempuan,26-35,2026-05-06,Padang Sidempuan
CUST07891,Perempuan,46+,2024-12-30,Dumai
CUST07892,Laki-laki,26-35,2024-06-19,Malang
CUST07893,Laki-laki,18-25,2025-12-24,Palembang
CUST07894,Perempuan,26-35,2025-06-06,Manado
CUST07895,Perempuan,46+,2025-04-22,Singkawang
CUST07896,Perempuan,26-35,2025-08-08,Blitar
CUST07897,Laki-laki,26-35,2026-02-03,Tangerang Selatan
CUST07898,Perempuan,36-45,2024-07-04,Serang
CUST07899,Laki-laki,26-35,2024-08-25,Tangerang Selatan
CUST07900,Perempuan,26-35,2026-05-04,Parepare
CUST07901,Laki-laki,18-25,2025-02-03,Sibolga
CUST07902,Perempuan,18-25,2024-07-18,Sawahlunto
CUST07903,Perempuan,26-35,2026-01-19,Bitung
CUST07904,Perempuan,18-25,2026-02-16,Kota Administrasi Jakarta Selatan
CUST07905,Perempuan,26-35,2024-12-26,Batam
CUST07906,Laki-laki,36-45,2025-10-11,Mojokerto
CUST07907,Perempuan,26-35,2024-10-20,Salatiga
CUST07908,Laki-laki,26-35,2024-08-19,Bitung
CUST07909,Perempuan,36-45,2025-05-09,Balikpapan
CUST07910,Perempuan,18-25,2025-07-11,Mataram
CUST07911,Laki-laki,26-35,2025-04-28,Padangpanjang
CUST07912,Perempuan,26-35,2026-04-01,Palu
CUST07913,Perempuan,18-25,2026-01-22,Meulaboh
CUST07914,Laki-laki,26-35,2024-12-15,Bukittinggi
CUST07915,Perempuan,18-25,2024-08-21,Mataram
CUST07916,Laki-laki,36-45,2025-03-24,Langsa
CUST07917,Laki-laki,46+,2025-09-11,Tual
CUST07918,Perempuan,36-45,2026-02-15,Langsa
CUST07919,Perempuan,46+,2025-11-08,Palembang
CUST07920,Perempuan,26-35,2025-05-18,Dumai
CUST07921,Laki-laki,18-25,2025-11-30,Sibolga
CUST07922,Perempuan,18-25,2026-02-05,Tasikmalaya
CUST07923,Laki-laki,18-25,2024-12-08,Malang
CUST07924,Laki-laki,46+,2024-06-23,Sukabumi
CUST07925,Laki-laki,46+,2025-09-29,Cimahi
CUST07926,Laki-laki,36-45,2025-06-04,Blitar
CUST07927,Laki-laki,46+,2026-04-05,Meulaboh
CUST07928,Laki-laki,46+,2024-09-29,Bitung
CUST07929,Perempuan,18-25,2024-08-24,Bontang
CUST07930,Laki-laki,18-25,2025-01-01,Padang Sidempuan
CUST07931,Perempuan,18-25,2025-11-15,Ternate
CUST07932,Perempuan,46+,2025-03-10,Kota Administrasi Jakarta Timur
CUST07933,Laki-laki,46+,2025-11-22,Bengkulu
CUST07934,Laki-laki,26-35,2025-11-26,Prabumulih
CUST07935,Laki-laki,36-45,2026-01-08,Serang
CUST07936,Laki-laki,36-45,2025-12-02,Ternate
CUST07937,Perempuan,36-45,2025-10-13,Bontang
CUST07938,Laki-laki,18-25,2025-10-26,Tebingtinggi
CUST07939,Laki-laki,36-45,2025-02-13,Surabaya
CUST07940,Laki-laki,26-35,2025-09-26,Kota Administrasi Jakarta Selatan
CUST07941,Laki-laki,18-25,2024-12-05,Sabang
CUST07942,Laki-laki,36-45,2025-03-07,Bogor
CUST07943,Perempuan,46+,2025-12-28,Palu
CUST07944,Perempuan,36-45,2024-11-08,Surakarta
CUST07945,Perempuan,36-45,2024-07-31,Prabumulih
CUST07946,Laki-laki,36-45,2024-12-17,Kota Administrasi Jakarta Barat
CUST07947,Perempuan,36-45,2025-01-05,Bandung
CUST07948,Perempuan,36-45,2026-03-07,Batu
CUST07949,Perempuan,26-35,2024-08-17,Surakarta
CUST07950,Laki-laki,36-45,2025-08-01,Padang
CUST07951,Perempuan,18-25,2024-07-08,Tebingtinggi
CUST07952,Laki-laki,36-45,2025-01-10,Pangkalpinang
CUST07953,Perempuan,46+,2026-02-11,Tanjungbalai
CUST07954,Laki-laki,18-25,2025-08-28,Payakumbuh
CUST07955,Laki-laki,18-25,2025-02-28,Padang
CUST07956,Laki-laki,18-25,2025-09-15,Tebingtinggi
CUST07957,Laki-laki,26-35,2026-02-06,Dumai
CUST07958,Laki-laki,46+,2025-03-24,Palangkaraya
CUST07959,Laki-laki,18-25,2025-03-31,Kota Administrasi Jakarta Timur
CUST07960,Perempuan,46+,2025-04-18,Tegal
CUST07961,Perempuan,18-25,2025-09-21,Batam
CUST07962,Perempuan,26-35,2025-05-17,Kota Administrasi Jakarta Utara
CUST07963,Perempuan,18-25,2024-09-23,Cirebon
CUST07964,Laki-laki,18-25,2025-03-10,Medan
CUST07965,Perempuan,46+,2024-07-04,Samarinda
CUST07966,Laki-laki,26-35,2025-03-01,Pekanbaru
CUST07967,Laki-laki,18-25,2024-08-23,Denpasar
CUST07968,Perempuan,18-25,2026-01-28,Serang
CUST07969,Perempuan,18-25,2024-10-05,Medan
CUST07970,Laki-laki,18-25,2025-09-07,Mojokerto
CUST07971,Perempuan,46+,2025-02-06,Denpasar
CUST07972,Laki-laki,26-35,2024-09-12,Balikpapan
CUST07973,Laki-laki,46+,2025-06-04,Bogor
CUST07974,Laki-laki,36-45,2024-12-20,Tasikmalaya
CUST07975,Laki-laki,18-25,2025-09-17,Kota Administrasi Jakarta Timur
CUST07976,Perempuan,36-45,2024-11-05,Bitung
CUST07977,Perempuan,46+,2026-06-11,Banjarbaru
CUST07978,Perempuan,26-35,2025-11-17,Sungai Penuh
CUST07979,Perempuan,26-35,2025-08-13,Kota Administrasi Jakarta Barat
CUST07980,Laki-laki,26-35,2026-02-22,Padangpanjang
CUST07981,Laki-laki,18-25,2026-03-13,Langsa
CUST07982,Perempuan,26-35,2026-02-10,Lhokseumawe
CUST07983,Perempuan,36-45,2024-11-29,Palopo
CUST07984,Perempuan,46+,2025-08-31,Jayapura
CUST07985,Perempuan,36-45,2025-11-09,Jayapura
CUST07986,Perempuan,18-25,2024-09-05,Bandar Lampung
CUST07987,Laki-laki,18-25,2025-08-05,Payakumbuh
CUST07988,Laki-laki,36-45,2026-06-17,Cimahi
CUST07989,Laki-laki,26-35,2024-10-05,Bau-Bau
CUST07990,Perempuan,26-35,2025-03-30,Bekasi
CUST07991,Perempuan,36-45,2026-05-29,Lubuklinggau
CUST07992,Perempuan,46+,2024-10-16,Mataram
CUST07993,Perempuan,26-35,2026-03-12,Ternate
CUST07994,Laki-laki,36-45,2026-05-14,Palangkaraya
CUST07995,Laki-laki,26-35,2026-05-08,Kota Administrasi Jakarta Selatan
CUST07996,Laki-laki,46+,2025-01-10,Banjarbaru
CUST07997,Laki-laki,18-25,2024-09-12,Depok
CUST07998,Laki-laki,36-45,2025-10-29,Sukabumi
CUST07999,Perempuan,46+,2026-06-12,Tanjungbalai
CUST08000,Perempuan,18-25,2025-08-01,Makassar
CUST08001,Perempuan,36-45,2026-04-27,Jayapura
CUST08002,Laki-laki,18-25,2026-05-20,Pangkalpinang
CUST08003,Laki-laki,18-25,2025-06-03,Samarinda
CUST08004,Perempuan,46+,2025-05-16,Tangerang Selatan
CUST08005,Perempuan,18-25,2025-02-23,Depok
CUST08006,Perempuan,18-25,2024-11-15,Ambon
CUST08007,Laki-laki,36-45,2024-09-11,Banjarmasin
CUST08008,Laki-laki,18-25,2025-10-31,Tual
CUST08009,Perempuan,18-25,2025-10-18,Bukittinggi
CUST08010,Perempuan,26-35,2026-03-10,Prabumulih
CUST08011,Laki-laki,36-45,2024-08-04,Medan
CUST08012,Laki-laki,18-25,2025-02-24,Bandung
CUST08013,Perempuan,18-25,2024-07-06,Pariaman
CUST08014,Perempuan,46+,2026-04-13,Tegal
CUST08015,Perempuan,46+,2024-09-24,Lhokseumawe
CUST08016,Laki-laki,18-25,2024-11-08,Pangkalpinang
CUST08017,Laki-laki,46+,2025-11-13,Bitung
CUST08018,Perempuan,18-25,2025-05-13,Sibolga
CUST08019,Perempuan,46+,2025-02-05,Samarinda
CUST08020,Perempuan,18-25,2025-12-06,Yogyakarta
CUST08021,Perempuan,46+,2026-05-31,Tual
CUST08022,Laki-laki,26-35,2025-04-22,Payakumbuh
CUST08023,Laki-laki,46+,2024-10-22,Dumai
CUST08024,Perempuan,18-25,2024-09-19,Metro
CUST08025,Perempuan,46+,2025-10-13,Malang
CUST08026,Perempuan,26-35,2025-12-19,Pematangsiantar
CUST08027,Laki-laki,26-35,2026-02-09,Cirebon
CUST08028,Perempuan,46+,2026-05-22,Serang
CUST08029,Laki-laki,26-35,2025-10-30,Samarinda
CUST08030,Perempuan,18-25,2026-01-02,Kota Administrasi Jakarta Barat
CUST08031,Perempuan,18-25,2025-03-11,Tebingtinggi
CUST08032,Laki-laki,36-45,2025-04-03,Surabaya
CUST08033,Laki-laki,46+,2025-11-29,Kendari
CUST08034,Laki-laki,18-25,2024-10-10,Bukittinggi
CUST08035,Laki-laki,46+,2025-10-27,Kediri
CUST08036,Laki-laki,46+,2025-12-12,Pematangsiantar
CUST08037,Laki-laki,18-25,2025-09-28,Ambon
CUST08038,Laki-laki,46+,2025-01-26,Parepare
CUST08039,Laki-laki,26-35,2025-12-05,Manado
CUST08040,Laki-laki,36-45,2024-12-09,Kediri
CUST08041,Laki-laki,18-25,2025-05-11,Bekasi
CUST08042,Laki-laki,36-45,2025-07-16,Bandung
CUST08043,Perempuan,26-35,2025-06-16,Bekasi
CUST08044,Laki-laki,18-25,2026-05-22,Purwokerto
CUST08045,Perempuan,18-25,2025-06-08,Pekanbaru
CUST08046,Perempuan,18-25,2024-11-09,Sibolga
CUST08047,Laki-laki,46+,2025-07-08,Tual
CUST08048,Perempuan,36-45,2025-07-14,Dumai
CUST08049,Laki-laki,26-35,2025-04-09,Bengkulu
CUST08050,Laki-laki,46+,2024-06-27,Bitung
CUST08051,Perempuan,26-35,2024-10-16,Bengkulu
CUST08052,Perempuan,36-45,2025-03-19,Sabang
CUST08053,Perempuan,18-25,2025-11-25,Tarakan
CUST08054,Laki-laki,18-25,2024-08-25,Surakarta
CUST08055,Laki-laki,36-45,2026-02-23,Tarakan
CUST08056,Laki-laki,46+,2026-01-29,Prabumulih
CUST08057,Perempuan,36-45,2026-04-15,Padang
CUST08058,Perempuan,18-25,2025-06-23,Madiun
CUST08059,Laki-laki,26-35,2025-05-26,Blitar
CUST08060,Perempuan,18-25,2024-10-07,Jambi
CUST08061,Perempuan,46+,2025-12-05,Bontang
CUST08062,Laki-laki,18-25,2024-10-20,Subulussalam
CUST08063,Laki-laki,46+,2024-09-07,Kota Administrasi Jakarta Pusat
CUST08064,Perempuan,26-35,2024-10-14,Sabang
CUST08065,Perempuan,26-35,2025-11-19,Tasikmalaya
CUST08066,Perempuan,46+,2026-03-12,Cirebon
CUST08067,Perempuan,18-25,2026-01-08,Padang
CUST08068,Perempuan,18-25,2024-07-31,Denpasar
CUST08069,Perempuan,26-35,2026-03-16,Jambi
CUST08070,Laki-laki,36-45,2025-04-01,Meulaboh
CUST08071,Laki-laki,46+,2024-12-22,Kota Administrasi Jakarta Barat
CUST08072,Laki-laki,36-45,2024-08-07,Prabumulih
CUST08073,Perempuan,18-25,2024-07-30,Mojokerto
CUST08074,Perempuan,26-35,2025-11-30,Kota Administrasi Jakarta Utara
CUST08075,Laki-laki,46+,2024-09-06,Ambon
CUST08076,Perempuan,26-35,2025-06-29,Kediri
CUST08077,Perempuan,46+,2026-04-13,Yogyakarta
CUST08078,Perempuan,18-25,2024-09-19,Bukittinggi
CUST08079,Perempuan,46+,2024-06-27,Jayapura
CUST08080,Laki-laki,36-45,2026-02-08,Cirebon
CUST08081,Laki-laki,46+,2025-04-24,Pekanbaru
CUST08082,Perempuan,46+,2026-02-16,Surabaya
CUST08083,Perempuan,26-35,2025-04-23,Samarinda
CUST08084,Perempuan,46+,2026-03-22,Surabaya
CUST08085,Laki-laki,36-45,2025-03-27,Batam
CUST08086,Perempuan,36-45,2025-02-15,Parepare
CUST08087,Laki-laki,18-25,2024-07-21,Lubuklinggau
CUST08088,Perempuan,18-25,2024-12-29,Cirebon
CUST08089,Laki-laki,36-45,2026-06-14,Medan
CUST08090,Laki-laki,46+,2024-08-23,Tebingtinggi
CUST08091,Laki-laki,26-35,2025-01-10,Batu
CUST08092,Perempuan,26-35,2025-08-30,Magelang
CUST08093,Perempuan,36-45,2025-05-15,Banda Aceh
CUST08094,Laki-laki,18-25,2025-09-02,Samarinda
CUST08095,Laki-laki,36-45,2025-12-28,Semarang
CUST08096,Perempuan,26-35,2024-11-28,Palopo
CUST08097,Laki-laki,46+,2025-08-15,Manado
CUST08098,Laki-laki,36-45,2026-03-04,Banjarmasin
CUST08099,Perempuan,46+,2025-06-22,Bogor
CUST08100,Laki-laki,46+,2024-07-01,Cimahi
CUST08101,Laki-laki,46+,2025-05-20,Surakarta
CUST08102,Laki-laki,18-25,2024-06-28,Solok
CUST08103,Laki-laki,36-45,2026-04-21,Bengkulu
CUST08104,Laki-laki,26-35,2024-09-30,Bukittinggi
CUST08105,Laki-laki,26-35,2025-02-10,Dumai
CUST08106,Perempuan,26-35,2025-09-03,Tomohon
CUST08107,Laki-laki,46+,2025-12-25,Solok
CUST08108,Laki-laki,26-35,2025-04-26,Prabumulih
CUST08109,Laki-laki,46+,2025-08-31,Padang
CUST08110,Perempuan,18-25,2024-07-15,Jambi
CUST08111,Perempuan,26-35,2024-08-13,Pagaralam
CUST08112,Laki-laki,18-25,2025-07-03,Kediri
CUST08113,Perempuan,36-45,2024-08-18,Blitar
CUST08114,Laki-laki,46+,2025-05-23,Tangerang
CUST08115,Perempuan,18-25,2026-01-31,Palu
CUST08116,Laki-laki,36-45,2025-03-07,Sungai Penuh
CUST08117,Perempuan,36-45,2025-08-14,Manado
CUST08118,Perempuan,26-35,2024-12-18,Sorong
CUST08119,Perempuan,18-25,2025-12-01,Dumai
CUST08120,Laki-laki,46+,2024-09-14,Sorong
CUST08121,Perempuan,18-25,2026-02-05,Magelang
CUST08122,Laki-laki,36-45,2025-02-11,Bandar Lampung
CUST08123,Perempuan,18-25,2025-07-20,Denpasar
CUST08124,Perempuan,46+,2024-12-15,Bontang
CUST08125,Laki-laki,46+,2024-07-22,Bitung
CUST08126,Perempuan,18-25,2025-09-15,Manado
CUST08127,Laki-laki,36-45,2026-04-02,Malang
CUST08128,Laki-laki,18-25,2025-06-29,Kota Administrasi Jakarta Timur
CUST08129,Perempuan,46+,2025-01-22,Kotamobagu
CUST08130,Laki-laki,18-25,2025-06-24,Tasikmalaya
CUST08131,Perempuan,18-25,2024-07-25,Bogor
CUST08132,Perempuan,36-45,2025-05-09,Mojokerto
CUST08133,Perempuan,18-25,2025-02-09,Probolinggo
CUST08134,Laki-laki,36-45,2025-11-15,Payakumbuh
CUST08135,Laki-laki,46+,2025-04-24,Samarinda
CUST08136,Perempuan,36-45,2025-05-30,Lhokseumawe
CUST08137,Perempuan,26-35,2026-05-05,Padangpanjang
CUST08138,Perempuan,46+,2026-03-12,Meulaboh
CUST08139,Perempuan,46+,2026-05-09,Pagaralam
CUST08140,Perempuan,18-25,2025-12-05,Kota Administrasi Jakarta Pusat
CUST08141,Perempuan,36-45,2026-04-14,Bandung
CUST08142,Perempuan,36-45,2024-07-04,Kota Administrasi Jakarta Barat
CUST08143,Laki-laki,18-25,2025-03-18,Tanjungpinang
CUST08144,Laki-laki,26-35,2024-12-05,Dumai
CUST08145,Laki-laki,18-25,2024-07-16,Kota Administrasi Jakarta Timur
CUST08146,Perempuan,36-45,2025-08-29,Singkawang
CUST08147,Laki-laki,46+,2024-11-08,Palembang
CUST08148,Laki-laki,36-45,2024-08-17,Subulussalam
CUST08149,Laki-laki,18-25,2025-08-30,Bogor
CUST08150,Perempuan,18-25,2025-09-02,Jayapura
CUST08151,Perempuan,18-25,2025-02-21,Banjarbaru
CUST08152,Laki-laki,46+,2025-12-08,Semarang
CUST08153,Laki-laki,46+,2025-06-13,Cirebon
CUST08154,Perempuan,26-35,2025-03-29,Binjai
CUST08155,Perempuan,26-35,2024-10-20,Pangkalpinang
CUST08156,Laki-laki,36-45,2025-05-04,Pagaralam
CUST08157,Perempuan,36-45,2025-02-04,Bau-Bau
CUST08158,Laki-laki,46+,2026-04-10,Singkawang
CUST08159,Perempuan,18-25,2025-01-28,Singkawang
CUST08160,Laki-laki,18-25,2025-04-18,Kotamobagu
CUST08161,Perempuan,26-35,2025-05-04,Kota Administrasi Jakarta Barat
CUST08162,Perempuan,36-45,2025-02-03,Tomohon
CUST08163,Laki-laki,18-25,2025-01-06,Tidore Kepulauan
CUST08164,Perempuan,46+,2024-12-05,Tarakan
CUST08165,Perempuan,36-45,2025-01-02,Lhokseumawe
CUST08166,Perempuan,46+,2025-10-05,Mojokerto
CUST08167,Perempuan,46+,2025-09-02,Tomohon
CUST08168,Laki-laki,36-45,2025-10-01,Tarakan
CUST08169,Perempuan,36-45,2026-04-14,Kota Administrasi Jakarta Utara
CUST08170,Laki-laki,18-25,2025-09-09,Kotamobagu
CUST08171,Perempuan,36-45,2024-12-09,Padang Sidempuan
CUST08172,Perempuan,36-45,2025-01-07,Pontianak
CUST08173,Perempuan,46+,2026-01-27,Bontang
CUST08174,Perempuan,18-25,2024-12-08,Semarang
CUST08175,Perempuan,36-45,2025-02-26,Blitar
CUST08176,Perempuan,26-35,2025-09-30,Tebingtinggi
CUST08177,Laki-laki,18-25,2026-06-13,Samarinda
CUST08178,Perempuan,26-35,2025-11-18,Bengkulu
CUST08179,Laki-laki,36-45,2024-12-27,Bima
CUST08180,Perempuan,46+,2024-06-23,Blitar
CUST08181,Perempuan,26-35,2024-08-03,Binjai
CUST08182,Laki-laki,46+,2026-04-16,Tual
CUST08183,Perempuan,36-45,2024-07-20,Madiun
CUST08184,Laki-laki,18-25,2025-02-06,Depok
CUST08185,Perempuan,36-45,2025-01-25,Medan
CUST08186,Perempuan,26-35,2025-03-05,Sawahlunto
CUST08187,Laki-laki,18-25,2024-09-27,Bandung
CUST08188,Perempuan,26-35,2024-12-23,Banjar
CUST08189,Laki-laki,18-25,2025-02-06,Salatiga
CUST08190,Laki-laki,26-35,2025-05-19,Metro
CUST08191,Perempuan,26-35,2026-06-08,Bontang
CUST08192,Perempuan,46+,2025-12-30,Salatiga
CUST08193,Perempuan,46+,2024-07-29,Bontang
CUST08194,Perempuan,46+,2026-05-14,Bima
CUST08195,Laki-laki,36-45,2024-09-30,Gorontalo
CUST08196,Laki-laki,46+,2026-01-07,Magelang
CUST08197,Laki-laki,18-25,2026-04-14,Manado
CUST08198,Laki-laki,26-35,2025-08-01,Depok
CUST08199,Perempuan,18-25,2025-02-28,Sorong
CUST08200,Laki-laki,36-45,2025-11-25,Ambon
CUST08201,Perempuan,46+,2025-08-22,Bau-Bau
CUST08202,Laki-laki,18-25,2026-06-03,Batam
CUST08203,Laki-laki,18-25,2025-01-05,Purwokerto
CUST08204,Perempuan,46+,2025-02-03,Kota Administrasi Jakarta Selatan
CUST08205,Perempuan,46+,2025-12-09,Mojokerto
CUST08206,Laki-laki,26-35,2025-04-14,Bau-Bau
CUST08207,Laki-laki,26-35,2024-08-12,Probolinggo
CUST08208,Perempuan,46+,2025-08-18,Banjarbaru
CUST08209,Laki-laki,36-45,2026-05-05,Kupang
CUST08210,Perempuan,26-35,2026-05-09,Depok
CUST08211,Perempuan,36-45,2026-03-22,Cilegon
CUST08212,Laki-laki,46+,2026-06-11,Bandung
CUST08213,Laki-laki,26-35,2026-04-14,Depok
CUST08214,Laki-laki,26-35,2025-02-12,Kupang
CUST08215,Laki-laki,26-35,2024-11-06,Padang Sidempuan
CUST08216,Perempuan,26-35,2024-11-25,Banda Aceh
CUST08217,Perempuan,36-45,2025-02-05,Surabaya
CUST08218,Laki-laki,46+,2025-06-02,Pekalongan
CUST08219,Perempuan,46+,2026-01-13,Probolinggo
CUST08220,Laki-laki,46+,2026-03-24,Bandung
CUST08221,Perempuan,26-35,2025-08-19,Tarakan
CUST08222,Perempuan,36-45,2025-12-18,Salatiga
CUST08223,Laki-laki,36-45,2026-04-16,Metro
CUST08224,Laki-laki,18-25,2026-01-23,Bukittinggi
CUST08225,Laki-laki,36-45,2026-05-06,Sukabumi
CUST08226,Perempuan,36-45,2025-11-13,Palembang
CUST08227,Perempuan,18-25,2026-05-08,Batam
CUST08228,Laki-laki,46+,2025-06-13,Depok
CUST08229,Perempuan,36-45,2024-07-16,Gorontalo
CUST08230,Perempuan,36-45,2026-04-01,Banjarmasin
CUST08231,Perempuan,36-45,2024-10-15,Prabumulih
CUST08232,Laki-laki,26-35,2026-02-23,Banjarbaru
CUST08233,Laki-laki,18-25,2024-10-21,Sabang
CUST08234,Laki-laki,26-35,2025-10-03,Pagaralam
CUST08235,Laki-laki,46+,2025-04-16,Denpasar
CUST08236,Perempuan,46+,2025-05-31,Tegal
CUST08237,Laki-laki,46+,2026-04-25,Dumai
CUST08238,Perempuan,46+,2024-11-20,Pematangsiantar
CUST08239,Laki-laki,26-35,2024-10-14,Balikpapan
CUST08240,Perempuan,26-35,2024-09-30,Bogor
CUST08241,Perempuan,26-35,2025-02-28,Samarinda
CUST08242,Laki-laki,26-35,2024-09-08,Gorontalo
CUST08243,Perempuan,26-35,2026-04-29,Kediri
CUST08244,Laki-laki,46+,2024-07-04,Dumai
CUST08245,Perempuan,18-25,2024-12-31,Pangkalpinang
CUST08246,Laki-laki,18-25,2025-05-25,Tegal
CUST08247,Perempuan,26-35,2025-12-06,Surakarta
CUST08248,Laki-laki,36-45,2026-05-17,Palu
CUST08249,Perempuan,26-35,2025-03-27,Palembang
CUST08250,Laki-laki,46+,2026-04-12,Bontang
CUST08251,Laki-laki,36-45,2026-02-09,Singkawang
CUST08252,Laki-laki,36-45,2025-10-03,Tomohon
CUST08253,Laki-laki,36-45,2026-03-11,Kota Administrasi Jakarta Barat
CUST08254,Laki-laki,36-45,2026-05-15,Cirebon
CUST08255,Laki-laki,18-25,2025-01-18,Gorontalo
CUST08256,Laki-laki,18-25,2024-07-30,Cirebon
CUST08257,Perempuan,46+,2026-05-25,Ternate
CUST08258,Perempuan,36-45,2025-09-11,Pasuruan
CUST08259,Laki-laki,46+,2024-10-27,Bandar Lampung
CUST08260,Perempuan,26-35,2024-12-02,Tasikmalaya
CUST08261,Perempuan,36-45,2026-05-30,Banjar
CUST08262,Perempuan,36-45,2024-09-23,Palu
CUST08263,Perempuan,36-45,2024-08-08,Bekasi
CUST08264,Perempuan,18-25,2025-06-04,Cilegon
CUST08265,Laki-laki,36-45,2025-11-13,Kupang
CUST08266,Laki-laki,46+,2024-07-27,Banjarmasin
CUST08267,Laki-laki,46+,2025-05-24,Kota Administrasi Jakarta Selatan
CUST08268,Laki-laki,18-25,2025-11-12,Tegal
CUST08269,Perempuan,26-35,2026-02-09,Parepare
CUST08270,Laki-laki,26-35,2025-10-28,Madiun
CUST08271,Perempuan,36-45,2026-03-19,Padang Sidempuan
CUST08272,Perempuan,46+,2024-09-07,Kota Administrasi Jakarta Selatan
CUST08273,Laki-laki,18-25,2024-07-25,Mataram
CUST08274,Perempuan,36-45,2025-10-26,Prabumulih
CUST08275,Perempuan,26-35,2026-04-25,Bukittinggi
CUST08276,Perempuan,18-25,2026-02-19,Sorong
CUST08277,Perempuan,46+,2024-10-10,Pekalongan
CUST08278,Laki-laki,36-45,2026-04-25,Denpasar
CUST08279,Perempuan,26-35,2024-10-15,Serang
CUST08280,Laki-laki,18-25,2024-07-18,Meulaboh
CUST08281,Perempuan,36-45,2025-04-19,Tasikmalaya
CUST08282,Laki-laki,36-45,2024-12-31,Kota Administrasi Jakarta Barat
CUST08283,Laki-laki,26-35,2025-06-29,Sorong
CUST08284,Laki-laki,46+,2024-11-09,Samarinda
CUST08285,Laki-laki,26-35,2026-02-04,Denpasar
CUST08286,Laki-laki,18-25,2024-09-02,Bau-Bau
CUST08287,Laki-laki,18-25,2024-08-22,Bitung
CUST08288,Perempuan,18-25,2025-08-03,Pekanbaru
CUST08289,Perempuan,26-35,2024-07-19,Tanjungpinang
CUST08290,Laki-laki,26-35,2025-03-13,Tidore Kepulauan
CUST08291,Laki-laki,26-35,2025-10-07,Surakarta
CUST08292,Laki-laki,26-35,2026-05-29,Palu
CUST08293,Laki-laki,18-25,2026-04-12,Pasuruan
CUST08294,Laki-laki,18-25,2025-01-29,Sorong
CUST08295,Laki-laki,26-35,2026-06-11,Serang
CUST08296,Laki-laki,18-25,2024-10-12,Bima
CUST08297,Laki-laki,18-25,2025-09-16,Tanjungbalai
CUST08298,Perempuan,46+,2025-03-19,Serang
CUST08299,Perempuan,46+,2025-02-19,Payakumbuh
CUST08300,Laki-laki,18-25,2024-09-04,Cirebon
CUST08301,Laki-laki,46+,2024-10-05,Meulaboh
CUST08302,Perempuan,18-25,2026-01-19,Kota Administrasi Jakarta Barat
CUST08303,Laki-laki,18-25,2024-12-05,Denpasar
CUST08304,Perempuan,26-35,2024-10-22,Mataram
CUST08305,Perempuan,46+,2026-04-13,Bukittinggi
CUST08306,Laki-laki,36-45,2024-10-07,Metro
CUST08307,Laki-laki,26-35,2024-10-31,Tangerang
CUST08308,Perempuan,36-45,2025-02-20,Semarang
CUST08309,Laki-laki,18-25,2026-04-30,Depok
CUST08310,Laki-laki,46+,2026-05-23,Ternate
CUST08311,Perempuan,46+,2026-01-09,Tanjungbalai
CUST08312,Laki-laki,26-35,2025-08-10,Dumai
CUST08313,Perempuan,36-45,2025-01-28,Langsa
CUST08314,Perempuan,36-45,2025-05-26,Lhokseumawe
CUST08315,Laki-laki,18-25,2025-07-12,Pekanbaru
CUST08316,Laki-laki,26-35,2025-09-25,Balikpapan
CUST08317,Laki-laki,46+,2025-01-13,Banda Aceh
CUST08318,Perempuan,26-35,2026-03-03,Balikpapan
CUST08319,Laki-laki,36-45,2026-04-16,Singkawang
CUST08320,Perempuan,36-45,2025-11-29,Yogyakarta
CUST08321,Perempuan,46+,2025-07-16,Batu
CUST08322,Laki-laki,36-45,2025-10-05,Depok
CUST08323,Laki-laki,18-25,2026-02-19,Payakumbuh
CUST08324,Perempuan,46+,2025-01-02,Mojokerto
CUST08325,Perempuan,46+,2025-05-14,Cilegon
CUST08326,Perempuan,18-25,2026-04-29,Padangpanjang
CUST08327,Laki-laki,18-25,2024-12-15,Denpasar
CUST08328,Perempuan,36-45,2025-06-03,Parepare
CUST08329,Perempuan,18-25,2025-02-19,Cilegon
CUST08330,Laki-laki,26-35,2026-05-26,Salatiga
CUST08331,Perempuan,18-25,2024-10-14,Padangpanjang
CUST08332,Perempuan,36-45,2024-08-18,Malang
CUST08333,Laki-laki,46+,2025-08-12,Bontang
CUST08334,Perempuan,46+,2026-03-07,Bandar Lampung
CUST08335,Laki-laki,18-25,2025-11-07,Samarinda
CUST08336,Perempuan,26-35,2026-01-01,Bukittinggi
CUST08337,Perempuan,46+,2025-09-20,Binjai
CUST08338,Laki-laki,36-45,2024-08-11,Yogyakarta
CUST08339,Laki-laki,46+,2025-05-01,Banjar
CUST08340,Perempuan,26-35,2024-10-12,Lubuklinggau
CUST08341,Perempuan,46+,2026-01-26,Kediri
CUST08342,Laki-laki,26-35,2025-05-21,Pangkalpinang
CUST08343,Perempuan,18-25,2025-11-18,Sukabumi
CUST08344,Perempuan,46+,2025-04-30,Solok
CUST08345,Laki-laki,36-45,2025-12-30,Surakarta
CUST08346,Laki-laki,36-45,2026-01-31,Banjar
CUST08347,Perempuan,26-35,2025-05-18,Batu
CUST08348,Perempuan,46+,2025-03-04,Solok
CUST08349,Laki-laki,46+,2025-07-21,Sukabumi
CUST08350,Perempuan,18-25,2025-11-18,Bengkulu
CUST08351,Laki-laki,26-35,2024-11-15,Tebingtinggi
CUST08352,Laki-laki,18-25,2024-09-08,Sungai Penuh
CUST08353,Laki-laki,46+,2025-08-09,Banjar
CUST08354,Perempuan,46+,2025-01-14,Tarakan
CUST08355,Laki-laki,46+,2026-04-12,Batam
CUST08356,Laki-laki,36-45,2026-03-15,Cirebon
CUST08357,Laki-laki,18-25,2026-04-08,Bengkulu
CUST08358,Perempuan,26-35,2026-03-22,Batu
CUST08359,Laki-laki,46+,2025-04-02,Pekanbaru
CUST08360,Perempuan,36-45,2025-11-13,Tasikmalaya
CUST08361,Perempuan,18-25,2025-04-02,Palangkaraya
CUST08362,Perempuan,46+,2025-08-13,Prabumulih
CUST08363,Perempuan,36-45,2025-07-09,Langsa
CUST08364,Laki-laki,26-35,2026-05-12,Bima
CUST08365,Perempuan,36-45,2026-01-31,Pontianak
CUST08366,Perempuan,26-35,2025-02-25,Sabang
CUST08367,Laki-laki,18-25,2025-08-08,Meulaboh
CUST08368,Laki-laki,36-45,2025-02-12,Tomohon
CUST08369,Laki-laki,46+,2024-09-28,Banjar
CUST08370,Laki-laki,46+,2026-02-24,Cirebon
CUST08371,Perempuan,26-35,2025-09-02,Palembang
CUST08372,Laki-laki,26-35,2025-10-25,Kota Administrasi Jakarta Barat
CUST08373,Perempuan,36-45,2026-03-25,Pematangsiantar
CUST08374,Laki-laki,46+,2025-02-26,Subulussalam
CUST08375,Laki-laki,36-45,2025-04-25,Padang
CUST08376,Perempuan,36-45,2026-01-19,Tidore Kepulauan
CUST08377,Laki-laki,18-25,2024-09-17,Tebingtinggi
CUST08378,Perempuan,36-45,2024-09-25,Kupang
CUST08379,Perempuan,46+,2025-11-10,Binjai
CUST08380,Laki-laki,36-45,2025-10-04,Tasikmalaya
CUST08381,Perempuan,26-35,2026-06-09,Bontang
CUST08382,Laki-laki,26-35,2024-11-03,Depok
CUST08383,Laki-laki,36-45,2024-11-06,Lhokseumawe
CUST08384,Perempuan,18-25,2025-12-05,Banjar
CUST08385,Laki-laki,18-25,2025-01-23,Singkawang
CUST08386,Laki-laki,46+,2024-12-30,Binjai
CUST08387,Laki-laki,36-45,2025-01-21,Pekanbaru
CUST08388,Perempuan,36-45,2026-05-30,Bekasi
CUST08389,Laki-laki,46+,2025-06-17,Bukittinggi
CUST08390,Laki-laki,26-35,2026-03-20,Semarang
CUST08391,Laki-laki,36-45,2025-10-03,Samarinda
CUST08392,Perempuan,26-35,2025-12-05,Sungai Penuh
CUST08393,Laki-laki,36-45,2024-10-19,Binjai
CUST08394,Perempuan,18-25,2026-01-09,Banjarmasin
CUST08395,Laki-laki,18-25,2024-12-04,Pagaralam
CUST08396,Perempuan,26-35,2025-05-01,Ternate
CUST08397,Laki-laki,36-45,2025-12-03,Tarakan
CUST08398,Perempuan,26-35,2024-06-18,Ambon
CUST08399,Laki-laki,26-35,2025-03-14,Tidore Kepulauan
CUST08400,Perempuan,18-25,2024-10-20,Depok
CUST08401,Perempuan,36-45,2025-08-13,Depok
CUST08402,Laki-laki,46+,2026-04-26,Ambon
CUST08403,Laki-laki,18-25,2025-02-21,Madiun
CUST08404,Perempuan,18-25,2026-03-07,Kota Administrasi Jakarta Timur
CUST08405,Laki-laki,18-25,2024-12-23,Purwokerto
CUST08406,Perempuan,18-25,2025-12-20,Manado
CUST08407,Laki-laki,46+,2025-08-20,Padangpanjang
CUST08408,Laki-laki,18-25,2026-04-02,Surabaya
CUST08409,Perempuan,26-35,2026-02-11,Banjarmasin
CUST08410,Perempuan,18-25,2025-06-02,Prabumulih
CUST08411,Laki-laki,36-45,2025-12-10,Cilegon
CUST08412,Laki-laki,46+,2026-03-17,Tomohon
CUST08413,Laki-laki,26-35,2025-05-21,Kediri
CUST08414,Laki-laki,18-25,2024-11-01,Pekalongan
CUST08415,Laki-laki,46+,2025-10-03,Tangerang
CUST08416,Laki-laki,46+,2026-02-20,Jambi
CUST08417,Perempuan,18-25,2026-03-11,Padang Sidempuan
CUST08418,Laki-laki,46+,2026-05-17,Pekalongan
CUST08419,Perempuan,18-25,2025-03-05,Sorong
CUST08420,Perempuan,36-45,2025-08-12,Cirebon
CUST08421,Perempuan,26-35,2025-04-21,Bima
CUST08422,Laki-laki,46+,2024-12-26,Purwokerto
CUST08423,Perempuan,26-35,2025-02-08,Ambon
CUST08424,Perempuan,36-45,2024-08-13,Bukittinggi
CUST08425,Laki-laki,36-45,2025-11-14,Dumai
CUST08426,Perempuan,46+,2026-05-17,Tasikmalaya
CUST08427,Laki-laki,46+,2025-10-02,Bengkulu
CUST08428,Laki-laki,26-35,2025-11-21,Malang
CUST08429,Perempuan,26-35,2026-05-15,Pangkalpinang
CUST08430,Perempuan,18-25,2026-01-10,Pontianak
CUST08431,Laki-laki,18-25,2025-06-22,Tarakan
CUST08432,Laki-laki,36-45,2026-06-15,Padang
CUST08433,Perempuan,18-25,2026-05-13,Payakumbuh
CUST08434,Laki-laki,36-45,2025-04-12,Sungai Penuh
CUST08435,Perempuan,26-35,2024-07-20,Tomohon
CUST08436,Laki-laki,18-25,2025-10-18,Sawahlunto
CUST08437,Perempuan,36-45,2024-10-24,Subulussalam
CUST08438,Laki-laki,36-45,2026-05-16,Sungai Penuh
CUST08439,Perempuan,36-45,2026-03-10,Kota Administrasi Jakarta Barat
CUST08440,Laki-laki,36-45,2026-02-05,Solok
CUST08441,Laki-laki,46+,2024-09-23,Sibolga
CUST08442,Laki-laki,46+,2025-05-28,Binjai
CUST08443,Perempuan,46+,2025-06-09,Manado
CUST08444,Laki-laki,46+,2025-09-20,Sawahlunto
CUST08445,Perempuan,26-35,2026-04-10,Probolinggo
CUST08446,Laki-laki,36-45,2025-12-07,Malang
CUST08447,Perempuan,26-35,2025-11-12,Cirebon
CUST08448,Perempuan,26-35,2026-01-08,Tasikmalaya
CUST08449,Perempuan,26-35,2026-03-17,Tanjungpinang
CUST08450,Perempuan,36-45,2025-04-16,Medan
CUST08451,Perempuan,26-35,2025-12-09,Prabumulih
CUST08452,Laki-laki,36-45,2025-04-11,Singkawang
CUST08453,Perempuan,18-25,2026-04-23,Samarinda
CUST08454,Perempuan,46+,2026-03-23,Bogor
CUST08455,Perempuan,18-25,2025-02-23,Gorontalo
CUST08456,Perempuan,36-45,2025-02-11,Makassar
CUST08457,Perempuan,36-45,2025-02-25,Sibolga
CUST08458,Perempuan,18-25,2025-01-14,Sorong
CUST08459,Perempuan,46+,2025-10-24,Tual
CUST08460,Laki-laki,26-35,2025-05-28,Bogor
CUST08461,Laki-laki,18-25,2025-09-09,Palembang
CUST08462,Laki-laki,36-45,2025-01-11,Bontang
CUST08463,Perempuan,18-25,2026-02-01,Pagaralam
CUST08464,Laki-laki,46+,2025-09-18,Batam
CUST08465,Perempuan,18-25,2026-01-31,Samarinda
CUST08466,Laki-laki,26-35,2025-10-10,Pasuruan
CUST08467,Laki-laki,18-25,2024-07-03,Purwokerto
CUST08468,Laki-laki,46+,2026-02-14,Lhokseumawe
CUST08469,Perempuan,18-25,2025-12-01,Kota Administrasi Jakarta Pusat
CUST08470,Laki-laki,26-35,2025-08-25,Tangerang Selatan
CUST08471,Perempuan,36-45,2025-10-09,Padang
CUST08472,Perempuan,46+,2025-01-17,Pekanbaru
CUST08473,Laki-laki,26-35,2024-11-14,Binjai
CUST08474,Laki-laki,18-25,2025-05-02,Kota Administrasi Jakarta Barat
CUST08475,Perempuan,36-45,2025-01-27,Pematangsiantar
CUST08476,Laki-laki,36-45,2025-10-19,Gorontalo
CUST08477,Perempuan,18-25,2025-04-22,Metro
CUST08478,Laki-laki,18-25,2025-01-30,Kota Administrasi Jakarta Selatan
CUST08479,Laki-laki,26-35,2025-01-28,Balikpapan
CUST08480,Laki-laki,46+,2026-02-22,Surabaya
CUST08481,Perempuan,36-45,2025-10-27,Balikpapan
CUST08482,Laki-laki,18-25,2025-02-25,Bitung
CUST08483,Laki-laki,46+,2026-03-28,Cilegon
CUST08484,Laki-laki,18-25,2025-04-22,Palu
CUST08485,Perempuan,18-25,2024-07-17,Padang
CUST08486,Perempuan,26-35,2025-01-28,Banda Aceh
CUST08487,Laki-laki,36-45,2026-03-31,Kota Administrasi Jakarta Timur
CUST08488,Perempuan,46+,2025-08-06,Manado
CUST08489,Perempuan,18-25,2025-07-25,Yogyakarta
CUST08490,Perempuan,36-45,2024-12-05,Sabang
CUST08491,Laki-laki,46+,2026-04-29,Surakarta
CUST08492,Laki-laki,46+,2026-03-03,Magelang
CUST08493,Laki-laki,26-35,2025-06-26,Surakarta
CUST08494,Perempuan,18-25,2026-03-11,Solok
CUST08495,Perempuan,36-45,2025-09-22,Kota Administrasi Jakarta Selatan
CUST08496,Laki-laki,26-35,2026-03-26,Purwokerto
CUST08497,Laki-laki,18-25,2025-03-14,Kendari
CUST08498,Laki-laki,46+,2024-06-28,Palopo
CUST08499,Perempuan,26-35,2026-02-19,Balikpapan
CUST08500,Perempuan,18-25,2024-07-23,Jambi
CUST08501,Laki-laki,18-25,2024-07-22,Tebingtinggi
CUST08502,Laki-laki,36-45,2025-04-16,Bima
CUST08503,Perempuan,26-35,2025-09-19,Sukabumi
CUST08504,Laki-laki,26-35,2024-11-21,Manado
CUST08505,Perempuan,18-25,2025-04-13,Bengkulu
CUST08506,Perempuan,18-25,2025-08-24,Yogyakarta
CUST08507,Laki-laki,36-45,2025-08-30,Palembang
CUST08508,Laki-laki,26-35,2025-08-11,Palangkaraya
CUST08509,Perempuan,26-35,2025-05-31,Pekalongan
CUST08510,Perempuan,36-45,2026-01-29,Tebingtinggi
CUST08511,Laki-laki,36-45,2026-05-26,Sungai Penuh
CUST08512,Perempuan,26-35,2024-09-16,Cilegon
CUST08513,Laki-laki,36-45,2025-05-04,Bandar Lampung
CUST08514,Perempuan,18-25,2024-09-12,Pagaralam
CUST08515,Laki-laki,18-25,2025-04-02,Banjarbaru
CUST08516,Perempuan,46+,2024-12-13,Kupang
CUST08517,Laki-laki,18-25,2025-02-07,Blitar
CUST08518,Perempuan,46+,2025-09-27,Mojokerto
CUST08519,Laki-laki,18-25,2025-06-27,Surakarta
CUST08520,Perempuan,46+,2025-03-10,Sabang
CUST08521,Perempuan,36-45,2026-05-18,Medan
CUST08522,Laki-laki,26-35,2024-10-23,Bandung
CUST08523,Perempuan,36-45,2025-04-06,Blitar
CUST08524,Laki-laki,26-35,2024-09-15,Malang
CUST08525,Laki-laki,36-45,2025-10-04,Pariaman
CUST08526,Perempuan,36-45,2024-10-01,Pagaralam
CUST08527,Laki-laki,18-25,2026-02-03,Denpasar
CUST08528,Laki-laki,46+,2026-06-16,Bitung
CUST08529,Perempuan,46+,2025-10-03,Magelang
CUST08530,Perempuan,26-35,2024-12-17,Subulussalam
CUST08531,Perempuan,36-45,2025-11-01,Palembang
CUST08532,Laki-laki,26-35,2026-02-23,Kota Administrasi Jakarta Selatan
CUST08533,Laki-laki,36-45,2025-07-09,Pariaman
CUST08534,Laki-laki,18-25,2026-05-17,Langsa
CUST08535,Perempuan,26-35,2025-08-11,Tangerang Selatan
CUST08536,Perempuan,36-45,2026-02-17,Medan
CUST08537,Perempuan,26-35,2025-09-23,Serang
CUST08538,Perempuan,26-35,2025-05-22,Cimahi
CUST08539,Perempuan,18-25,2024-08-30,Prabumulih
CUST08540,Perempuan,36-45,2024-12-08,Ambon
CUST08541,Laki-laki,18-25,2025-07-01,Bogor
CUST08542,Laki-laki,26-35,2025-01-26,Tegal
CUST08543,Laki-laki,26-35,2025-03-14,Bima
CUST08544,Perempuan,36-45,2024-10-24,Ambon
CUST08545,Laki-laki,18-25,2026-01-13,Mojokerto
CUST08546,Laki-laki,18-25,2024-09-24,Bekasi
CUST08547,Laki-laki,46+,2026-06-09,Tasikmalaya
CUST08548,Laki-laki,36-45,2026-02-12,Kendari
CUST08549,Laki-laki,18-25,2026-06-04,Subulussalam
CUST08550,Perempuan,36-45,2025-06-11,Cilegon
CUST08551,Laki-laki,18-25,2025-05-13,Prabumulih
CUST08552,Laki-laki,18-25,2025-10-29,Solok
CUST08553,Laki-laki,46+,2025-03-13,Tasikmalaya
CUST08554,Perempuan,46+,2025-11-23,Purwokerto
CUST08555,Laki-laki,26-35,2025-02-24,Denpasar
CUST08556,Laki-laki,36-45,2025-09-13,Cimahi
CUST08557,Perempuan,46+,2025-11-28,Bogor
CUST08558,Perempuan,46+,2025-12-22,Bengkulu
CUST08559,Perempuan,26-35,2025-04-28,Pekalongan
CUST08560,Laki-laki,26-35,2025-02-26,Medan
CUST08561,Perempuan,36-45,2025-10-07,Palopo
CUST08562,Laki-laki,46+,2024-08-07,Makassar
CUST08563,Laki-laki,26-35,2026-05-29,Pontianak
CUST08564,Laki-laki,46+,2026-04-09,Mataram
CUST08565,Laki-laki,18-25,2025-02-11,Kota Administrasi Jakarta Selatan
CUST08566,Laki-laki,46+,2025-05-31,Lhokseumawe
CUST08567,Perempuan,36-45,2025-01-12,Kediri
CUST08568,Laki-laki,18-25,2026-01-31,Subulussalam
CUST08569,Perempuan,46+,2024-11-30,Yogyakarta
CUST08570,Perempuan,18-25,2024-10-04,Palembang
CUST08571,Laki-laki,18-25,2026-04-26,Binjai
CUST08572,Perempuan,18-25,2026-03-26,Bitung
CUST08573,Laki-laki,36-45,2025-03-20,Tanjungpinang
CUST08574,Laki-laki,26-35,2026-03-04,Dumai
CUST08575,Laki-laki,26-35,2025-01-04,Sibolga
CUST08576,Laki-laki,46+,2024-11-21,Magelang
CUST08577,Laki-laki,18-25,2024-12-13,Pekanbaru
CUST08578,Laki-laki,18-25,2025-08-06,Jayapura
CUST08579,Perempuan,18-25,2024-11-15,Pontianak
CUST08580,Perempuan,18-25,2024-12-03,Bau-Bau
CUST08581,Perempuan,18-25,2026-04-26,Tanjungbalai
CUST08582,Perempuan,18-25,2024-11-20,Sukabumi
CUST08583,Laki-laki,46+,2025-07-26,Pagaralam
CUST08584,Laki-laki,36-45,2026-06-14,Pekanbaru
CUST08585,Perempuan,18-25,2025-06-20,Sabang
CUST08586,Perempuan,46+,2024-08-09,Cirebon
CUST08587,Perempuan,26-35,2025-06-24,Dumai
CUST08588,Laki-laki,46+,2024-06-24,Sabang
CUST08589,Laki-laki,18-25,2025-05-20,Lubuklinggau
CUST08590,Perempuan,26-35,2025-11-30,Lubuklinggau
CUST08591,Perempuan,26-35,2024-11-05,Palembang
CUST08592,Laki-laki,46+,2025-12-06,Padang Sidempuan
CUST08593,Laki-laki,46+,2025-02-25,Madiun
CUST08594,Laki-laki,36-45,2026-01-04,Pariaman
CUST08595,Perempuan,36-45,2026-03-09,Bengkulu
CUST08596,Laki-laki,18-25,2025-07-19,Manado
CUST08597,Laki-laki,26-35,2025-05-12,Depok
CUST08598,Perempuan,26-35,2025-01-30,Metro
CUST08599,Laki-laki,18-25,2025-07-07,Ternate
CUST08600,Laki-laki,26-35,2025-06-24,Tidore Kepulauan
CUST08601,Perempuan,26-35,2025-04-07,Semarang
CUST08602,Laki-laki,26-35,2026-03-07,Semarang
CUST08603,Laki-laki,18-25,2026-06-11,Lhokseumawe
CUST08604,Perempuan,18-25,2024-12-08,Mojokerto
CUST08605,Perempuan,36-45,2024-10-01,Metro
CUST08606,Perempuan,36-45,2025-10-18,Kota Administrasi Jakarta Selatan
CUST08607,Laki-laki,26-35,2026-05-21,Banjarbaru
CUST08608,Laki-laki,18-25,2025-10-03,Tanjungbalai
CUST08609,Perempuan,36-45,2024-07-15,Banjarbaru
CUST08610,Laki-laki,18-25,2025-08-04,Pariaman
CUST08611,Laki-laki,18-25,2024-12-10,Prabumulih
CUST08612,Laki-laki,18-25,2026-05-21,Tangerang Selatan
CUST08613,Laki-laki,18-25,2025-12-19,Cilegon
CUST08614,Perempuan,26-35,2024-08-29,Probolinggo
CUST08615,Laki-laki,26-35,2025-09-21,Surabaya
CUST08616,Laki-laki,46+,2025-07-27,Kotamobagu
CUST08617,Perempuan,36-45,2024-10-27,Meulaboh
CUST08618,Laki-laki,18-25,2025-01-18,Solok
CUST08619,Laki-laki,36-45,2026-01-21,Sawahlunto
CUST08620,Laki-laki,18-25,2025-03-31,Cimahi
CUST08621,Laki-laki,18-25,2025-08-26,Pasuruan
CUST08622,Perempuan,36-45,2025-02-27,Tomohon
CUST08623,Laki-laki,46+,2025-07-25,Pematangsiantar
CUST08624,Perempuan,46+,2026-01-14,Semarang
CUST08625,Laki-laki,18-25,2024-07-26,Bontang
CUST08626,Laki-laki,36-45,2024-08-11,Tidore Kepulauan
CUST08627,Laki-laki,46+,2025-09-13,Tegal
CUST08628,Perempuan,46+,2025-08-09,Bogor
CUST08629,Perempuan,46+,2025-02-04,Subulussalam
CUST08630,Laki-laki,26-35,2025-10-02,Bau-Bau
CUST08631,Laki-laki,18-25,2025-06-10,Magelang
CUST08632,Laki-laki,26-35,2026-01-21,Kota Administrasi Jakarta Selatan
CUST08633,Laki-laki,46+,2026-06-05,Bengkulu
CUST08634,Laki-laki,46+,2026-02-20,Gorontalo
CUST08635,Perempuan,46+,2025-05-13,Tual
CUST08636,Laki-laki,26-35,2026-04-26,Pematangsiantar
CUST08637,Laki-laki,18-25,2025-04-16,Bau-Bau
CUST08638,Laki-laki,36-45,2024-11-05,Subulussalam
CUST08639,Laki-laki,36-45,2024-07-10,Pontianak
CUST08640,Laki-laki,46+,2025-07-12,Tomohon
CUST08641,Perempuan,26-35,2025-05-20,Bau-Bau
CUST08642,Laki-laki,18-25,2025-09-09,Singkawang
CUST08643,Laki-laki,18-25,2025-07-03,Kota Administrasi Jakarta Utara
CUST08644,Perempuan,46+,2026-05-29,Samarinda
CUST08645,Laki-laki,18-25,2024-06-25,Ternate
CUST08646,Perempuan,46+,2026-02-24,Bima
CUST08647,Perempuan,46+,2025-05-28,Samarinda
CUST08648,Perempuan,46+,2024-07-23,Lubuklinggau
CUST08649,Laki-laki,46+,2024-10-09,Pagaralam
CUST08650,Laki-laki,46+,2025-09-14,Jayapura
CUST08651,Laki-laki,18-25,2026-03-18,Bekasi
CUST08652,Perempuan,36-45,2025-10-17,Tidore Kepulauan
CUST08653,Perempuan,18-25,2025-07-13,Tomohon
CUST08654,Perempuan,36-45,2025-12-29,Tidore Kepulauan
CUST08655,Perempuan,36-45,2024-06-26,Depok
CUST08656,Laki-laki,46+,2024-09-23,Banda Aceh
CUST08657,Perempuan,46+,2026-01-17,Bitung
CUST08658,Laki-laki,36-45,2025-09-07,Sawahlunto
CUST08659,Laki-laki,26-35,2024-08-17,Kota Administrasi Jakarta Barat
CUST08660,Perempuan,36-45,2026-04-14,Samarinda
CUST08661,Laki-laki,36-45,2025-06-20,Bogor
CUST08662,Perempuan,26-35,2025-11-01,Malang
CUST08663,Perempuan,26-35,2024-09-19,Tebingtinggi
CUST08664,Laki-laki,26-35,2025-05-14,Samarinda
CUST08665,Perempuan,26-35,2024-08-01,Prabumulih
CUST08666,Perempuan,18-25,2026-02-26,Pekalongan
CUST08667,Laki-laki,36-45,2025-12-26,Banjar
CUST08668,Laki-laki,36-45,2025-01-23,Banjarmasin
CUST08669,Laki-laki,46+,2026-04-30,Langsa
CUST08670,Laki-laki,36-45,2024-11-28,Gorontalo
CUST08671,Perempuan,36-45,2025-04-24,Makassar
CUST08672,Laki-laki,18-25,2026-06-11,Gorontalo
CUST08673,Laki-laki,46+,2025-04-07,Bogor
CUST08674,Laki-laki,46+,2026-05-28,Bau-Bau
CUST08675,Laki-laki,26-35,2024-12-02,Pekanbaru
CUST08676,Perempuan,18-25,2025-12-28,Salatiga
CUST08677,Perempuan,36-45,2024-12-24,Manado
CUST08678,Laki-laki,26-35,2024-12-21,Tarakan
CUST08679,Perempuan,26-35,2024-06-22,Probolinggo
CUST08680,Laki-laki,36-45,2025-02-21,Bekasi
CUST08681,Perempuan,26-35,2025-03-28,Palopo
CUST08682,Perempuan,18-25,2025-11-16,Bekasi
CUST08683,Perempuan,26-35,2025-11-04,Meulaboh
CUST08684,Laki-laki,26-35,2026-03-16,Kendari
CUST08685,Perempuan,26-35,2025-09-14,Salatiga
CUST08686,Laki-laki,26-35,2024-11-08,Malang
CUST08687,Laki-laki,18-25,2026-02-20,Bengkulu
CUST08688,Perempuan,46+,2025-04-08,Kota Administrasi Jakarta Barat
CUST08689,Perempuan,18-25,2025-04-18,Surabaya
CUST08690,Perempuan,36-45,2024-09-29,Parepare
CUST08691,Perempuan,46+,2025-06-29,Palu
CUST08692,Perempuan,36-45,2024-07-08,Probolinggo
CUST08693,Perempuan,36-45,2025-09-21,Yogyakarta
CUST08694,Perempuan,46+,2025-11-03,Padang Sidempuan
CUST08695,Perempuan,36-45,2024-06-20,Kota Administrasi Jakarta Barat
CUST08696,Laki-laki,36-45,2025-02-01,Pematangsiantar
CUST08697,Laki-laki,46+,2024-08-19,Kota Administrasi Jakarta Pusat
CUST08698,Perempuan,46+,2025-01-02,Tarakan
CUST08699,Perempuan,46+,2025-11-29,Batu
CUST08700,Perempuan,46+,2024-07-14,Solok
CUST08701,Laki-laki,46+,2025-12-10,Madiun
CUST08702,Laki-laki,36-45,2025-10-22,Magelang
CUST08703,Laki-laki,18-25,2025-08-06,Padang Sidempuan
CUST08704,Laki-laki,36-45,2026-03-22,Banjar
CUST08705,Perempuan,36-45,2025-04-02,Bandung
CUST08706,Laki-laki,18-25,2024-11-10,Bogor
CUST08707,Perempuan,36-45,2025-07-02,Balikpapan
CUST08708,Laki-laki,36-45,2025-01-08,Pasuruan
CUST08709,Laki-laki,46+,2025-05-08,Pagaralam
CUST08710,Laki-laki,36-45,2024-09-29,Kota Administrasi Jakarta Selatan
CUST08711,Perempuan,46+,2025-10-22,Tangerang
CUST08712,Perempuan,36-45,2025-01-13,Binjai
CUST08713,Perempuan,26-35,2025-08-01,Semarang
CUST08714,Laki-laki,26-35,2025-02-18,Banda Aceh
CUST08715,Laki-laki,46+,2025-09-06,Samarinda
CUST08716,Perempuan,26-35,2026-02-26,Padangpanjang
CUST08717,Laki-laki,36-45,2025-07-06,Kota Administrasi Jakarta Selatan
CUST08718,Laki-laki,36-45,2025-12-08,Salatiga
CUST08719,Laki-laki,46+,2024-10-29,Pekalongan
CUST08720,Laki-laki,36-45,2025-08-07,Singkawang
CUST08721,Laki-laki,36-45,2025-07-17,Tual
CUST08722,Laki-laki,26-35,2025-01-12,Tomohon
CUST08723,Laki-laki,46+,2025-03-16,Tarakan
CUST08724,Laki-laki,36-45,2024-12-18,Prabumulih
CUST08725,Perempuan,36-45,2026-01-19,Bogor
CUST08726,Laki-laki,18-25,2026-04-04,Bitung
CUST08727,Perempuan,46+,2025-06-04,Dumai
CUST08728,Laki-laki,46+,2024-07-03,Purwokerto
CUST08729,Laki-laki,18-25,2025-08-25,Bima
CUST08730,Laki-laki,18-25,2026-01-26,Kota Administrasi Jakarta Timur
CUST08731,Laki-laki,46+,2026-02-09,Dumai
CUST08732,Perempuan,26-35,2025-02-08,Semarang
CUST08733,Laki-laki,18-25,2025-07-13,Pekalongan
CUST08734,Laki-laki,36-45,2025-07-05,Purwokerto
CUST08735,Perempuan,18-25,2025-06-16,Sungai Penuh
CUST08736,Perempuan,36-45,2026-01-18,Pekanbaru
CUST08737,Laki-laki,26-35,2024-12-06,Jambi
CUST08738,Perempuan,36-45,2025-04-27,Tual
CUST08739,Laki-laki,46+,2025-06-20,Balikpapan
CUST08740,Perempuan,36-45,2026-03-23,Bengkulu
CUST08741,Perempuan,46+,2024-12-14,Sibolga
CUST08742,Laki-laki,18-25,2024-06-26,Malang
CUST08743,Perempuan,26-35,2024-11-13,Banda Aceh
CUST08744,Laki-laki,18-25,2024-11-08,Mojokerto
CUST08745,Perempuan,36-45,2024-09-28,Kota Administrasi Jakarta Selatan
CUST08746,Laki-laki,26-35,2026-02-18,Banjar
CUST08747,Perempuan,46+,2026-06-04,Batam
CUST08748,Perempuan,26-35,2025-11-07,Kediri
CUST08749,Perempuan,46+,2026-05-12,Singkawang
CUST08750,Perempuan,46+,2024-07-14,Palopo
CUST08751,Laki-laki,26-35,2025-06-10,Ambon
CUST08752,Perempuan,18-25,2025-01-11,Batam
CUST08753,Laki-laki,36-45,2024-07-02,Tarakan
CUST08754,Laki-laki,18-25,2025-12-05,Tanjungbalai
CUST08755,Perempuan,26-35,2025-09-19,Bengkulu
CUST08756,Perempuan,18-25,2025-08-29,Cilegon
CUST08757,Laki-laki,36-45,2025-01-13,Kendari
CUST08758,Perempuan,18-25,2026-03-31,Banjarmasin
CUST08759,Laki-laki,18-25,2025-10-12,Tasikmalaya
CUST08760,Laki-laki,46+,2025-10-08,Bengkulu
CUST08761,Laki-laki,26-35,2025-10-22,Bontang
CUST08762,Laki-laki,36-45,2026-01-21,Probolinggo
CUST08763,Laki-laki,36-45,2025-06-13,Semarang
CUST08764,Perempuan,26-35,2026-01-05,Bukittinggi
CUST08765,Laki-laki,46+,2026-01-16,Kota Administrasi Jakarta Pusat
CUST08766,Laki-laki,36-45,2026-04-20,Gorontalo
CUST08767,Laki-laki,18-25,2024-11-06,Medan
CUST08768,Laki-laki,46+,2024-08-16,Langsa
CUST08769,Laki-laki,46+,2026-02-23,Denpasar
CUST08770,Laki-laki,18-25,2025-01-27,Kota Administrasi Jakarta Selatan
CUST08771,Laki-laki,18-25,2026-03-25,Cirebon
CUST08772,Laki-laki,46+,2025-05-08,Bima
CUST08773,Perempuan,36-45,2025-08-05,Bandung
CUST08774,Laki-laki,46+,2024-11-13,Metro
CUST08775,Laki-laki,18-25,2025-07-30,Bengkulu
CUST08776,Laki-laki,46+,2025-12-03,Jambi
CUST08777,Laki-laki,36-45,2024-07-26,Balikpapan
CUST08778,Laki-laki,36-45,2024-10-10,Palopo
CUST08779,Perempuan,26-35,2025-12-08,Banjarmasin
CUST08780,Laki-laki,26-35,2026-06-12,Bandung
CUST08781,Laki-laki,26-35,2024-07-11,Kendari
CUST08782,Perempuan,26-35,2025-04-16,Tebingtinggi
CUST08783,Laki-laki,26-35,2024-09-30,Samarinda
CUST08784,Laki-laki,36-45,2025-03-23,Padang Sidempuan
CUST08785,Perempuan,46+,2025-08-13,Balikpapan
CUST08786,Laki-laki,36-45,2025-03-07,Parepare
CUST08787,Laki-laki,26-35,2025-09-29,Bandar Lampung
CUST08788,Laki-laki,46+,2024-08-02,Payakumbuh
CUST08789,Perempuan,18-25,2024-12-23,Magelang
CUST08790,Perempuan,18-25,2026-02-26,Bandar Lampung
CUST08791,Perempuan,46+,2026-02-27,Jambi
CUST08792,Laki-laki,18-25,2025-10-07,Bekasi
CUST08793,Perempuan,18-25,2024-11-11,Sungai Penuh
CUST08794,Laki-laki,46+,2025-06-02,Cilegon
CUST08795,Perempuan,18-25,2024-08-28,Gorontalo
CUST08796,Laki-laki,26-35,2025-08-10,Salatiga
CUST08797,Perempuan,18-25,2024-07-19,Batu
CUST08798,Laki-laki,18-25,2025-11-07,Payakumbuh
CUST08799,Perempuan,18-25,2024-10-05,Bitung
CUST08800,Laki-laki,46+,2024-07-06,Lubuklinggau
CUST08801,Laki-laki,36-45,2026-04-23,Tidore Kepulauan
CUST08802,Laki-laki,26-35,2025-04-29,Payakumbuh
CUST08803,Laki-laki,46+,2024-09-11,Purwokerto
CUST08804,Perempuan,36-45,2026-03-06,Parepare
CUST08805,Perempuan,46+,2026-03-26,Palu
CUST08806,Perempuan,26-35,2025-01-02,Kota Administrasi Jakarta Barat
CUST08807,Perempuan,46+,2025-04-29,Bontang
CUST08808,Perempuan,26-35,2026-03-19,Tual
CUST08809,Laki-laki,26-35,2025-02-06,Blitar
CUST08810,Laki-laki,26-35,2024-11-06,Bontang
CUST08811,Laki-laki,26-35,2024-08-28,Balikpapan
CUST08812,Laki-laki,18-25,2024-10-06,Denpasar
CUST08813,Perempuan,36-45,2024-11-30,Tomohon
CUST08814,Laki-laki,36-45,2024-08-19,Tegal
CUST08815,Laki-laki,26-35,2026-05-27,Sawahlunto
CUST08816,Laki-laki,36-45,2025-01-13,Ternate
CUST08817,Perempuan,18-25,2026-03-18,Parepare
CUST08818,Perempuan,26-35,2026-05-04,Metro
CUST08819,Perempuan,26-35,2025-10-09,Gorontalo
CUST08820,Perempuan,18-25,2025-11-22,Padangpanjang
CUST08821,Perempuan,26-35,2025-10-28,Lubuklinggau
CUST08822,Perempuan,26-35,2024-08-29,Blitar
CUST08823,Laki-laki,18-25,2025-06-17,Bau-Bau
CUST08824,Laki-laki,36-45,2025-11-05,Sibolga
CUST08825,Perempuan,46+,2026-03-14,Tebingtinggi
CUST08826,Perempuan,18-25,2025-08-23,Tangerang
CUST08827,Laki-laki,18-25,2024-09-29,Malang
CUST08828,Perempuan,36-45,2026-03-21,Sawahlunto
CUST08829,Laki-laki,36-45,2025-08-10,Binjai
CUST08830,Laki-laki,36-45,2025-04-09,Blitar
CUST08831,Laki-laki,18-25,2024-09-07,Samarinda
CUST08832,Laki-laki,26-35,2025-11-17,Lubuklinggau
CUST08833,Perempuan,26-35,2026-06-09,Cimahi
CUST08834,Perempuan,18-25,2026-03-04,Probolinggo
CUST08835,Perempuan,46+,2026-05-02,Tomohon
CUST08836,Laki-laki,46+,2025-12-15,Tegal
CUST08837,Perempuan,46+,2025-10-01,Kota Administrasi Jakarta Pusat
CUST08838,Laki-laki,36-45,2025-06-24,Pekanbaru
CUST08839,Perempuan,46+,2025-11-22,Blitar
CUST08840,Laki-laki,36-45,2024-11-30,Metro
CUST08841,Perempuan,36-45,2024-08-01,Pekalongan
CUST08842,Laki-laki,26-35,2025-07-30,Lhokseumawe
CUST08843,Laki-laki,36-45,2025-06-06,Bandar Lampung
CUST08844,Laki-laki,46+,2025-07-19,Palembang
CUST08845,Perempuan,18-25,2026-03-16,Salatiga
CUST08846,Laki-laki,36-45,2024-09-10,Pasuruan
CUST08847,Perempuan,46+,2025-01-29,Bau-Bau
CUST08848,Perempuan,18-25,2025-05-22,Banjar
CUST08849,Laki-laki,46+,2024-07-26,Samarinda
CUST08850,Laki-laki,36-45,2026-01-10,Mojokerto
CUST08851,Perempuan,46+,2025-10-02,Dumai
CUST08852,Perempuan,26-35,2026-02-17,Kediri
CUST08853,Laki-laki,46+,2025-01-19,Pekanbaru
CUST08854,Laki-laki,26-35,2025-05-22,Palopo
CUST08855,Laki-laki,36-45,2024-07-17,Bitung
CUST08856,Laki-laki,46+,2024-12-07,Lubuklinggau
CUST08857,Laki-laki,18-25,2025-01-16,Denpasar
CUST08858,Laki-laki,46+,2024-10-09,Cimahi
CUST08859,Laki-laki,26-35,2024-08-07,Dumai
CUST08860,Laki-laki,26-35,2026-01-15,Tangerang Selatan
CUST08861,Perempuan,18-25,2026-06-16,Balikpapan
CUST08862,Laki-laki,26-35,2025-03-23,Ambon
CUST08863,Perempuan,46+,2026-04-30,Tual
CUST08864,Perempuan,46+,2024-12-03,Banjarmasin
CUST08865,Perempuan,18-25,2024-07-03,Purwokerto
CUST08866,Perempuan,26-35,2025-07-25,Kota Administrasi Jakarta Barat
CUST08867,Laki-laki,26-35,2026-02-23,Tidore Kepulauan
CUST08868,Perempuan,46+,2025-12-23,Palu
CUST08869,Perempuan,26-35,2024-12-19,Singkawang
CUST08870,Laki-laki,26-35,2024-06-20,Pematangsiantar
CUST08871,Laki-laki,46+,2025-07-26,Bitung
CUST08872,Perempuan,18-25,2024-12-29,Padang
CUST08873,Perempuan,36-45,2026-02-27,Banda Aceh
CUST08874,Perempuan,46+,2025-09-10,Meulaboh
CUST08875,Perempuan,26-35,2025-08-31,Kendari
CUST08876,Laki-laki,36-45,2024-10-02,Dumai
CUST08877,Laki-laki,18-25,2026-06-12,Ternate
CUST08878,Laki-laki,46+,2026-03-24,Ternate
CUST08879,Perempuan,36-45,2025-12-25,Meulaboh
CUST08880,Laki-laki,18-25,2024-06-23,Langsa
CUST08881,Perempuan,26-35,2025-08-13,Purwokerto
CUST08882,Laki-laki,18-25,2025-05-13,Kota Administrasi Jakarta Selatan
CUST08883,Laki-laki,18-25,2025-04-14,Banjar
CUST08884,Laki-laki,18-25,2024-07-26,Serang
CUST08885,Laki-laki,36-45,2026-03-12,Tangerang Selatan
CUST08886,Laki-laki,36-45,2024-12-04,Palangkaraya
CUST08887,Perempuan,46+,2024-09-17,Tebingtinggi
CUST08888,Perempuan,36-45,2026-03-27,Palopo
CUST08889,Perempuan,36-45,2024-08-20,Pematangsiantar
CUST08890,Perempuan,18-25,2026-05-03,Lubuklinggau
CUST08891,Laki-laki,18-25,2024-08-27,Tanjungbalai
CUST08892,Laki-laki,46+,2025-01-04,Pekalongan
CUST08893,Perempuan,46+,2024-10-04,Bukittinggi
CUST08894,Perempuan,36-45,2024-07-01,Subulussalam
CUST08895,Perempuan,46+,2025-01-04,Batam
CUST08896,Perempuan,36-45,2025-03-25,Madiun
CUST08897,Perempuan,46+,2026-01-30,Kota Administrasi Jakarta Utara
CUST08898,Perempuan,18-25,2025-05-03,Bandar Lampung
CUST08899,Perempuan,26-35,2025-05-29,Metro
CUST08900,Perempuan,36-45,2025-09-06,Kotamobagu
CUST08901,Perempuan,18-25,2025-09-12,Padang
CUST08902,Perempuan,36-45,2025-05-18,Bontang
CUST08903,Laki-laki,18-25,2025-12-25,Bengkulu
CUST08904,Perempuan,26-35,2024-08-01,Kota Administrasi Jakarta Timur
CUST08905,Perempuan,36-45,2026-05-02,Bogor
CUST08906,Laki-laki,46+,2025-12-17,Tanjungbalai
CUST08907,Laki-laki,18-25,2025-07-15,Bogor
CUST08908,Perempuan,36-45,2025-11-05,Pekanbaru
CUST08909,Perempuan,26-35,2025-05-29,Ambon
CUST08910,Perempuan,46+,2024-10-10,Bontang
CUST08911,Laki-laki,18-25,2024-07-13,Pekalongan
CUST08912,Perempuan,26-35,2026-05-07,Payakumbuh
CUST08913,Perempuan,26-35,2025-01-06,Bogor
CUST08914,Perempuan,26-35,2025-06-15,Manado
CUST08915,Laki-laki,36-45,2025-10-24,Padang Sidempuan
CUST08916,Perempuan,18-25,2025-02-14,Jayapura
CUST08917,Laki-laki,36-45,2025-03-11,Banda Aceh
CUST08918,Perempuan,18-25,2024-06-23,Bekasi
CUST08919,Laki-laki,26-35,2024-10-18,Yogyakarta
CUST08920,Perempuan,46+,2025-08-25,Purwokerto
CUST08921,Laki-laki,46+,2025-12-13,Bima
CUST08922,Perempuan,26-35,2025-08-17,Tangerang Selatan
CUST08923,Laki-laki,36-45,2025-05-08,Sorong
CUST08924,Perempuan,36-45,2024-11-01,Malang
CUST08925,Perempuan,36-45,2025-08-29,Kotamobagu
CUST08926,Perempuan,46+,2025-11-15,Binjai
CUST08927,Perempuan,26-35,2026-05-04,Banjarmasin
CUST08928,Perempuan,36-45,2025-06-12,Jayapura
CUST08929,Perempuan,36-45,2024-07-30,Pagaralam
CUST08930,Laki-laki,36-45,2025-04-30,Banjarbaru
CUST08931,Perempuan,18-25,2024-08-22,Sabang
CUST08932,Perempuan,18-25,2024-12-22,Palu
CUST08933,Perempuan,26-35,2024-08-23,Bekasi
CUST08934,Laki-laki,36-45,2025-12-30,Dumai
CUST08935,Perempuan,46+,2026-05-20,Salatiga
CUST08936,Perempuan,26-35,2026-01-08,Batam
CUST08937,Perempuan,46+,2025-03-16,Blitar
CUST08938,Perempuan,18-25,2024-07-09,Prabumulih
CUST08939,Laki-laki,26-35,2025-12-24,Balikpapan
CUST08940,Laki-laki,18-25,2025-07-08,Palangkaraya
CUST08941,Perempuan,46+,2026-01-21,Jayapura
CUST08942,Laki-laki,46+,2026-03-11,Lhokseumawe
CUST08943,Laki-laki,36-45,2025-04-09,Lhokseumawe
CUST08944,Laki-laki,26-35,2025-11-07,Bontang
CUST08945,Laki-laki,18-25,2025-05-24,Jayapura
CUST08946,Laki-laki,46+,2026-04-09,Meulaboh
CUST08947,Laki-laki,18-25,2026-03-19,Bima
CUST08948,Laki-laki,18-25,2025-10-13,Magelang
CUST08949,Perempuan,18-25,2024-12-17,Mataram
CUST08950,Perempuan,36-45,2025-07-09,Tegal
CUST08951,Perempuan,36-45,2025-02-12,Bukittinggi
CUST08952,Laki-laki,36-45,2025-01-04,Malang
CUST08953,Perempuan,36-45,2025-08-24,Bau-Bau
CUST08954,Perempuan,46+,2025-07-03,Prabumulih
CUST08955,Laki-laki,26-35,2024-10-26,Lubuklinggau
CUST08956,Laki-laki,26-35,2026-01-25,Tidore Kepulauan
CUST08957,Laki-laki,18-25,2025-11-26,Palu
CUST08958,Perempuan,36-45,2025-11-17,Mojokerto
CUST08959,Perempuan,36-45,2025-06-03,Pekanbaru
CUST08960,Perempuan,18-25,2025-04-17,Tarakan
CUST08961,Laki-laki,26-35,2026-03-07,Malang
CUST08962,Laki-laki,18-25,2026-06-10,Bukittinggi
CUST08963,Laki-laki,36-45,2026-04-12,Kota Administrasi Jakarta Utara
CUST08964,Laki-laki,26-35,2024-08-15,Padang Sidempuan
CUST08965,Laki-laki,26-35,2026-04-10,Pekanbaru
CUST08966,Perempuan,36-45,2026-04-13,Solok
CUST08967,Perempuan,36-45,2025-01-30,Pangkalpinang
CUST08968,Perempuan,26-35,2026-03-23,Surabaya
CUST08969,Perempuan,36-45,2024-10-18,Subulussalam
CUST08970,Perempuan,18-25,2024-11-25,Balikpapan
CUST08971,Perempuan,18-25,2024-07-15,Bima
CUST08972,Laki-laki,18-25,2026-03-05,Pekalongan
CUST08973,Perempuan,36-45,2025-08-30,Langsa
CUST08974,Perempuan,26-35,2024-10-08,Kendari
CUST08975,Perempuan,36-45,2025-02-15,Gorontalo
CUST08976,Perempuan,46+,2025-02-10,Lhokseumawe
CUST08977,Laki-laki,18-25,2026-01-01,Ternate
CUST08978,Laki-laki,26-35,2026-01-23,Purwokerto
CUST08979,Perempuan,18-25,2024-10-13,Bukittinggi
CUST08980,Laki-laki,36-45,2024-08-23,Subulussalam
CUST08981,Laki-laki,26-35,2025-05-19,Sibolga
CUST08982,Perempuan,26-35,2026-01-11,Cilegon
CUST08983,Laki-laki,18-25,2025-03-21,Samarinda
CUST08984,Laki-laki,26-35,2026-02-17,Banda Aceh
CUST08985,Perempuan,46+,2025-04-23,Kotamobagu
CUST08986,Perempuan,26-35,2025-10-29,Yogyakarta
CUST08987,Perempuan,46+,2024-09-21,Surakarta
CUST08988,Laki-laki,18-25,2025-12-20,Dumai
CUST08989,Laki-laki,36-45,2025-08-15,Pontianak
CUST08990,Laki-laki,46+,2024-10-08,Kota Administrasi Jakarta Barat
CUST08991,Perempuan,46+,2024-06-18,Kediri
CUST08992,Laki-laki,18-25,2025-02-10,Makassar
CUST08993,Perempuan,26-35,2025-11-24,Pekalongan
CUST08994,Perempuan,46+,2026-04-27,Tebingtinggi
CUST08995,Laki-laki,26-35,2024-08-06,Semarang
CUST08996,Laki-laki,46+,2026-03-01,Prabumulih
CUST08997,Perempuan,36-45,2024-07-05,Padang
CUST08998,Laki-laki,46+,2025-01-04,Malang
CUST08999,Perempuan,26-35,2026-04-05,Bengkulu
CUST09000,Laki-laki,36-45,2024-07-20,Bekasi
CUST09001,Laki-laki,36-45,2024-10-20,Lhokseumawe
CUST09002,Laki-laki,26-35,2024-11-16,Bau-Bau
CUST09003,Laki-laki,36-45,2026-03-02,Kota Administrasi Jakarta Barat
CUST09004,Laki-laki,26-35,2026-04-18,Bitung
CUST09005,Laki-laki,36-45,2025-12-19,Banjarbaru
CUST09006,Perempuan,46+,2025-02-13,Ambon
CUST09007,Perempuan,26-35,2026-03-18,Payakumbuh
CUST09008,Perempuan,36-45,2024-10-05,Tasikmalaya
CUST09009,Laki-laki,26-35,2026-01-04,Banjarbaru
CUST09010,Laki-laki,26-35,2024-08-01,Cilegon
CUST09011,Laki-laki,26-35,2024-08-04,Bima
CUST09012,Laki-laki,26-35,2025-09-21,Purwokerto
CUST09013,Laki-laki,26-35,2026-03-22,Bau-Bau
CUST09014,Perempuan,46+,2024-08-25,Bandung
CUST09015,Laki-laki,26-35,2026-06-15,Gorontalo
CUST09016,Laki-laki,18-25,2025-02-03,Binjai
CUST09017,Laki-laki,18-25,2024-12-20,Tomohon
CUST09018,Laki-laki,26-35,2025-12-04,Tidore Kepulauan
CUST09019,Perempuan,46+,2024-09-01,Tual
CUST09020,Perempuan,46+,2025-11-05,Banjar
CUST09021,Laki-laki,18-25,2026-02-13,Sorong
CUST09022,Perempuan,46+,2026-01-26,Bukittinggi
CUST09023,Perempuan,18-25,2026-01-28,Tangerang Selatan
CUST09024,Perempuan,46+,2025-12-24,Tebingtinggi
CUST09025,Laki-laki,46+,2025-07-16,Bengkulu
CUST09026,Perempuan,36-45,2025-09-11,Subulussalam
CUST09027,Laki-laki,18-25,2025-06-14,Mataram
CUST09028,Laki-laki,36-45,2026-06-02,Sorong
CUST09029,Perempuan,26-35,2024-09-18,Gorontalo
CUST09030,Laki-laki,18-25,2025-05-22,Jayapura
CUST09031,Laki-laki,26-35,2025-03-06,Tarakan
CUST09032,Perempuan,46+,2024-09-17,Parepare
CUST09033,Laki-laki,26-35,2026-06-03,Sabang
CUST09034,Laki-laki,26-35,2025-08-01,Pematangsiantar
CUST09035,Perempuan,26-35,2026-01-16,Parepare
CUST09036,Laki-laki,26-35,2024-10-01,Serang
CUST09037,Perempuan,46+,2026-01-28,Tasikmalaya
CUST09038,Laki-laki,18-25,2024-12-10,Binjai
CUST09039,Laki-laki,46+,2025-05-05,Pagaralam
CUST09040,Laki-laki,26-35,2024-07-08,Singkawang
CUST09041,Laki-laki,36-45,2025-06-17,Blitar
CUST09042,Laki-laki,36-45,2026-05-12,Tangerang
CUST09043,Laki-laki,46+,2025-09-22,Kota Administrasi Jakarta Pusat
CUST09044,Perempuan,36-45,2025-06-25,Bitung
CUST09045,Perempuan,18-25,2025-08-06,Pasuruan
CUST09046,Perempuan,46+,2025-03-07,Banjar
CUST09047,Perempuan,36-45,2025-05-30,Sabang
CUST09048,Perempuan,18-25,2026-04-18,Ambon
CUST09049,Laki-laki,36-45,2024-11-05,Purwokerto
CUST09050,Laki-laki,46+,2024-06-28,Manado
CUST09051,Perempuan,26-35,2025-06-13,Balikpapan
CUST09052,Perempuan,26-35,2024-10-26,Surakarta
CUST09053,Perempuan,26-35,2026-04-22,Depok
CUST09054,Perempuan,18-25,2026-02-27,Jambi
CUST09055,Laki-laki,26-35,2026-04-28,Denpasar
CUST09056,Perempuan,18-25,2024-10-21,Mojokerto
CUST09057,Perempuan,46+,2025-09-14,Meulaboh
CUST09058,Perempuan,36-45,2025-09-27,Purwokerto
CUST09059,Perempuan,26-35,2025-03-17,Kota Administrasi Jakarta Selatan
CUST09060,Laki-laki,46+,2025-04-22,Banda Aceh
CUST09061,Laki-laki,26-35,2025-04-15,Tangerang Selatan
CUST09062,Perempuan,18-25,2025-11-29,Batam
CUST09063,Laki-laki,18-25,2025-05-22,Kota Administrasi Jakarta Barat
CUST09064,Laki-laki,18-25,2025-09-08,Tanjungpinang
CUST09065,Laki-laki,18-25,2026-01-19,Bekasi
CUST09066,Laki-laki,46+,2025-02-21,Ternate
CUST09067,Laki-laki,26-35,2024-09-14,Langsa
CUST09068,Perempuan,46+,2026-03-18,Meulaboh
CUST09069,Laki-laki,18-25,2024-08-12,Pariaman
CUST09070,Perempuan,18-25,2026-06-07,Jambi
CUST09071,Perempuan,36-45,2024-11-17,Banjar
CUST09072,Laki-laki,26-35,2026-06-17,Cilegon
CUST09073,Laki-laki,36-45,2025-01-22,Tanjungpinang
CUST09074,Laki-laki,36-45,2026-01-19,Solok
CUST09075,Perempuan,26-35,2025-08-09,Samarinda
CUST09076,Perempuan,18-25,2024-10-01,Probolinggo
CUST09077,Perempuan,18-25,2026-04-12,Pekalongan
CUST09078,Laki-laki,26-35,2024-08-07,Bandar Lampung
CUST09079,Laki-laki,46+,2024-06-24,Bima
CUST09080,Perempuan,36-45,2026-01-11,Serang
CUST09081,Laki-laki,26-35,2026-03-07,Balikpapan
CUST09082,Perempuan,26-35,2025-02-17,Banjar
CUST09083,Laki-laki,18-25,2024-10-09,Medan
CUST09084,Perempuan,36-45,2026-05-26,Metro
CUST09085,Laki-laki,26-35,2025-06-21,Tual
CUST09086,Laki-laki,46+,2026-03-06,Tanjungpinang
CUST09087,Laki-laki,46+,2025-01-28,Tasikmalaya
CUST09088,Perempuan,36-45,2026-02-23,Kediri
CUST09089,Perempuan,26-35,2025-11-17,Kediri
CUST09090,Laki-laki,18-25,2025-02-12,Bekasi
CUST09091,Laki-laki,26-35,2024-06-19,Banda Aceh
CUST09092,Perempuan,36-45,2026-03-16,Tual
CUST09093,Perempuan,46+,2025-01-17,Padangpanjang
CUST09094,Laki-laki,36-45,2025-01-04,Pasuruan
CUST09095,Perempuan,36-45,2025-07-14,Bitung
CUST09096,Laki-laki,36-45,2025-02-20,Kota Administrasi Jakarta Barat
CUST09097,Perempuan,18-25,2025-08-19,Madiun
CUST09098,Laki-laki,18-25,2026-01-16,Bogor
CUST09099,Perempuan,46+,2025-08-15,Palopo
CUST09100,Perempuan,18-25,2026-05-22,Magelang
CUST09101,Perempuan,26-35,2026-03-05,Bogor
CUST09102,Perempuan,46+,2024-12-15,Tual
CUST09103,Perempuan,26-35,2025-08-28,Pekalongan
CUST09104,Perempuan,46+,2024-09-01,Mataram
CUST09105,Laki-laki,26-35,2025-01-04,Metro
CUST09106,Perempuan,46+,2026-04-11,Tual
CUST09107,Laki-laki,36-45,2025-11-20,Cilegon
CUST09108,Laki-laki,46+,2024-12-10,Banda Aceh
CUST09109,Perempuan,46+,2024-10-14,Kupang
CUST09110,Perempuan,26-35,2025-05-20,Yogyakarta
CUST09111,Laki-laki,36-45,2025-01-20,Yogyakarta
CUST09112,Laki-laki,18-25,2025-06-11,Bontang
CUST09113,Perempuan,18-25,2024-07-15,Batam
CUST09114,Perempuan,36-45,2025-05-25,Bandar Lampung
CUST09115,Laki-laki,26-35,2025-06-09,Banjarmasin
CUST09116,Laki-laki,18-25,2026-03-21,Bitung
CUST09117,Perempuan,26-35,2025-03-24,Kota Administrasi Jakarta Selatan
CUST09118,Laki-laki,36-45,2026-01-24,Prabumulih
CUST09119,Laki-laki,18-25,2025-10-28,Pariaman
CUST09120,Perempuan,46+,2025-11-15,Jambi
CUST09121,Laki-laki,18-25,2024-08-31,Lubuklinggau
CUST09122,Laki-laki,36-45,2025-02-10,Pontianak
CUST09123,Perempuan,46+,2024-06-29,Palembang
CUST09124,Laki-laki,46+,2025-02-02,Langsa
CUST09125,Laki-laki,46+,2025-07-12,Tarakan
CUST09126,Laki-laki,46+,2025-06-08,Meulaboh
CUST09127,Laki-laki,36-45,2024-07-25,Salatiga
CUST09128,Laki-laki,18-25,2024-10-29,Kota Administrasi Jakarta Selatan
CUST09129,Perempuan,46+,2026-02-05,Tangerang Selatan
CUST09130,Laki-laki,36-45,2025-08-01,Bontang
CUST09131,Perempuan,18-25,2026-05-12,Denpasar
CUST09132,Perempuan,18-25,2025-08-22,Banjar
CUST09133,Laki-laki,26-35,2025-05-31,Pagaralam
CUST09134,Laki-laki,26-35,2024-12-28,Balikpapan
CUST09135,Laki-laki,18-25,2025-05-28,Tangerang Selatan
CUST09136,Perempuan,26-35,2024-11-24,Pariaman
CUST09137,Laki-laki,18-25,2024-08-08,Makassar
CUST09138,Laki-laki,26-35,2024-11-25,Parepare
CUST09139,Laki-laki,18-25,2025-05-07,Manado
CUST09140,Laki-laki,18-25,2025-09-28,Jambi
CUST09141,Perempuan,36-45,2026-05-11,Tebingtinggi
CUST09142,Laki-laki,36-45,2025-07-13,Sibolga
CUST09143,Laki-laki,46+,2024-07-27,Surakarta
CUST09144,Perempuan,46+,2025-12-08,Kota Administrasi Jakarta Selatan
CUST09145,Perempuan,36-45,2025-07-23,Semarang
CUST09146,Laki-laki,18-25,2025-11-26,Cirebon
CUST09147,Laki-laki,36-45,2024-07-31,Medan
CUST09148,Perempuan,18-25,2026-02-10,Kota Administrasi Jakarta Selatan
CUST09149,Perempuan,36-45,2024-06-21,Bandar Lampung
CUST09150,Perempuan,26-35,2025-12-02,Parepare
CUST09151,Laki-laki,18-25,2024-11-19,Tidore Kepulauan
CUST09152,Perempuan,26-35,2024-08-21,Serang
CUST09153,Perempuan,46+,2026-04-11,Pagaralam
CUST09154,Perempuan,26-35,2025-01-02,Lubuklinggau
CUST09155,Perempuan,36-45,2024-11-13,Padang Sidempuan
CUST09156,Perempuan,46+,2025-06-01,Ternate
CUST09157,Perempuan,46+,2025-06-19,Payakumbuh
CUST09158,Perempuan,18-25,2025-12-21,Malang
CUST09159,Perempuan,26-35,2024-12-31,Palangkaraya
CUST09160,Laki-laki,36-45,2026-04-08,Semarang
CUST09161,Laki-laki,18-25,2025-12-16,Kendari
CUST09162,Laki-laki,46+,2026-03-24,Bontang
CUST09163,Laki-laki,26-35,2026-04-04,Pariaman
CUST09164,Laki-laki,26-35,2024-11-27,Tidore Kepulauan
CUST09165,Laki-laki,18-25,2026-03-29,Palu
CUST09166,Perempuan,18-25,2026-01-03,Denpasar
CUST09167,Laki-laki,36-45,2024-08-02,Cirebon
CUST09168,Laki-laki,36-45,2025-10-29,Pariaman
CUST09169,Laki-laki,18-25,2024-09-05,Tual
CUST09170,Perempuan,46+,2024-08-14,Medan
CUST09171,Laki-laki,18-25,2025-11-04,Pagaralam
CUST09172,Perempuan,46+,2025-10-01,Pasuruan
CUST09173,Laki-laki,46+,2024-09-07,Cimahi
CUST09174,Perempuan,18-25,2024-07-31,Cilegon
CUST09175,Laki-laki,26-35,2025-10-09,Binjai
CUST09176,Laki-laki,18-25,2025-01-27,Purwokerto
CUST09177,Laki-laki,26-35,2025-04-26,Bandung
CUST09178,Perempuan,46+,2025-04-04,Bima
CUST09179,Perempuan,18-25,2026-03-27,Sawahlunto
CUST09180,Laki-laki,18-25,2024-06-23,Sawahlunto
CUST09181,Laki-laki,18-25,2026-04-13,Denpasar
CUST09182,Perempuan,26-35,2024-07-09,Tidore Kepulauan
CUST09183,Laki-laki,36-45,2025-05-03,Bengkulu
CUST09184,Laki-laki,46+,2026-05-09,Denpasar
CUST09185,Laki-laki,18-25,2025-11-26,Kota Administrasi Jakarta Timur
CUST09186,Laki-laki,36-45,2025-07-06,Banjarmasin
CUST09187,Laki-laki,36-45,2025-05-11,Batu
CUST09188,Laki-laki,36-45,2025-06-01,Tual
CUST09189,Laki-laki,26-35,2024-07-02,Bau-Bau
CUST09190,Laki-laki,36-45,2025-04-23,Palopo
CUST09191,Laki-laki,46+,2026-05-07,Makassar
CUST09192,Laki-laki,18-25,2025-12-01,Bandung
CUST09193,Laki-laki,46+,2025-01-29,Gorontalo
CUST09194,Perempuan,46+,2024-11-07,Palu
CUST09195,Laki-laki,46+,2024-11-06,Kota Administrasi Jakarta Utara
CUST09196,Perempuan,26-35,2025-04-05,Binjai
CUST09197,Laki-laki,26-35,2026-04-18,Cilegon
CUST09198,Laki-laki,46+,2025-08-28,Palembang
CUST09199,Laki-laki,26-35,2025-05-19,Sabang
CUST09200,Perempuan,46+,2024-06-21,Salatiga
CUST09201,Laki-laki,36-45,2024-07-12,Tomohon
CUST09202,Laki-laki,46+,2026-06-09,Kota Administrasi Jakarta Selatan
CUST09203,Laki-laki,46+,2024-08-03,Malang
CUST09204,Perempuan,18-25,2025-10-08,Bima
CUST09205,Laki-laki,46+,2025-12-11,Ternate
CUST09206,Perempuan,18-25,2025-09-29,Blitar
CUST09207,Laki-laki,18-25,2025-06-10,Tual
CUST09208,Laki-laki,26-35,2025-07-05,Probolinggo
CUST09209,Laki-laki,26-35,2026-04-16,Cilegon
CUST09210,Laki-laki,26-35,2026-05-13,Meulaboh
CUST09211,Laki-laki,26-35,2024-12-06,Sungai Penuh
CUST09212,Perempuan,26-35,2024-07-24,Yogyakarta
CUST09213,Perempuan,18-25,2025-08-28,Banjarmasin
CUST09214,Perempuan,36-45,2024-09-22,Tasikmalaya
CUST09215,Laki-laki,46+,2025-05-09,Mojokerto
CUST09216,Perempuan,46+,2025-10-31,Cimahi
CUST09217,Perempuan,18-25,2025-06-04,Purwokerto
CUST09218,Laki-laki,46+,2025-10-30,Manado
CUST09219,Perempuan,26-35,2024-11-23,Kota Administrasi Jakarta Selatan
CUST09220,Laki-laki,18-25,2025-10-14,Banda Aceh
CUST09221,Perempuan,26-35,2025-06-03,Pekalongan
CUST09222,Laki-laki,26-35,2026-04-15,Langsa
CUST09223,Perempuan,46+,2026-03-12,Padangpanjang
CUST09224,Perempuan,18-25,2026-01-19,Mataram
CUST09225,Perempuan,18-25,2026-01-23,Banda Aceh
CUST09226,Perempuan,46+,2024-10-26,Probolinggo
CUST09227,Laki-laki,36-45,2024-06-24,Salatiga
CUST09228,Perempuan,46+,2026-04-02,Serang
CUST09229,Laki-laki,18-25,2024-07-23,Denpasar
CUST09230,Laki-laki,46+,2026-02-06,Medan
CUST09231,Perempuan,36-45,2026-02-10,Kendari
CUST09232,Perempuan,46+,2025-10-11,Kota Administrasi Jakarta Utara
CUST09233,Laki-laki,36-45,2025-01-04,Sawahlunto
CUST09234,Laki-laki,26-35,2024-12-08,Cilegon
CUST09235,Perempuan,46+,2025-03-14,Kota Administrasi Jakarta Barat
CUST09236,Laki-laki,36-45,2024-11-24,Ambon
CUST09237,Laki-laki,36-45,2024-10-25,Manado
CUST09238,Perempuan,26-35,2024-08-08,Bukittinggi
CUST09239,Perempuan,46+,2026-03-07,Sungai Penuh
CUST09240,Laki-laki,46+,2026-03-04,Malang
CUST09241,Perempuan,26-35,2026-04-10,Binjai
CUST09242,Laki-laki,46+,2025-10-10,Makassar
CUST09243,Perempuan,46+,2025-01-23,Tasikmalaya
CUST09244,Laki-laki,46+,2025-11-29,Jayapura
CUST09245,Perempuan,36-45,2026-04-12,Sawahlunto
CUST09246,Laki-laki,46+,2025-07-13,Tanjungbalai
CUST09247,Perempuan,46+,2026-02-15,Solok
CUST09248,Laki-laki,18-25,2024-11-14,Depok
CUST09249,Perempuan,36-45,2026-04-27,Kupang
CUST09250,Perempuan,36-45,2026-04-08,Mojokerto
CUST09251,Perempuan,36-45,2026-05-31,Semarang
CUST09252,Perempuan,36-45,2025-05-14,Ambon
CUST09253,Laki-laki,26-35,2026-03-09,Malang
CUST09254,Perempuan,18-25,2025-08-29,Bitung
CUST09255,Perempuan,46+,2024-09-23,Tomohon
CUST09256,Laki-laki,36-45,2025-01-12,Cilegon
CUST09257,Perempuan,36-45,2026-05-01,Palembang
CUST09258,Laki-laki,46+,2026-02-12,Tomohon
CUST09259,Laki-laki,46+,2025-09-24,Lubuklinggau
CUST09260,Perempuan,18-25,2026-05-23,Banjarmasin
CUST09261,Perempuan,36-45,2024-09-16,Kota Administrasi Jakarta Barat
CUST09262,Perempuan,18-25,2025-07-07,Dumai
CUST09263,Laki-laki,46+,2024-08-14,Palu
CUST09264,Laki-laki,36-45,2025-02-11,Kota Administrasi Jakarta Utara
CUST09265,Laki-laki,18-25,2024-10-19,Balikpapan
CUST09266,Laki-laki,26-35,2025-04-11,Serang
CUST09267,Perempuan,26-35,2026-02-08,Sukabumi
CUST09268,Perempuan,18-25,2024-08-28,Palopo
CUST09269,Perempuan,46+,2025-03-09,Semarang
CUST09270,Perempuan,18-25,2024-09-27,Mojokerto
CUST09271,Laki-laki,26-35,2025-05-29,Tanjungpinang
CUST09272,Perempuan,36-45,2024-12-11,Pariaman
CUST09273,Perempuan,18-25,2025-04-02,Tebingtinggi
CUST09274,Laki-laki,18-25,2025-04-24,Pagaralam
CUST09275,Laki-laki,18-25,2026-04-12,Parepare
CUST09276,Perempuan,46+,2025-02-19,Surakarta
CUST09277,Perempuan,26-35,2026-04-10,Kota Administrasi Jakarta Pusat
CUST09278,Perempuan,36-45,2025-04-10,Bontang
CUST09279,Laki-laki,36-45,2025-12-13,Solok
CUST09280,Perempuan,26-35,2025-05-13,Palopo
CUST09281,Laki-laki,26-35,2026-03-07,Bandar Lampung
CUST09282,Perempuan,36-45,2024-06-20,Surabaya
CUST09283,Laki-laki,18-25,2026-01-14,Lubuklinggau
CUST09284,Laki-laki,26-35,2026-04-27,Kota Administrasi Jakarta Timur
CUST09285,Laki-laki,36-45,2024-08-03,Cimahi
CUST09286,Perempuan,46+,2025-12-16,Batam
CUST09287,Laki-laki,36-45,2025-03-18,Magelang
CUST09288,Laki-laki,18-25,2025-03-19,Lubuklinggau
CUST09289,Perempuan,46+,2024-08-29,Gorontalo
CUST09290,Perempuan,18-25,2025-12-28,Bengkulu
CUST09291,Perempuan,26-35,2025-09-11,Langsa
CUST09292,Perempuan,36-45,2024-12-18,Pematangsiantar
CUST09293,Perempuan,46+,2026-04-09,Pasuruan
CUST09294,Laki-laki,46+,2026-05-30,Subulussalam
CUST09295,Laki-laki,18-25,2024-10-03,Pangkalpinang
CUST09296,Perempuan,26-35,2025-09-30,Medan
CUST09297,Perempuan,18-25,2025-12-06,Blitar
CUST09298,Laki-laki,18-25,2024-10-14,Pekalongan
CUST09299,Laki-laki,46+,2025-08-14,Tarakan
CUST09300,Perempuan,18-25,2026-03-14,Sorong
CUST09301,Laki-laki,26-35,2026-02-26,Tanjungpinang
CUST09302,Perempuan,36-45,2026-06-10,Semarang
CUST09303,Perempuan,36-45,2024-11-04,Langsa
CUST09304,Laki-laki,18-25,2026-02-06,Payakumbuh
CUST09305,Perempuan,46+,2024-07-19,Payakumbuh
CUST09306,Perempuan,36-45,2025-10-22,Samarinda
CUST09307,Perempuan,46+,2024-11-18,Kendari
CUST09308,Perempuan,26-35,2026-01-26,Semarang
CUST09309,Perempuan,18-25,2025-09-17,Manado
CUST09310,Perempuan,26-35,2024-08-30,Solok
CUST09311,Laki-laki,18-25,2024-07-31,Makassar
CUST09312,Perempuan,36-45,2025-06-14,Palangkaraya
CUST09313,Perempuan,46+,2025-01-16,Pematangsiantar
CUST09314,Laki-laki,36-45,2025-03-03,Ternate
CUST09315,Perempuan,26-35,2025-07-31,Ternate
CUST09316,Laki-laki,26-35,2025-08-11,Madiun
CUST09317,Laki-laki,18-25,2025-12-12,Tarakan
CUST09318,Perempuan,26-35,2026-02-23,Bogor
CUST09319,Laki-laki,36-45,2025-04-27,Banda Aceh
CUST09320,Perempuan,18-25,2026-01-12,Mojokerto
CUST09321,Perempuan,46+,2025-06-26,Surabaya
CUST09322,Perempuan,46+,2025-09-13,Mataram
CUST09323,Perempuan,36-45,2025-02-09,Subulussalam
CUST09324,Perempuan,36-45,2026-04-27,Ternate
CUST09325,Perempuan,26-35,2025-04-02,Sawahlunto
CUST09326,Perempuan,36-45,2025-04-17,Sabang
CUST09327,Laki-laki,18-25,2024-10-18,Denpasar
CUST09328,Laki-laki,26-35,2026-04-23,Balikpapan
CUST09329,Perempuan,18-25,2026-01-24,Prabumulih
CUST09330,Perempuan,18-25,2024-11-06,Tegal
CUST09331,Laki-laki,36-45,2026-02-25,Cimahi
CUST09332,Perempuan,36-45,2026-01-25,Palopo
CUST09333,Laki-laki,18-25,2024-10-28,Depok
CUST09334,Laki-laki,18-25,2025-09-17,Denpasar
CUST09335,Laki-laki,26-35,2025-10-31,Bekasi
CUST09336,Perempuan,26-35,2026-04-09,Cilegon
CUST09337,Laki-laki,18-25,2024-12-24,Bekasi
CUST09338,Laki-laki,46+,2025-01-26,Serang
CUST09339,Laki-laki,26-35,2024-06-25,Sibolga
CUST09340,Perempuan,46+,2025-12-14,Mojokerto
CUST09341,Laki-laki,46+,2024-10-27,Banjar
CUST09342,Perempuan,26-35,2024-09-29,Padang
CUST09343,Perempuan,36-45,2024-06-17,Makassar
CUST09344,Perempuan,36-45,2026-03-22,Sawahlunto
CUST09345,Laki-laki,26-35,2025-03-24,Depok
CUST09346,Perempuan,26-35,2024-11-07,Pariaman
CUST09347,Perempuan,26-35,2026-03-28,Sukabumi
CUST09348,Perempuan,18-25,2024-07-17,Tasikmalaya
CUST09349,Perempuan,18-25,2024-12-13,Banjarbaru
CUST09350,Perempuan,46+,2026-01-10,Samarinda
CUST09351,Perempuan,18-25,2024-12-04,Medan
CUST09352,Perempuan,18-25,2026-01-30,Prabumulih
CUST09353,Laki-laki,36-45,2025-10-10,Bogor
CUST09354,Laki-laki,18-25,2024-10-19,Pangkalpinang
CUST09355,Perempuan,36-45,2024-08-28,Semarang
CUST09356,Laki-laki,36-45,2024-12-06,Ambon
CUST09357,Perempuan,46+,2025-12-08,Padangpanjang
CUST09358,Perempuan,36-45,2024-07-03,Pangkalpinang
CUST09359,Perempuan,26-35,2025-06-29,Madiun
CUST09360,Perempuan,26-35,2025-04-23,Padang
CUST09361,Perempuan,26-35,2024-09-11,Banjarmasin
CUST09362,Perempuan,46+,2025-06-20,Blitar
CUST09363,Perempuan,18-25,2025-04-16,Jambi
CUST09364,Perempuan,18-25,2025-12-19,Balikpapan
CUST09365,Perempuan,36-45,2024-06-28,Kediri
CUST09366,Perempuan,26-35,2025-06-11,Dumai
CUST09367,Perempuan,36-45,2025-01-13,Bekasi
CUST09368,Laki-laki,18-25,2025-05-28,Surabaya
CUST09369,Perempuan,26-35,2024-10-08,Tangerang
CUST09370,Perempuan,18-25,2024-09-11,Dumai
CUST09371,Laki-laki,26-35,2026-02-17,Binjai
CUST09372,Laki-laki,26-35,2024-06-26,Kotamobagu
CUST09373,Perempuan,18-25,2025-12-22,Palangkaraya
CUST09374,Laki-laki,26-35,2025-02-04,Dumai
CUST09375,Laki-laki,26-35,2025-12-24,Meulaboh
CUST09376,Perempuan,18-25,2025-03-15,Kotamobagu
CUST09377,Perempuan,26-35,2024-09-15,Palu
CUST09378,Laki-laki,36-45,2024-11-02,Parepare
CUST09379,Laki-laki,46+,2025-11-10,Pematangsiantar
CUST09380,Perempuan,26-35,2025-03-25,Padangpanjang
CUST09381,Laki-laki,36-45,2026-05-12,Pagaralam
CUST09382,Perempuan,26-35,2026-04-14,Kota Administrasi Jakarta Pusat
CUST09383,Perempuan,18-25,2025-09-29,Denpasar
CUST09384,Perempuan,26-35,2025-10-14,Kota Administrasi Jakarta Utara
CUST09385,Laki-laki,46+,2026-05-01,Batam
CUST09386,Perempuan,46+,2025-06-19,Makassar
CUST09387,Perempuan,26-35,2024-09-02,Banda Aceh
CUST09388,Perempuan,26-35,2024-08-23,Solok
CUST09389,Perempuan,18-25,2025-10-08,Cirebon
CUST09390,Laki-laki,18-25,2025-02-04,Banjar
CUST09391,Perempuan,46+,2026-05-03,Kotamobagu
CUST09392,Perempuan,26-35,2025-08-26,Palembang
CUST09393,Perempuan,36-45,2025-02-10,Yogyakarta
CUST09394,Perempuan,46+,2025-01-10,Yogyakarta
CUST09395,Laki-laki,46+,2025-07-07,Jayapura
CUST09396,Perempuan,46+,2025-01-11,Pagaralam
CUST09397,Laki-laki,46+,2026-02-13,Dumai
CUST09398,Laki-laki,36-45,2025-07-11,Samarinda
CUST09399,Laki-laki,26-35,2025-01-01,Salatiga
CUST09400,Perempuan,26-35,2026-01-28,Cimahi
CUST09401,Perempuan,46+,2025-03-22,Yogyakarta
CUST09402,Perempuan,36-45,2025-08-07,Tidore Kepulauan
CUST09403,Perempuan,18-25,2024-12-09,Tual
CUST09404,Laki-laki,18-25,2024-10-01,Sabang
CUST09405,Laki-laki,18-25,2025-09-01,Kota Administrasi Jakarta Utara
CUST09406,Perempuan,46+,2025-12-03,Cirebon
CUST09407,Laki-laki,18-25,2024-11-17,Tegal
CUST09408,Laki-laki,36-45,2025-12-17,Batam
CUST09409,Laki-laki,18-25,2025-11-06,Ambon
CUST09410,Laki-laki,46+,2025-09-22,Kediri
CUST09411,Perempuan,36-45,2025-07-11,Sorong
CUST09412,Laki-laki,36-45,2026-05-05,Pariaman
CUST09413,Perempuan,36-45,2026-01-14,Cirebon
CUST09414,Perempuan,46+,2024-08-26,Tebingtinggi
CUST09415,Perempuan,46+,2025-01-19,Madiun
CUST09416,Laki-laki,36-45,2026-02-13,Bandung
CUST09417,Perempuan,36-45,2025-09-11,Pariaman
CUST09418,Perempuan,26-35,2025-08-05,Kota Administrasi Jakarta Selatan
CUST09419,Laki-laki,18-25,2025-11-20,Banjarbaru
CUST09420,Laki-laki,26-35,2025-02-08,Sukabumi
CUST09421,Laki-laki,46+,2025-10-23,Ternate
CUST09422,Perempuan,18-25,2024-08-28,Jayapura
CUST09423,Laki-laki,36-45,2025-06-05,Kota Administrasi Jakarta Utara
CUST09424,Laki-laki,46+,2024-11-28,Banjarbaru
CUST09425,Laki-laki,46+,2025-04-20,Bau-Bau
CUST09426,Laki-laki,36-45,2025-08-12,Sungai Penuh
CUST09427,Perempuan,36-45,2026-04-12,Padangpanjang
CUST09428,Perempuan,18-25,2025-01-02,Pangkalpinang
CUST09429,Perempuan,26-35,2024-09-27,Tomohon
CUST09430,Perempuan,46+,2024-12-15,Purwokerto
CUST09431,Laki-laki,46+,2026-06-05,Medan
CUST09432,Laki-laki,18-25,2025-11-10,Tanjungbalai
CUST09433,Laki-laki,26-35,2024-08-23,Pematangsiantar
CUST09434,Laki-laki,26-35,2026-01-17,Banjarmasin
CUST09435,Perempuan,46+,2024-10-10,Parepare
CUST09436,Laki-laki,18-25,2026-06-05,Samarinda
CUST09437,Laki-laki,46+,2026-04-02,Balikpapan
CUST09438,Laki-laki,36-45,2026-02-10,Magelang
CUST09439,Perempuan,18-25,2024-07-18,Sungai Penuh
CUST09440,Laki-laki,26-35,2026-04-01,Banda Aceh
CUST09441,Laki-laki,46+,2025-01-28,Mataram
CUST09442,Perempuan,18-25,2025-05-02,Bandung
CUST09443,Perempuan,36-45,2025-03-06,Kediri
CUST09444,Laki-laki,46+,2025-12-17,Palembang
CUST09445,Perempuan,26-35,2025-01-10,Semarang
CUST09446,Laki-laki,36-45,2025-07-17,Jambi
CUST09447,Laki-laki,36-45,2024-07-08,Pariaman
CUST09448,Laki-laki,46+,2025-10-30,Surakarta
CUST09449,Laki-laki,36-45,2024-11-27,Padang
CUST09450,Laki-laki,26-35,2025-06-17,Purwokerto
CUST09451,Perempuan,18-25,2026-06-11,Denpasar
CUST09452,Laki-laki,18-25,2026-01-08,Padangpanjang
CUST09453,Laki-laki,18-25,2025-05-01,Samarinda
CUST09454,Laki-laki,26-35,2025-10-28,Bau-Bau
CUST09455,Laki-laki,46+,2025-10-07,Yogyakarta
CUST09456,Perempuan,26-35,2025-07-19,Pekanbaru
CUST09457,Perempuan,36-45,2025-11-01,Magelang
CUST09458,Laki-laki,26-35,2024-12-03,Tangerang
CUST09459,Perempuan,18-25,2025-09-24,Meulaboh
CUST09460,Laki-laki,36-45,2025-06-17,Samarinda
CUST09461,Laki-laki,18-25,2025-05-05,Langsa
CUST09462,Laki-laki,36-45,2025-11-26,Tanjungpinang
CUST09463,Perempuan,18-25,2025-07-22,Padang
CUST09464,Laki-laki,36-45,2024-07-05,Subulussalam
CUST09465,Laki-laki,46+,2025-02-22,Surakarta
CUST09466,Laki-laki,46+,2025-10-24,Samarinda
CUST09467,Laki-laki,36-45,2024-10-02,Bitung
CUST09468,Perempuan,26-35,2025-12-08,Banjarmasin
CUST09469,Perempuan,46+,2025-01-06,Tual
CUST09470,Laki-laki,46+,2025-12-12,Probolinggo
CUST09471,Laki-laki,26-35,2026-04-19,Tangerang Selatan
CUST09472,Perempuan,46+,2025-12-30,Bandar Lampung
CUST09473,Laki-laki,26-35,2025-04-29,Gorontalo
CUST09474,Perempuan,26-35,2024-11-09,Tual
CUST09475,Laki-laki,18-25,2024-08-10,Tual
CUST09476,Perempuan,36-45,2024-10-21,Parepare
CUST09477,Perempuan,18-25,2024-11-12,Yogyakarta
CUST09478,Perempuan,36-45,2026-03-29,Tangerang
CUST09479,Perempuan,26-35,2025-08-31,Pasuruan
CUST09480,Laki-laki,36-45,2024-09-18,Padangpanjang
CUST09481,Perempuan,46+,2025-12-14,Yogyakarta
CUST09482,Laki-laki,46+,2024-11-22,Pangkalpinang
CUST09483,Laki-laki,36-45,2024-08-26,Ternate
CUST09484,Perempuan,18-25,2026-05-28,Prabumulih
CUST09485,Laki-laki,46+,2025-05-11,Singkawang
CUST09486,Perempuan,26-35,2025-01-06,Padang
CUST09487,Perempuan,18-25,2025-09-16,Cilegon
CUST09488,Laki-laki,26-35,2024-07-10,Tasikmalaya
CUST09489,Perempuan,46+,2025-12-09,Bekasi
CUST09490,Laki-laki,46+,2025-11-22,Madiun
CUST09491,Laki-laki,26-35,2025-02-06,Binjai
CUST09492,Perempuan,46+,2025-01-22,Salatiga
CUST09493,Perempuan,18-25,2025-10-04,Palopo
CUST09494,Perempuan,26-35,2024-07-07,Serang
CUST09495,Perempuan,26-35,2024-11-03,Singkawang
CUST09496,Laki-laki,46+,2025-03-08,Depok
CUST09497,Perempuan,36-45,2024-06-18,Kota Administrasi Jakarta Selatan
CUST09498,Laki-laki,46+,2025-10-01,Kota Administrasi Jakarta Timur
CUST09499,Laki-laki,18-25,2024-12-14,Surabaya
CUST09500,Laki-laki,46+,2026-02-17,Banjarbaru
CUST09501,Perempuan,26-35,2025-12-10,Tanjungbalai
CUST09502,Perempuan,36-45,2025-11-25,Pangkalpinang
CUST09503,Perempuan,36-45,2025-12-31,Padangpanjang
CUST09504,Laki-laki,36-45,2025-06-18,Meulaboh
CUST09505,Laki-laki,18-25,2025-10-22,Sukabumi
CUST09506,Laki-laki,18-25,2025-01-13,Tangerang
CUST09507,Laki-laki,46+,2024-09-13,Sukabumi
CUST09508,Laki-laki,18-25,2025-07-31,Bima
CUST09509,Perempuan,26-35,2025-04-07,Yogyakarta
CUST09510,Perempuan,46+,2025-09-11,Sungai Penuh
CUST09511,Laki-laki,46+,2025-07-18,Magelang
CUST09512,Laki-laki,18-25,2024-06-18,Palopo
CUST09513,Perempuan,36-45,2026-02-08,Binjai
CUST09514,Perempuan,46+,2025-06-21,Serang
CUST09515,Laki-laki,26-35,2024-10-16,Sorong
CUST09516,Perempuan,26-35,2025-02-03,Palopo
CUST09517,Laki-laki,46+,2026-05-01,Gorontalo
CUST09518,Laki-laki,46+,2024-07-11,Pematangsiantar
CUST09519,Perempuan,46+,2025-10-27,Palu
CUST09520,Perempuan,18-25,2024-10-18,Bukittinggi
CUST09521,Laki-laki,26-35,2025-08-01,Serang
CUST09522,Perempuan,46+,2025-05-05,Sungai Penuh
CUST09523,Perempuan,36-45,2026-04-23,Langsa
CUST09524,Perempuan,18-25,2026-04-02,Tomohon
CUST09525,Laki-laki,36-45,2024-07-10,Palu
CUST09526,Perempuan,26-35,2024-10-09,Salatiga
CUST09527,Perempuan,18-25,2024-11-06,Sorong
CUST09528,Perempuan,36-45,2025-01-17,Batu
CUST09529,Laki-laki,18-25,2025-05-08,Pagaralam
CUST09530,Perempuan,18-25,2026-06-14,Tebingtinggi
CUST09531,Laki-laki,46+,2025-09-25,Binjai
CUST09532,Perempuan,18-25,2024-10-28,Padang
CUST09533,Laki-laki,36-45,2025-04-17,Balikpapan
CUST09534,Laki-laki,18-25,2025-08-23,Pontianak
CUST09535,Perempuan,26-35,2024-09-28,Kendari
CUST09536,Perempuan,46+,2025-10-15,Palu
CUST09537,Perempuan,26-35,2024-07-31,Padangpanjang
CUST09538,Laki-laki,26-35,2024-11-15,Kota Administrasi Jakarta Utara
CUST09539,Perempuan,36-45,2025-01-12,Madiun
CUST09540,Perempuan,46+,2026-03-02,Sorong
CUST09541,Laki-laki,36-45,2025-11-04,Sukabumi
CUST09542,Laki-laki,26-35,2024-12-30,Pematangsiantar
CUST09543,Laki-laki,18-25,2025-11-27,Ambon
CUST09544,Laki-laki,36-45,2024-08-19,Balikpapan
CUST09545,Laki-laki,46+,2026-01-09,Surabaya
CUST09546,Laki-laki,26-35,2026-06-09,Langsa
CUST09547,Laki-laki,46+,2024-10-21,Jambi
CUST09548,Laki-laki,36-45,2025-04-29,Sawahlunto
CUST09549,Perempuan,26-35,2024-08-25,Jayapura
CUST09550,Laki-laki,36-45,2025-06-08,Kota Administrasi Jakarta Barat
CUST09551,Laki-laki,26-35,2024-06-23,Purwokerto
CUST09552,Laki-laki,18-25,2026-05-24,Salatiga
CUST09553,Laki-laki,36-45,2025-06-02,Tarakan
CUST09554,Perempuan,46+,2024-08-01,Singkawang
CUST09555,Laki-laki,18-25,2025-04-05,Ambon
CUST09556,Perempuan,36-45,2024-09-27,Kota Administrasi Jakarta Barat
CUST09557,Laki-laki,18-25,2025-04-04,Bogor
CUST09558,Laki-laki,46+,2026-04-03,Banjar
CUST09559,Perempuan,18-25,2025-03-17,Jayapura
CUST09560,Laki-laki,26-35,2025-12-11,Kota Administrasi Jakarta Pusat
CUST09561,Perempuan,36-45,2025-07-11,Tanjungpinang
CUST09562,Laki-laki,18-25,2025-08-04,Medan
CUST09563,Laki-laki,46+,2026-02-11,Tangerang
CUST09564,Perempuan,18-25,2024-06-29,Padang
CUST09565,Laki-laki,26-35,2026-03-21,Pekanbaru
CUST09566,Perempuan,46+,2025-08-15,Bitung
CUST09567,Laki-laki,46+,2025-03-17,Payakumbuh
CUST09568,Laki-laki,46+,2024-12-27,Kota Administrasi Jakarta Utara
CUST09569,Perempuan,46+,2026-06-16,Padang Sidempuan
CUST09570,Laki-laki,26-35,2024-10-13,Blitar
CUST09571,Laki-laki,36-45,2024-12-13,Bandung
CUST09572,Laki-laki,46+,2025-04-09,Pangkalpinang
CUST09573,Perempuan,26-35,2025-09-29,Kotamobagu
CUST09574,Laki-laki,36-45,2025-09-14,Blitar
CUST09575,Laki-laki,36-45,2025-04-02,Salatiga
CUST09576,Laki-laki,26-35,2026-03-13,Surakarta
CUST09577,Perempuan,18-25,2026-05-20,Bogor
CUST09578,Laki-laki,18-25,2026-01-19,Kota Administrasi Jakarta Pusat
CUST09579,Laki-laki,26-35,2024-11-08,Denpasar
CUST09580,Perempuan,46+,2024-10-23,Salatiga
CUST09581,Perempuan,18-25,2025-10-11,Balikpapan
CUST09582,Perempuan,26-35,2025-04-11,Mojokerto
CUST09583,Laki-laki,46+,2024-08-12,Salatiga
CUST09584,Laki-laki,26-35,2025-09-13,Cirebon
CUST09585,Perempuan,46+,2024-11-10,Metro
CUST09586,Laki-laki,18-25,2025-10-04,Semarang
CUST09587,Laki-laki,18-25,2026-05-28,Jambi
CUST09588,Laki-laki,36-45,2025-02-21,Padang
CUST09589,Laki-laki,46+,2025-08-22,Tarakan
CUST09590,Perempuan,26-35,2025-07-06,Singkawang
CUST09591,Laki-laki,36-45,2024-11-09,Palangkaraya
CUST09592,Laki-laki,46+,2024-06-26,Bitung
CUST09593,Laki-laki,18-25,2024-12-25,Pontianak
CUST09594,Perempuan,46+,2024-10-29,Pematangsiantar
CUST09595,Perempuan,36-45,2026-04-21,Sibolga
CUST09596,Laki-laki,18-25,2026-03-10,Bengkulu
CUST09597,Laki-laki,46+,2025-02-26,Sibolga
CUST09598,Laki-laki,26-35,2025-08-01,Tual
CUST09599,Perempuan,18-25,2025-09-25,Bukittinggi
CUST09600,Laki-laki,46+,2024-09-22,Balikpapan
CUST09601,Laki-laki,46+,2024-07-09,Batam
CUST09602,Laki-laki,26-35,2025-01-27,Banjarbaru
CUST09603,Laki-laki,46+,2025-11-05,Padang
CUST09604,Laki-laki,26-35,2024-10-09,Lhokseumawe
CUST09605,Laki-laki,18-25,2026-01-13,Bandung
CUST09606,Laki-laki,46+,2026-04-24,Tegal
CUST09607,Laki-laki,46+,2026-06-13,Jambi
CUST09608,Laki-laki,46+,2025-02-05,Banda Aceh
CUST09609,Perempuan,26-35,2024-11-22,Madiun
CUST09610,Laki-laki,18-25,2024-10-13,Blitar
CUST09611,Laki-laki,36-45,2024-07-12,Sukabumi
CUST09612,Perempuan,36-45,2025-02-26,Langsa
CUST09613,Perempuan,18-25,2024-10-19,Kupang
CUST09614,Perempuan,18-25,2026-05-23,Magelang
CUST09615,Laki-laki,18-25,2025-10-12,Banjarmasin
CUST09616,Perempuan,18-25,2025-07-24,Kediri
CUST09617,Perempuan,36-45,2025-03-05,Bandar Lampung
CUST09618,Perempuan,26-35,2025-09-02,Pagaralam
CUST09619,Perempuan,18-25,2025-05-15,Solok
CUST09620,Laki-laki,26-35,2025-01-05,Blitar
CUST09621,Perempuan,36-45,2026-05-28,Sungai Penuh
CUST09622,Laki-laki,26-35,2026-04-13,Padang
CUST09623,Perempuan,26-35,2025-08-05,Ambon
CUST09624,Laki-laki,46+,2024-08-22,Surabaya
CUST09625,Laki-laki,26-35,2025-03-27,Sorong
CUST09626,Perempuan,26-35,2026-06-13,Palopo
CUST09627,Laki-laki,36-45,2025-10-08,Padang Sidempuan
CUST09628,Laki-laki,26-35,2024-09-03,Samarinda
CUST09629,Laki-laki,36-45,2025-03-02,Bukittinggi
CUST09630,Perempuan,46+,2026-01-26,Ambon
CUST09631,Perempuan,26-35,2025-02-12,Lhokseumawe
CUST09632,Perempuan,18-25,2025-07-03,Bitung
CUST09633,Laki-laki,26-35,2025-12-21,Lubuklinggau
CUST09634,Perempuan,36-45,2024-12-09,Surabaya
CUST09635,Perempuan,18-25,2024-11-14,Surabaya
CUST09636,Laki-laki,26-35,2025-10-10,Padang
CUST09637,Perempuan,46+,2024-08-31,Banjarbaru
CUST09638,Laki-laki,46+,2025-07-07,Payakumbuh
CUST09639,Perempuan,18-25,2024-11-16,Batu
CUST09640,Laki-laki,36-45,2025-07-07,Banjarmasin
CUST09641,Perempuan,36-45,2024-12-09,Bekasi
CUST09642,Perempuan,18-25,2026-01-26,Banjar
CUST09643,Perempuan,18-25,2024-10-08,Solok
CUST09644,Laki-laki,18-25,2026-01-16,Semarang
CUST09645,Laki-laki,18-25,2024-11-18,Depok
CUST09646,Perempuan,18-25,2024-11-27,Banjar
CUST09647,Laki-laki,46+,2024-11-11,Tegal
CUST09648,Perempuan,36-45,2024-11-06,Lhokseumawe
CUST09649,Perempuan,36-45,2025-01-16,Kotamobagu
CUST09650,Perempuan,46+,2025-08-18,Kota Administrasi Jakarta Timur
CUST09651,Perempuan,26-35,2025-07-05,Bandar Lampung
CUST09652,Laki-laki,46+,2025-05-27,Blitar
CUST09653,Perempuan,18-25,2026-02-08,Lubuklinggau
CUST09654,Laki-laki,36-45,2024-08-07,Tanjungbalai
CUST09655,Perempuan,46+,2026-03-29,Padang Sidempuan
CUST09656,Perempuan,18-25,2025-02-21,Tomohon
CUST09657,Laki-laki,46+,2025-10-02,Parepare
CUST09658,Laki-laki,18-25,2025-10-19,Tanjungbalai
CUST09659,Laki-laki,46+,2025-08-23,Bekasi
CUST09660,Perempuan,26-35,2025-06-27,Surabaya
CUST09661,Laki-laki,46+,2024-10-24,Bau-Bau
CUST09662,Perempuan,18-25,2025-01-11,Meulaboh
CUST09663,Laki-laki,46+,2024-11-13,Bandung
CUST09664,Laki-laki,46+,2025-09-29,Sabang
CUST09665,Laki-laki,26-35,2026-02-24,Pekanbaru
CUST09666,Perempuan,26-35,2024-06-18,Malang
CUST09667,Perempuan,36-45,2025-08-14,Tegal
CUST09668,Perempuan,36-45,2026-01-10,Madiun
CUST09669,Perempuan,18-25,2026-05-13,Kota Administrasi Jakarta Selatan
CUST09670,Laki-laki,18-25,2025-01-13,Surakarta
CUST09671,Laki-laki,46+,2025-03-28,Sibolga
CUST09672,Perempuan,36-45,2025-11-16,Mojokerto
CUST09673,Perempuan,26-35,2024-07-23,Parepare
CUST09674,Laki-laki,18-25,2024-06-19,Kotamobagu
CUST09675,Laki-laki,18-25,2024-06-25,Balikpapan
CUST09676,Laki-laki,26-35,2025-12-25,Lubuklinggau
CUST09677,Perempuan,26-35,2026-05-11,Bitung
CUST09678,Laki-laki,36-45,2025-08-10,Banda Aceh
CUST09679,Perempuan,18-25,2026-01-29,Sibolga
CUST09680,Laki-laki,26-35,2026-06-04,Cirebon
CUST09681,Laki-laki,18-25,2024-08-19,Tangerang Selatan
CUST09682,Laki-laki,18-25,2024-11-26,Mojokerto
CUST09683,Perempuan,26-35,2026-02-04,Yogyakarta
CUST09684,Perempuan,46+,2026-06-16,Kendari
CUST09685,Perempuan,26-35,2025-07-21,Probolinggo
CUST09686,Laki-laki,18-25,2025-08-21,Tangerang Selatan
CUST09687,Laki-laki,18-25,2025-01-19,Surabaya
CUST09688,Laki-laki,36-45,2025-05-28,Bukittinggi
CUST09689,Laki-laki,46+,2025-04-17,Cilegon
CUST09690,Laki-laki,18-25,2025-10-02,Bekasi
CUST09691,Laki-laki,46+,2026-05-18,Kotamobagu
CUST09692,Laki-laki,26-35,2025-12-06,Tarakan
CUST09693,Laki-laki,46+,2025-09-26,Gorontalo
CUST09694,Laki-laki,46+,2025-12-30,Makassar
CUST09695,Perempuan,18-25,2025-12-28,Blitar
CUST09696,Perempuan,18-25,2024-11-19,Depok
CUST09697,Perempuan,36-45,2025-09-29,Langsa
CUST09698,Laki-laki,46+,2025-01-07,Pekalongan
CUST09699,Perempuan,36-45,2026-05-23,Tual
CUST09700,Perempuan,26-35,2026-02-04,Pasuruan
CUST09701,Laki-laki,18-25,2024-07-20,Banjar
CUST09702,Laki-laki,36-45,2025-09-23,Banjar
CUST09703,Laki-laki,26-35,2025-11-26,Serang
CUST09704,Perempuan,18-25,2025-12-12,Probolinggo
CUST09705,Laki-laki,26-35,2026-03-30,Jayapura
CUST09706,Perempuan,18-25,2024-08-17,Dumai
CUST09707,Laki-laki,18-25,2025-11-27,Meulaboh
CUST09708,Perempuan,18-25,2025-04-07,Bengkulu
CUST09709,Perempuan,36-45,2025-03-04,Purwokerto
CUST09710,Perempuan,26-35,2025-03-06,Makassar
CUST09711,Perempuan,26-35,2024-10-21,Kendari
CUST09712,Laki-laki,26-35,2024-11-08,Binjai
CUST09713,Perempuan,18-25,2025-09-21,Bandung
CUST09714,Laki-laki,36-45,2025-02-01,Tangerang Selatan
CUST09715,Laki-laki,36-45,2025-11-21,Bontang
CUST09716,Laki-laki,36-45,2024-07-01,Jayapura
CUST09717,Perempuan,46+,2025-09-26,Tangerang
CUST09718,Laki-laki,46+,2024-06-22,Pariaman
CUST09719,Perempuan,46+,2025-01-14,Tasikmalaya
CUST09720,Perempuan,36-45,2025-01-19,Pariaman
CUST09721,Perempuan,46+,2026-01-02,Prabumulih
CUST09722,Perempuan,46+,2025-11-26,Subulussalam
CUST09723,Laki-laki,18-25,2026-05-13,Bau-Bau
CUST09724,Laki-laki,18-25,2025-05-27,Kupang
CUST09725,Laki-laki,36-45,2025-04-16,Solok
CUST09726,Laki-laki,26-35,2025-09-04,Tegal
CUST09727,Laki-laki,26-35,2024-12-23,Padangpanjang
CUST09728,Laki-laki,26-35,2026-04-28,Meulaboh
CUST09729,Perempuan,36-45,2025-04-30,Padang Sidempuan
CUST09730,Laki-laki,26-35,2024-11-03,Madiun
CUST09731,Perempuan,26-35,2025-12-15,Ambon
CUST09732,Laki-laki,36-45,2025-03-26,Balikpapan
CUST09733,Laki-laki,46+,2024-10-02,Batu
CUST09734,Perempuan,36-45,2026-01-12,Banda Aceh
CUST09735,Laki-laki,46+,2024-09-25,Pasuruan
CUST09736,Laki-laki,36-45,2026-03-10,Ambon
CUST09737,Laki-laki,46+,2024-12-01,Pematangsiantar
CUST09738,Perempuan,26-35,2025-04-24,Magelang
CUST09739,Laki-laki,36-45,2026-06-07,Mojokerto
CUST09740,Perempuan,18-25,2024-12-17,Mojokerto
CUST09741,Laki-laki,36-45,2025-04-20,Palangkaraya
CUST09742,Laki-laki,26-35,2026-03-23,Medan
CUST09743,Laki-laki,26-35,2024-07-21,Tegal
CUST09744,Perempuan,18-25,2025-08-03,Sukabumi
CUST09745,Laki-laki,46+,2025-10-21,Kota Administrasi Jakarta Timur
CUST09746,Laki-laki,26-35,2026-03-29,Solok
CUST09747,Perempuan,36-45,2025-08-14,Balikpapan
CUST09748,Laki-laki,36-45,2026-04-15,Semarang
CUST09749,Perempuan,18-25,2024-07-21,Cimahi
CUST09750,Laki-laki,18-25,2024-08-01,Subulussalam
CUST09751,Perempuan,26-35,2024-07-09,Mataram
CUST09752,Laki-laki,18-25,2024-09-30,Sibolga
CUST09753,Perempuan,46+,2025-01-06,Cilegon
CUST09754,Perempuan,18-25,2025-12-03,Yogyakarta
CUST09755,Laki-laki,18-25,2025-06-09,Salatiga
CUST09756,Laki-laki,26-35,2025-06-15,Kediri
CUST09757,Laki-laki,46+,2026-04-14,Samarinda
CUST09758,Laki-laki,18-25,2025-11-03,Mojokerto
CUST09759,Laki-laki,26-35,2024-07-19,Solok
CUST09760,Laki-laki,26-35,2025-12-25,Banjar
CUST09761,Perempuan,18-25,2024-09-28,Malang
CUST09762,Perempuan,18-25,2026-05-30,Kupang
CUST09763,Laki-laki,18-25,2025-11-12,Kota Administrasi Jakarta Pusat
CUST09764,Perempuan,36-45,2026-03-09,Sorong
CUST09765,Laki-laki,46+,2025-09-18,Banjar
CUST09766,Perempuan,46+,2025-02-19,Tidore Kepulauan
CUST09767,Perempuan,26-35,2025-08-23,Tanjungbalai
CUST09768,Perempuan,36-45,2025-01-24,Jayapura
CUST09769,Perempuan,18-25,2025-07-21,Bitung
CUST09770,Perempuan,26-35,2025-08-23,Sorong
CUST09771,Laki-laki,46+,2025-08-26,Tasikmalaya
CUST09772,Perempuan,26-35,2025-08-16,Malang
CUST09773,Perempuan,46+,2025-10-18,Pontianak
CUST09774,Laki-laki,18-25,2024-11-28,Kotamobagu
CUST09775,Laki-laki,36-45,2026-01-29,Mojokerto
CUST09776,Laki-laki,18-25,2025-04-28,Cimahi
CUST09777,Perempuan,46+,2025-09-23,Bukittinggi
CUST09778,Laki-laki,36-45,2024-09-20,Singkawang
CUST09779,Perempuan,26-35,2025-07-06,Lubuklinggau
CUST09780,Perempuan,26-35,2025-12-12,Metro
CUST09781,Perempuan,46+,2024-06-26,Padang Sidempuan
CUST09782,Laki-laki,46+,2024-09-04,Bogor
CUST09783,Perempuan,26-35,2025-02-12,Bandar Lampung
CUST09784,Laki-laki,36-45,2025-05-30,Kupang
CUST09785,Laki-laki,26-35,2025-05-31,Tomohon
CUST09786,Perempuan,26-35,2025-05-10,Banda Aceh
CUST09787,Perempuan,46+,2024-09-26,Manado
CUST09788,Laki-laki,46+,2026-02-28,Mataram
CUST09789,Perempuan,46+,2025-07-13,Bandar Lampung
CUST09790,Perempuan,46+,2024-08-11,Dumai
CUST09791,Laki-laki,26-35,2025-11-27,Batam
CUST09792,Perempuan,18-25,2025-05-25,Tangerang
CUST09793,Perempuan,46+,2026-01-01,Pagaralam
CUST09794,Perempuan,36-45,2025-07-08,Lubuklinggau
CUST09795,Perempuan,46+,2025-05-11,Malang
CUST09796,Perempuan,18-25,2025-07-30,Samarinda
CUST09797,Laki-laki,18-25,2024-08-04,Blitar
CUST09798,Laki-laki,36-45,2024-11-03,Langsa
CUST09799,Laki-laki,18-25,2024-08-14,Kota Administrasi Jakarta Barat
CUST09800,Perempuan,18-25,2025-09-18,Lhokseumawe
CUST09801,Perempuan,46+,2025-05-26,Banjarmasin
CUST09802,Perempuan,26-35,2025-12-20,Kota Administrasi Jakarta Selatan
CUST09803,Laki-laki,26-35,2026-01-06,Jambi
CUST09804,Perempuan,36-45,2024-08-31,Tanjungbalai
CUST09805,Laki-laki,36-45,2026-06-16,Sawahlunto
CUST09806,Laki-laki,36-45,2024-07-29,Tebingtinggi
CUST09807,Perempuan,46+,2025-06-09,Samarinda
CUST09808,Laki-laki,18-25,2026-06-12,Tual
CUST09809,Laki-laki,18-25,2025-10-29,Palangkaraya
CUST09810,Perempuan,46+,2026-01-15,Tasikmalaya
CUST09811,Perempuan,36-45,2025-04-27,Pagaralam
CUST09812,Laki-laki,36-45,2025-02-28,Bitung
CUST09813,Perempuan,26-35,2025-08-21,Depok
CUST09814,Laki-laki,46+,2026-05-02,Tasikmalaya
CUST09815,Perempuan,36-45,2025-10-01,Kota Administrasi Jakarta Selatan
CUST09816,Laki-laki,18-25,2025-10-17,Mojokerto
CUST09817,Laki-laki,46+,2025-08-15,Medan
CUST09818,Laki-laki,18-25,2025-12-02,Banjarbaru
CUST09819,Laki-laki,46+,2026-02-06,Kota Administrasi Jakarta Barat
CUST09820,Laki-laki,18-25,2026-01-17,Parepare
CUST09821,Perempuan,26-35,2026-03-01,Probolinggo
CUST09822,Perempuan,26-35,2025-01-09,Ambon
CUST09823,Perempuan,36-45,2026-03-04,Salatiga
CUST09824,Laki-laki,18-25,2024-11-08,Bandar Lampung
CUST09825,Perempuan,46+,2025-09-28,Palangkaraya
CUST09826,Laki-laki,46+,2025-07-01,Jambi
CUST09827,Perempuan,36-45,2024-11-11,Tanjungbalai
CUST09828,Laki-laki,36-45,2025-12-17,Jambi
CUST09829,Laki-laki,18-25,2026-02-17,Gorontalo
CUST09830,Laki-laki,26-35,2025-08-30,Kupang
CUST09831,Laki-laki,26-35,2025-01-04,Denpasar
CUST09832,Perempuan,36-45,2026-04-22,Madiun
CUST09833,Laki-laki,36-45,2024-12-20,Mojokerto
CUST09834,Laki-laki,26-35,2026-06-13,Metro
CUST09835,Laki-laki,18-25,2025-10-09,Kota Administrasi Jakarta Selatan
CUST09836,Laki-laki,46+,2024-10-23,Parepare
CUST09837,Laki-laki,36-45,2026-05-31,Solok
CUST09838,Perempuan,18-25,2026-06-11,Jayapura
CUST09839,Laki-laki,46+,2025-12-28,Sungai Penuh
CUST09840,Laki-laki,18-25,2024-10-04,Bogor
CUST09841,Perempuan,18-25,2024-12-19,Banda Aceh
CUST09842,Laki-laki,26-35,2025-09-06,Kota Administrasi Jakarta Pusat
CUST09843,Laki-laki,18-25,2025-12-03,Batam
CUST09844,Laki-laki,18-25,2025-05-11,Kediri
CUST09845,Perempuan,18-25,2026-01-29,Pematangsiantar
CUST09846,Laki-laki,18-25,2025-01-19,Bogor
CUST09847,Perempuan,18-25,2024-11-28,Payakumbuh
CUST09848,Laki-laki,26-35,2025-11-11,Sibolga
CUST09849,Perempuan,46+,2025-09-19,Sibolga
CUST09850,Laki-laki,26-35,2024-06-24,Magelang
CUST09851,Laki-laki,46+,2026-03-15,Bau-Bau
CUST09852,Laki-laki,46+,2025-02-26,Tanjungbalai
CUST09853,Perempuan,18-25,2025-03-09,Meulaboh
CUST09854,Laki-laki,46+,2024-07-31,Madiun
CUST09855,Laki-laki,36-45,2025-05-21,Dumai
CUST09856,Laki-laki,36-45,2025-08-19,Bitung
CUST09857,Laki-laki,36-45,2024-07-09,Tasikmalaya
CUST09858,Perempuan,36-45,2026-03-25,Kotamobagu
CUST09859,Perempuan,18-25,2024-12-24,Tangerang
CUST09860,Laki-laki,18-25,2024-10-15,Tual
CUST09861,Laki-laki,46+,2025-05-18,Blitar
CUST09862,Perempuan,26-35,2025-07-04,Pangkalpinang
CUST09863,Perempuan,26-35,2025-06-14,Gorontalo
CUST09864,Laki-laki,18-25,2026-06-16,Padangpanjang
CUST09865,Perempuan,26-35,2026-05-06,Mojokerto
CUST09866,Perempuan,18-25,2025-04-25,Tegal
CUST09867,Perempuan,26-35,2025-06-23,Palembang
CUST09868,Perempuan,18-25,2024-06-19,Sabang
CUST09869,Laki-laki,46+,2025-03-24,Kendari
CUST09870,Laki-laki,46+,2025-04-06,Magelang
CUST09871,Laki-laki,46+,2025-10-07,Cimahi
CUST09872,Laki-laki,18-25,2025-10-14,Bogor
CUST09873,Perempuan,26-35,2025-10-19,Bau-Bau
CUST09874,Laki-laki,26-35,2026-01-03,Subulussalam
CUST09875,Perempuan,36-45,2025-06-19,Tegal
CUST09876,Perempuan,46+,2024-07-28,Payakumbuh
CUST09877,Laki-laki,26-35,2025-01-12,Tangerang
CUST09878,Perempuan,36-45,2025-11-02,Parepare
CUST09879,Laki-laki,18-25,2026-02-14,Pekalongan
CUST09880,Perempuan,46+,2024-10-24,Palu
CUST09881,Laki-laki,18-25,2025-05-09,Medan
CUST09882,Laki-laki,36-45,2025-09-02,Palangkaraya
CUST09883,Laki-laki,36-45,2026-03-23,Balikpapan
CUST09884,Perempuan,46+,2026-04-02,Kota Administrasi Jakarta Barat
CUST09885,Laki-laki,18-25,2025-12-17,Depok
CUST09886,Laki-laki,36-45,2026-03-04,Subulussalam
CUST09887,Perempuan,26-35,2026-04-05,Kota Administrasi Jakarta Selatan
CUST09888,Laki-laki,26-35,2025-05-02,Kotamobagu
CUST09889,Perempuan,26-35,2025-09-05,Kota Administrasi Jakarta Timur
CUST09890,Laki-laki,18-25,2025-02-16,Sukabumi
CUST09891,Perempuan,18-25,2025-09-15,Bima
CUST09892,Perempuan,46+,2025-07-28,Semarang
CUST09893,Perempuan,46+,2025-12-11,Tidore Kepulauan
CUST09894,Perempuan,46+,2025-09-06,Serang
CUST09895,Perempuan,18-25,2026-02-20,Kota Administrasi Jakarta Pusat
CUST09896,Perempuan,46+,2025-09-25,Bandung
CUST09897,Perempuan,18-25,2025-09-17,Lubuklinggau
CUST09898,Perempuan,18-25,2024-06-28,Serang
CUST09899,Laki-laki,36-45,2025-12-14,Bontang
CUST09900,Laki-laki,18-25,2026-03-18,Palangkaraya
CUST09901,Perempuan,18-25,2025-02-02,Blitar
CUST09902,Laki-laki,46+,2024-09-27,Semarang
CUST09903,Perempuan,26-35,2025-01-02,Bengkulu
CUST09904,Perempuan,18-25,2024-09-26,Cilegon
CUST09905,Laki-laki,46+,2025-12-27,Surabaya
CUST09906,Laki-laki,26-35,2026-04-21,Magelang
CUST09907,Laki-laki,36-45,2025-10-08,Sabang
CUST09908,Laki-laki,36-45,2026-06-11,Kediri
CUST09909,Laki-laki,36-45,2024-12-29,Ambon
CUST09910,Laki-laki,18-25,2025-12-12,Denpasar
CUST09911,Laki-laki,26-35,2025-12-01,Palangkaraya
CUST09912,Perempuan,36-45,2026-01-13,Bogor
CUST09913,Laki-laki,26-35,2026-05-24,Semarang
CUST09914,Laki-laki,18-25,2025-08-03,Payakumbuh
CUST09915,Perempuan,18-25,2025-02-05,Subulussalam
CUST09916,Perempuan,18-25,2024-10-20,Mojokerto
CUST09917,Laki-laki,36-45,2025-12-24,Tidore Kepulauan
CUST09918,Laki-laki,18-25,2025-07-13,Batam
CUST09919,Laki-laki,18-25,2026-04-06,Blitar
CUST09920,Perempuan,18-25,2024-11-23,Pontianak
CUST09921,Perempuan,46+,2025-10-29,Banjarmasin
CUST09922,Perempuan,46+,2025-02-28,Batam
CUST09923,Perempuan,46+,2025-04-14,Meulaboh
CUST09924,Laki-laki,26-35,2025-12-10,Tegal
CUST09925,Perempuan,26-35,2024-11-19,Samarinda
CUST09926,Perempuan,18-25,2025-10-28,Padang
CUST09927,Laki-laki,18-25,2025-02-09,Tidore Kepulauan
CUST09928,Perempuan,18-25,2025-09-06,Mojokerto
CUST09929,Laki-laki,36-45,2024-07-06,Pekanbaru
CUST09930,Perempuan,46+,2025-05-15,Solok
CUST09931,Perempuan,26-35,2025-01-12,Depok
CUST09932,Perempuan,46+,2026-05-04,Ambon
CUST09933,Laki-laki,36-45,2026-04-13,Bukittinggi
CUST09934,Perempuan,26-35,2024-11-20,Bitung
CUST09935,Perempuan,36-45,2024-07-26,Samarinda
CUST09936,Laki-laki,26-35,2026-05-01,Padangpanjang
CUST09937,Laki-laki,46+,2024-08-20,Padang
CUST09938,Perempuan,36-45,2024-09-27,Bengkulu
CUST09939,Laki-laki,26-35,2025-05-08,Manado
CUST09940,Laki-laki,36-45,2026-05-17,Tegal
CUST09941,Perempuan,18-25,2025-06-01,Kota Administrasi Jakarta Utara
CUST09942,Perempuan,36-45,2025-02-28,Surakarta
CUST09943,Perempuan,26-35,2026-06-06,Madiun
CUST09944,Perempuan,18-25,2025-02-26,Payakumbuh
CUST09945,Perempuan,26-35,2025-03-17,Cirebon
CUST09946,Laki-laki,46+,2024-12-31,Palangkaraya
CUST09947,Laki-laki,26-35,2025-01-16,Ambon
CUST09948,Perempuan,36-45,2024-07-27,Pontianak
CUST09949,Perempuan,36-45,2025-05-29,Pematangsiantar
CUST09950,Perempuan,46+,2026-02-18,Pontianak
CUST09951,Perempuan,46+,2026-04-12,Kupang
CUST09952,Laki-laki,18-25,2025-11-29,Manado
CUST09953,Perempuan,18-25,2024-08-11,Metro
CUST09954,Perempuan,18-25,2025-03-18,Madiun
CUST09955,Laki-laki,46+,2024-09-07,Cirebon
CUST09956,Laki-laki,18-25,2026-05-10,Langsa
CUST09957,Perempuan,18-25,2025-01-04,Yogyakarta
CUST09958,Perempuan,46+,2025-07-19,Kupang
CUST09959,Perempuan,46+,2024-06-20,Dumai
CUST09960,Laki-laki,46+,2024-11-20,Prabumulih
CUST09961,Laki-laki,26-35,2025-05-13,Pekanbaru
CUST09962,Laki-laki,46+,2026-02-09,Lubuklinggau
CUST09963,Perempuan,36-45,2026-03-16,Banjar
CUST09964,Laki-laki,18-25,2026-01-05,Palopo
CUST09965,Laki-laki,46+,2024-07-02,Padang Sidempuan
CUST09966,Perempuan,18-25,2024-11-14,Solok
CUST09967,Perempuan,36-45,2025-02-03,Bukittinggi
CUST09968,Perempuan,26-35,2026-05-29,Pekanbaru
CUST09969,Perempuan,18-25,2025-10-29,Banjarmasin
CUST09970,Laki-laki,26-35,2024-10-29,Tanjungbalai
CUST09971,Perempuan,36-45,2025-03-02,Probolinggo
CUST09972,Perempuan,46+,2025-10-04,Bandar Lampung
CUST09973,Laki-laki,46+,2025-10-02,Tidore Kepulauan
CUST09974,Laki-laki,36-45,2024-08-09,Kota Administrasi Jakarta Timur
CUST09975,Laki-laki,46+,2025-11-17,Sawahlunto
CUST09976,Perempuan,46+,2026-02-05,Subulussalam
CUST09977,Perempuan,26-35,2024-08-07,Serang
CUST09978,Laki-laki,46+,2025-06-28,Bogor
CUST09979,Perempuan,26-35,2026-03-31,Makassar
CUST09980,Laki-laki,46+,2024-10-13,Binjai
CUST09981,Laki-laki,26-35,2024-11-26,Meulaboh
CUST09982,Perempuan,26-35,2025-10-03,Pontianak
CUST09983,Perempuan,46+,2024-06-27,Lubuklinggau
CUST09984,Perempuan,26-35,2026-05-28,Pangkalpinang
CUST09985,Perempuan,26-35,2024-11-22,Tomohon
CUST09986,Laki-laki,46+,2026-02-05,Tomohon
CUST09987,Perempuan,18-25,2025-12-05,Langsa
CUST09988,Perempuan,18-25,2025-07-17,Samarinda
CUST09989,Perempuan,46+,2025-02-22,Subulussalam
CUST09990,Laki-laki,26-35,2025-10-26,Samarinda
CUST09991,Laki-laki,36-45,2024-12-29,Makassar
CUST09992,Perempuan,26-35,2025-09-13,Bogor
CUST09993,Perempuan,18-25,2025-11-09,Ambon
CUST09994,Perempuan,18-25,2024-10-25,Kota Administrasi Jakarta Timur
CUST09995,Laki-laki,46+,2024-10-09,Kediri
CUST09996,Laki-laki,46+,2024-08-25,Pontianak
CUST09997,Laki-laki,36-45,2025-09-26,Magelang
CUST09998,Perempuan,46+,2025-07-26,Singkawang
CUST09999,Perempuan,18-25,2026-04-01,Pangkalpinang
CUST10000,Perempuan,26-35,2024-11-12,Bukittinggi
